                                                                        S0000001
,,31HOpen CASCADE IGES processor 7.8,13HFilename.iges,                  G0000001
16HOpen CASCADE 7.8,31HOpen CASCADE IGES processor 7.8,32,308,15,308,15,G0000002
,1.,2,2HMM,1,0.01,15H20260802.004107,1E-07,775.,,,11,0,                 G0000003
15H20260802.004107,;                                                    G0000004
     402       1       0       0       0       0       0       000000000D0000001
     402       0       0       6       1                               0D0000002
     402       7       0       0       0       0       0       000020000D0000003
     402       0       0       1       1                               0D0000004
     144       8       0       0       0       0       0       000020000D0000005
     144       0       0       1       0                               0D0000006
     108       9       0       0       0       0       0       000010000D0000007
     108       0       0       1       0                               0D0000008
     142      10       0       0       0       0       0       000010500D0000009
     142       0       0       1       0                               0D0000010
     102      11       0       0       0       0       0       000010000D0000011
     102       0       0       1       0                               0D0000012
     110      12       0       0       0       0       0       000010000D0000013
     110       0       0       1       0                               0D0000014
     110      13       0       0       0       0       0       000010000D0000015
     110       0       0       1       0                               0D0000016
     110      14       0       0       0       0       0       000010000D0000017
     110       0       0       1       0                               0D0000018
     110      15       0       0       0       0       0       000010000D0000019
     110       0       0       1       0                               0D0000020
     144      16       0       0       0       0       0       000020000D0000021
     144       0       0       1       0                               0D0000022
     108      17       0       0       0       0       0       000010000D0000023
     108       0       0       1       0                               0D0000024
     142      18       0       0       0       0       0       000010500D0000025
     142       0       0       1       0                               0D0000026
     102      19       0       0       0       0       0       000010000D0000027
     102       0       0       1       0                               0D0000028
     110      20       0       0       0       0       0       000010000D0000029
     110       0       0       1       0                               0D0000030
     110      21       0       0       0       0       0       000010000D0000031
     110       0       0       1       0                               0D0000032
     110      22       0       0       0       0       0       000010000D0000033
     110       0       0       1       0                               0D0000034
     110      23       0       0       0       0       0       000010000D0000035
     110       0       0       1       0                               0D0000036
     144      24       0       0       0       0       0       000020000D0000037
     144       0       0       1       0                               0D0000038
     108      25       0       0       0       0       0       000010000D0000039
     108       0       0       1       0                               0D0000040
     142      26       0       0       0       0       0       000010500D0000041
     142       0       0       1       0                               0D0000042
     102      27       0       0       0       0       0       000010000D0000043
     102       0       0       1       0                               0D0000044
     110      28       0       0       0       0       0       000010000D0000045
     110       0       0       1       0                               0D0000046
     110      29       0       0       0       0       0       000010000D0000047
     110       0       0       1       0                               0D0000048
     110      30       0       0       0       0       0       000010000D0000049
     110       0       0       1       0                               0D0000050
     110      31       0       0       0       0       0       000010000D0000051
     110       0       0       1       0                               0D0000052
     144      32       0       0       0       0       0       000020000D0000053
     144       0       0       1       0                               0D0000054
     108      33       0       0       0       0       0       000010000D0000055
     108       0       0       1       0                               0D0000056
     142      34       0       0       0       0       0       000010500D0000057
     142       0       0       1       0                               0D0000058
     102      35       0       0       0       0       0       000010000D0000059
     102       0       0       1       0                               0D0000060
     110      36       0       0       0       0       0       000010000D0000061
     110       0       0       1       0                               0D0000062
     110      37       0       0       0       0       0       000010000D0000063
     110       0       0       1       0                               0D0000064
     110      38       0       0       0       0       0       000010000D0000065
     110       0       0       1       0                               0D0000066
     110      39       0       0       0       0       0       000010000D0000067
     110       0       0       1       0                               0D0000068
     144      40       0       0       0       0       0       000020000D0000069
     144       0       0       1       0                               0D0000070
     108      41       0       0       0       0       0       000010000D0000071
     108       0       0       1       0                               0D0000072
     142      42       0       0       0       0       0       000010500D0000073
     142       0       0       1       0                               0D0000074
     102      43       0       0       0       0       0       000010000D0000075
     102       0       0       1       0                               0D0000076
     110      44       0       0       0       0       0       000010000D0000077
     110       0       0       1       0                               0D0000078
     110      45       0       0       0       0       0       000010000D0000079
     110       0       0       1       0                               0D0000080
     110      46       0       0       0       0       0       000010000D0000081
     110       0       0       1       0                               0D0000082
     110      47       0       0       0       0       0       000010000D0000083
     110       0       0       1       0                               0D0000084
     144      48       0       0       0       0       0       000020000D0000085
     144       0       0       1       0                               0D0000086
     108      49       0       0       0       0       0       000010000D0000087
     108       0       0       1       0                               0D0000088
     142      50       0       0       0       0       0       000010500D0000089
     142       0       0       1       0                               0D0000090
     102      51       0       0       0       0       0       000010000D0000091
     102       0       0       1       0                               0D0000092
     110      52       0       0       0       0       0       000010000D0000093
     110       0       0       1       0                               0D0000094
     110      53       0       0       0       0       0       000010000D0000095
     110       0       0       1       0                               0D0000096
     110      54       0       0       0       0       0       000010000D0000097
     110       0       0       1       0                               0D0000098
     110      55       0       0       0       0       0       000010000D0000099
     110       0       0       1       0                               0D0000100
     402      56       0       0       0       0       0       000020000D0000101
     402       0       0       1       1                               0D0000102
     144      57       0       0       0       0       0       000020000D0000103
     144       0       0       1       0                               0D0000104
     108      58       0       0       0       0       0       000010000D0000105
     108       0       0       1       0                               0D0000106
     142      59       0       0       0       0       0       000010500D0000107
     142       0       0       1       0                               0D0000108
     102      60       0       0       0       0       0       000010000D0000109
     102       0       0       1       0                               0D0000110
     110      61       0       0       0       0       0       000010000D0000111
     110       0       0       1       0                               0D0000112
     110      62       0       0       0       0       0       000010000D0000113
     110       0       0       1       0                               0D0000114
     110      63       0       0       0       0       0       000010000D0000115
     110       0       0       1       0                               0D0000116
     110      64       0       0       0       0       0       000010000D0000117
     110       0       0       1       0                               0D0000118
     144      65       0       0       0       0       0       000020000D0000119
     144       0       0       1       0                               0D0000120
     108      66       0       0       0       0       0       000010000D0000121
     108       0       0       1       0                               0D0000122
     142      67       0       0       0       0       0       000010500D0000123
     142       0       0       1       0                               0D0000124
     102      68       0       0       0       0       0       000010000D0000125
     102       0       0       1       0                               0D0000126
     110      69       0       0       0       0       0       000010000D0000127
     110       0       0       1       0                               0D0000128
     110      70       0       0       0       0       0       000010000D0000129
     110       0       0       1       0                               0D0000130
     110      71       0       0       0       0       0       000010000D0000131
     110       0       0       1       0                               0D0000132
     110      72       0       0       0       0       0       000010000D0000133
     110       0       0       1       0                               0D0000134
     144      73       0       0       0       0       0       000020000D0000135
     144       0       0       1       0                               0D0000136
     108      74       0       0       0       0       0       000010000D0000137
     108       0       0       1       0                               0D0000138
     142      75       0       0       0       0       0       000010500D0000139
     142       0       0       1       0                               0D0000140
     102      76       0       0       0       0       0       000010000D0000141
     102       0       0       1       0                               0D0000142
     110      77       0       0       0       0       0       000010000D0000143
     110       0       0       1       0                               0D0000144
     110      78       0       0       0       0       0       000010000D0000145
     110       0       0       1       0                               0D0000146
     110      79       0       0       0       0       0       000010000D0000147
     110       0       0       1       0                               0D0000148
     110      80       0       0       0       0       0       000010000D0000149
     110       0       0       1       0                               0D0000150
     144      81       0       0       0       0       0       000020000D0000151
     144       0       0       1       0                               0D0000152
     108      82       0       0       0       0       0       000010000D0000153
     108       0       0       1       0                               0D0000154
     142      83       0       0       0       0       0       000010500D0000155
     142       0       0       1       0                               0D0000156
     102      84       0       0       0       0       0       000010000D0000157
     102       0       0       1       0                               0D0000158
     110      85       0       0       0       0       0       000010000D0000159
     110       0       0       1       0                               0D0000160
     110      86       0       0       0       0       0       000010000D0000161
     110       0       0       1       0                               0D0000162
     110      87       0       0       0       0       0       000010000D0000163
     110       0       0       1       0                               0D0000164
     110      88       0       0       0       0       0       000010000D0000165
     110       0       0       1       0                               0D0000166
     144      89       0       0       0       0       0       000020000D0000167
     144       0       0       1       0                               0D0000168
     108      90       0       0       0       0       0       000010000D0000169
     108       0       0       1       0                               0D0000170
     142      91       0       0       0       0       0       000010500D0000171
     142       0       0       1       0                               0D0000172
     102      92       0       0       0       0       0       000010000D0000173
     102       0       0       1       0                               0D0000174
     110      93       0       0       0       0       0       000010000D0000175
     110       0       0       1       0                               0D0000176
     110      94       0       0       0       0       0       000010000D0000177
     110       0       0       1       0                               0D0000178
     110      95       0       0       0       0       0       000010000D0000179
     110       0       0       1       0                               0D0000180
     110      96       0       0       0       0       0       000010000D0000181
     110       0       0       1       0                               0D0000182
     144      97       0       0       0       0       0       000020000D0000183
     144       0       0       1       0                               0D0000184
     108      98       0       0       0       0       0       000010000D0000185
     108       0       0       1       0                               0D0000186
     142      99       0       0       0       0       0       000010500D0000187
     142       0       0       1       0                               0D0000188
     102     100       0       0       0       0       0       000010000D0000189
     102       0       0       1       0                               0D0000190
     110     101       0       0       0       0       0       000010000D0000191
     110       0       0       1       0                               0D0000192
     110     102       0       0       0       0       0       000010000D0000193
     110       0       0       1       0                               0D0000194
     110     103       0       0       0       0       0       000010000D0000195
     110       0       0       1       0                               0D0000196
     110     104       0       0       0       0       0       000010000D0000197
     110       0       0       1       0                               0D0000198
     402     105       0       0       0       0       0       000020000D0000199
     402       0       0       1       1                               0D0000200
     144     106       0       0       0       0       0       000020000D0000201
     144       0       0       1       0                               0D0000202
     108     107       0       0       0       0       0       000010000D0000203
     108       0       0       1       0                               0D0000204
     142     108       0       0       0       0       0       000010500D0000205
     142       0       0       1       0                               0D0000206
     102     109       0       0       0       0       0       000010000D0000207
     102       0       0       1       0                               0D0000208
     110     110       0       0       0       0       0       000010000D0000209
     110       0       0       1       0                               0D0000210
     110     111       0       0       0       0       0       000010000D0000211
     110       0       0       1       0                               0D0000212
     110     112       0       0       0       0       0       000010000D0000213
     110       0       0       1       0                               0D0000214
     110     113       0       0       0       0       0       000010000D0000215
     110       0       0       1       0                               0D0000216
     144     114       0       0       0       0       0       000020000D0000217
     144       0       0       1       0                               0D0000218
     108     115       0       0       0       0       0       000010000D0000219
     108       0       0       1       0                               0D0000220
     142     116       0       0       0       0       0       000010500D0000221
     142       0       0       1       0                               0D0000222
     102     117       0       0       0       0       0       000010000D0000223
     102       0       0       1       0                               0D0000224
     110     118       0       0       0       0       0       000010000D0000225
     110       0       0       1       0                               0D0000226
     110     119       0       0       0       0       0       000010000D0000227
     110       0       0       1       0                               0D0000228
     110     120       0       0       0       0       0       000010000D0000229
     110       0       0       1       0                               0D0000230
     110     121       0       0       0       0       0       000010000D0000231
     110       0       0       1       0                               0D0000232
     144     122       0       0       0       0       0       000020000D0000233
     144       0       0       1       0                               0D0000234
     108     123       0       0       0       0       0       000010000D0000235
     108       0       0       1       0                               0D0000236
     142     124       0       0       0       0       0       000010500D0000237
     142       0       0       1       0                               0D0000238
     102     125       0       0       0       0       0       000010000D0000239
     102       0       0       1       0                               0D0000240
     110     126       0       0       0       0       0       000010000D0000241
     110       0       0       1       0                               0D0000242
     110     127       0       0       0       0       0       000010000D0000243
     110       0       0       1       0                               0D0000244
     110     128       0       0       0       0       0       000010000D0000245
     110       0       0       1       0                               0D0000246
     110     129       0       0       0       0       0       000010000D0000247
     110       0       0       1       0                               0D0000248
     144     130       0       0       0       0       0       000020000D0000249
     144       0       0       1       0                               0D0000250
     108     131       0       0       0       0       0       000010000D0000251
     108       0       0       1       0                               0D0000252
     142     132       0       0       0       0       0       000010500D0000253
     142       0       0       1       0                               0D0000254
     102     133       0       0       0       0       0       000010000D0000255
     102       0       0       1       0                               0D0000256
     110     134       0       0       0       0       0       000010000D0000257
     110       0       0       1       0                               0D0000258
     110     135       0       0       0       0       0       000010000D0000259
     110       0       0       1       0                               0D0000260
     110     136       0       0       0       0       0       000010000D0000261
     110       0       0       1       0                               0D0000262
     110     137       0       0       0       0       0       000010000D0000263
     110       0       0       1       0                               0D0000264
     144     138       0       0       0       0       0       000020000D0000265
     144       0       0       1       0                               0D0000266
     108     139       0       0       0       0       0       000010000D0000267
     108       0       0       1       0                               0D0000268
     142     140       0       0       0       0       0       000010500D0000269
     142       0       0       1       0                               0D0000270
     102     141       0       0       0       0       0       000010000D0000271
     102       0       0       1       0                               0D0000272
     110     142       0       0       0       0       0       000010000D0000273
     110       0       0       1       0                               0D0000274
     110     143       0       0       0       0       0       000010000D0000275
     110       0       0       1       0                               0D0000276
     110     144       0       0       0       0       0       000010000D0000277
     110       0       0       1       0                               0D0000278
     110     145       0       0       0       0       0       000010000D0000279
     110       0       0       1       0                               0D0000280
     144     146       0       0       0       0       0       000020000D0000281
     144       0       0       1       0                               0D0000282
     108     147       0       0       0       0       0       000010000D0000283
     108       0       0       1       0                               0D0000284
     142     148       0       0       0       0       0       000010500D0000285
     142       0       0       1       0                               0D0000286
     102     149       0       0       0       0       0       000010000D0000287
     102       0       0       1       0                               0D0000288
     110     150       0       0       0       0       0       000010000D0000289
     110       0       0       1       0                               0D0000290
     110     151       0       0       0       0       0       000010000D0000291
     110       0       0       1       0                               0D0000292
     110     152       0       0       0       0       0       000010000D0000293
     110       0       0       1       0                               0D0000294
     110     153       0       0       0       0       0       000010000D0000295
     110       0       0       1       0                               0D0000296
     402     154       0       0       0       0       0       000020000D0000297
     402       0       0       1       1                               0D0000298
     144     155       0       0       0       0       0       000020000D0000299
     144       0       0       1       0                               0D0000300
     108     156       0       0       0       0       0       000010000D0000301
     108       0       0       1       0                               0D0000302
     142     157       0       0       0       0       0       000010500D0000303
     142       0       0       1       0                               0D0000304
     102     158       0       0       0       0       0       000010000D0000305
     102       0       0       1       0                               0D0000306
     110     159       0       0       0       0       0       000010000D0000307
     110       0       0       1       0                               0D0000308
     110     160       0       0       0       0       0       000010000D0000309
     110       0       0       1       0                               0D0000310
     110     161       0       0       0       0       0       000010000D0000311
     110       0       0       1       0                               0D0000312
     110     162       0       0       0       0       0       000010000D0000313
     110       0       0       1       0                               0D0000314
     144     163       0       0       0       0       0       000020000D0000315
     144       0       0       1       0                               0D0000316
     108     164       0       0       0       0       0       000010000D0000317
     108       0       0       1       0                               0D0000318
     142     165       0       0       0       0       0       000010500D0000319
     142       0       0       1       0                               0D0000320
     102     166       0       0       0       0       0       000010000D0000321
     102       0       0       1       0                               0D0000322
     110     167       0       0       0       0       0       000010000D0000323
     110       0       0       1       0                               0D0000324
     110     168       0       0       0       0       0       000010000D0000325
     110       0       0       1       0                               0D0000326
     110     169       0       0       0       0       0       000010000D0000327
     110       0       0       1       0                               0D0000328
     110     170       0       0       0       0       0       000010000D0000329
     110       0       0       1       0                               0D0000330
     144     171       0       0       0       0       0       000020000D0000331
     144       0       0       1       0                               0D0000332
     108     172       0       0       0       0       0       000010000D0000333
     108       0       0       1       0                               0D0000334
     142     173       0       0       0       0       0       000010500D0000335
     142       0       0       1       0                               0D0000336
     102     174       0       0       0       0       0       000010000D0000337
     102       0       0       1       0                               0D0000338
     110     175       0       0       0       0       0       000010000D0000339
     110       0       0       1       0                               0D0000340
     110     176       0       0       0       0       0       000010000D0000341
     110       0       0       1       0                               0D0000342
     110     177       0       0       0       0       0       000010000D0000343
     110       0       0       1       0                               0D0000344
     110     178       0       0       0       0       0       000010000D0000345
     110       0       0       1       0                               0D0000346
     144     179       0       0       0       0       0       000020000D0000347
     144       0       0       1       0                               0D0000348
     108     180       0       0       0       0       0       000010000D0000349
     108       0       0       1       0                               0D0000350
     142     181       0       0       0       0       0       000010500D0000351
     142       0       0       1       0                               0D0000352
     102     182       0       0       0       0       0       000010000D0000353
     102       0       0       1       0                               0D0000354
     110     183       0       0       0       0       0       000010000D0000355
     110       0       0       1       0                               0D0000356
     110     184       0       0       0       0       0       000010000D0000357
     110       0       0       1       0                               0D0000358
     110     185       0       0       0       0       0       000010000D0000359
     110       0       0       1       0                               0D0000360
     110     186       0       0       0       0       0       000010000D0000361
     110       0       0       1       0                               0D0000362
     144     187       0       0       0       0       0       000020000D0000363
     144       0       0       1       0                               0D0000364
     108     188       0       0       0       0       0       000010000D0000365
     108       0       0       1       0                               0D0000366
     142     189       0       0       0       0       0       000010500D0000367
     142       0       0       1       0                               0D0000368
     102     190       0       0       0       0       0       000010000D0000369
     102       0       0       1       0                               0D0000370
     110     191       0       0       0       0       0       000010000D0000371
     110       0       0       1       0                               0D0000372
     110     192       0       0       0       0       0       000010000D0000373
     110       0       0       1       0                               0D0000374
     110     193       0       0       0       0       0       000010000D0000375
     110       0       0       1       0                               0D0000376
     110     194       0       0       0       0       0       000010000D0000377
     110       0       0       1       0                               0D0000378
     144     195       0       0       0       0       0       000020000D0000379
     144       0       0       1       0                               0D0000380
     108     196       0       0       0       0       0       000010000D0000381
     108       0       0       1       0                               0D0000382
     142     197       0       0       0       0       0       000010500D0000383
     142       0       0       1       0                               0D0000384
     102     198       0       0       0       0       0       000010000D0000385
     102       0       0       1       0                               0D0000386
     110     199       0       0       0       0       0       000010000D0000387
     110       0       0       1       0                               0D0000388
     110     200       0       0       0       0       0       000010000D0000389
     110       0       0       1       0                               0D0000390
     110     201       0       0       0       0       0       000010000D0000391
     110       0       0       1       0                               0D0000392
     110     202       0       0       0       0       0       000010000D0000393
     110       0       0       1       0                               0D0000394
     402     203       0       0       0       0       0       000020000D0000395
     402       0       0       1       1                               0D0000396
     144     204       0       0       0       0       0       000020000D0000397
     144       0       0       1       0                               0D0000398
     108     205       0       0       0       0       0       000010000D0000399
     108       0       0       1       0                               0D0000400
     142     206       0       0       0       0       0       000010500D0000401
     142       0       0       1       0                               0D0000402
     102     207       0       0       0       0       0       000010000D0000403
     102       0       0       1       0                               0D0000404
     110     208       0       0       0       0       0       000010000D0000405
     110       0       0       1       0                               0D0000406
     110     209       0       0       0       0       0       000010000D0000407
     110       0       0       1       0                               0D0000408
     110     210       0       0       0       0       0       000010000D0000409
     110       0       0       1       0                               0D0000410
     110     211       0       0       0       0       0       000010000D0000411
     110       0       0       1       0                               0D0000412
     144     212       0       0       0       0       0       000020000D0000413
     144       0       0       1       0                               0D0000414
     108     213       0       0       0       0       0       000010000D0000415
     108       0       0       1       0                               0D0000416
     142     214       0       0       0       0       0       000010500D0000417
     142       0       0       1       0                               0D0000418
     102     215       0       0       0       0       0       000010000D0000419
     102       0       0       1       0                               0D0000420
     110     216       0       0       0       0       0       000010000D0000421
     110       0       0       1       0                               0D0000422
     110     217       0       0       0       0       0       000010000D0000423
     110       0       0       1       0                               0D0000424
     110     218       0       0       0       0       0       000010000D0000425
     110       0       0       1       0                               0D0000426
     110     219       0       0       0       0       0       000010000D0000427
     110       0       0       1       0                               0D0000428
     144     220       0       0       0       0       0       000020000D0000429
     144       0       0       1       0                               0D0000430
     108     221       0       0       0       0       0       000010000D0000431
     108       0       0       1       0                               0D0000432
     142     222       0       0       0       0       0       000010500D0000433
     142       0       0       1       0                               0D0000434
     102     223       0       0       0       0       0       000010000D0000435
     102       0       0       1       0                               0D0000436
     110     224       0       0       0       0       0       000010000D0000437
     110       0       0       1       0                               0D0000438
     110     225       0       0       0       0       0       000010000D0000439
     110       0       0       1       0                               0D0000440
     110     226       0       0       0       0       0       000010000D0000441
     110       0       0       1       0                               0D0000442
     110     227       0       0       0       0       0       000010000D0000443
     110       0       0       1       0                               0D0000444
     144     228       0       0       0       0       0       000020000D0000445
     144       0       0       1       0                               0D0000446
     108     229       0       0       0       0       0       000010000D0000447
     108       0       0       1       0                               0D0000448
     142     230       0       0       0       0       0       000010500D0000449
     142       0       0       1       0                               0D0000450
     102     231       0       0       0       0       0       000010000D0000451
     102       0       0       1       0                               0D0000452
     110     232       0       0       0       0       0       000010000D0000453
     110       0       0       1       0                               0D0000454
     110     233       0       0       0       0       0       000010000D0000455
     110       0       0       1       0                               0D0000456
     110     234       0       0       0       0       0       000010000D0000457
     110       0       0       1       0                               0D0000458
     110     235       0       0       0       0       0       000010000D0000459
     110       0       0       1       0                               0D0000460
     144     236       0       0       0       0       0       000020000D0000461
     144       0       0       1       0                               0D0000462
     108     237       0       0       0       0       0       000010000D0000463
     108       0       0       1       0                               0D0000464
     142     238       0       0       0       0       0       000010500D0000465
     142       0       0       1       0                               0D0000466
     102     239       0       0       0       0       0       000010000D0000467
     102       0       0       1       0                               0D0000468
     110     240       0       0       0       0       0       000010000D0000469
     110       0       0       1       0                               0D0000470
     110     241       0       0       0       0       0       000010000D0000471
     110       0       0       1       0                               0D0000472
     110     242       0       0       0       0       0       000010000D0000473
     110       0       0       1       0                               0D0000474
     110     243       0       0       0       0       0       000010000D0000475
     110       0       0       1       0                               0D0000476
     144     244       0       0       0       0       0       000020000D0000477
     144       0       0       1       0                               0D0000478
     108     245       0       0       0       0       0       000010000D0000479
     108       0       0       1       0                               0D0000480
     142     246       0       0       0       0       0       000010500D0000481
     142       0       0       1       0                               0D0000482
     102     247       0       0       0       0       0       000010000D0000483
     102       0       0       1       0                               0D0000484
     110     248       0       0       0       0       0       000010000D0000485
     110       0       0       1       0                               0D0000486
     110     249       0       0       0       0       0       000010000D0000487
     110       0       0       1       0                               0D0000488
     110     250       0       0       0       0       0       000010000D0000489
     110       0       0       1       0                               0D0000490
     110     251       0       0       0       0       0       000010000D0000491
     110       0       0       1       0                               0D0000492
     402     252       0       0       0       0       0       000020000D0000493
     402       0       0       1       1                               0D0000494
     144     253       0       0       0       0       0       000020000D0000495
     144       0       0       1       0                               0D0000496
     108     254       0       0       0       0       0       000010000D0000497
     108       0       0       1       0                               0D0000498
     142     255       0       0       0       0       0       000010500D0000499
     142       0       0       1       0                               0D0000500
     102     256       0       0       0       0       0       000010000D0000501
     102       0       0       1       0                               0D0000502
     110     257       0       0       0       0       0       000010000D0000503
     110       0       0       1       0                               0D0000504
     110     258       0       0       0       0       0       000010000D0000505
     110       0       0       1       0                               0D0000506
     110     259       0       0       0       0       0       000010000D0000507
     110       0       0       1       0                               0D0000508
     110     260       0       0       0       0       0       000010000D0000509
     110       0       0       1       0                               0D0000510
     144     261       0       0       0       0       0       000020000D0000511
     144       0       0       1       0                               0D0000512
     108     262       0       0       0       0       0       000010000D0000513
     108       0       0       1       0                               0D0000514
     142     263       0       0       0       0       0       000010500D0000515
     142       0       0       1       0                               0D0000516
     102     264       0       0       0       0       0       000010000D0000517
     102       0       0       1       0                               0D0000518
     110     265       0       0       0       0       0       000010000D0000519
     110       0       0       1       0                               0D0000520
     110     266       0       0       0       0       0       000010000D0000521
     110       0       0       1       0                               0D0000522
     110     267       0       0       0       0       0       000010000D0000523
     110       0       0       1       0                               0D0000524
     110     268       0       0       0       0       0       000010000D0000525
     110       0       0       1       0                               0D0000526
     144     269       0       0       0       0       0       000020000D0000527
     144       0       0       1       0                               0D0000528
     108     270       0       0       0       0       0       000010000D0000529
     108       0       0       1       0                               0D0000530
     142     271       0       0       0       0       0       000010500D0000531
     142       0       0       1       0                               0D0000532
     102     272       0       0       0       0       0       000010000D0000533
     102       0       0       1       0                               0D0000534
     110     273       0       0       0       0       0       000010000D0000535
     110       0       0       1       0                               0D0000536
     110     274       0       0       0       0       0       000010000D0000537
     110       0       0       1       0                               0D0000538
     110     275       0       0       0       0       0       000010000D0000539
     110       0       0       1       0                               0D0000540
     110     276       0       0       0       0       0       000010000D0000541
     110       0       0       1       0                               0D0000542
     144     277       0       0       0       0       0       000020000D0000543
     144       0       0       1       0                               0D0000544
     108     278       0       0       0       0       0       000010000D0000545
     108       0       0       1       0                               0D0000546
     142     279       0       0       0       0       0       000010500D0000547
     142       0       0       1       0                               0D0000548
     102     280       0       0       0       0       0       000010000D0000549
     102       0       0       1       0                               0D0000550
     110     281       0       0       0       0       0       000010000D0000551
     110       0       0       1       0                               0D0000552
     110     282       0       0       0       0       0       000010000D0000553
     110       0       0       1       0                               0D0000554
     110     283       0       0       0       0       0       000010000D0000555
     110       0       0       1       0                               0D0000556
     110     284       0       0       0       0       0       000010000D0000557
     110       0       0       1       0                               0D0000558
     144     285       0       0       0       0       0       000020000D0000559
     144       0       0       1       0                               0D0000560
     108     286       0       0       0       0       0       000010000D0000561
     108       0       0       1       0                               0D0000562
     142     287       0       0       0       0       0       000010500D0000563
     142       0       0       1       0                               0D0000564
     102     288       0       0       0       0       0       000010000D0000565
     102       0       0       1       0                               0D0000566
     110     289       0       0       0       0       0       000010000D0000567
     110       0       0       1       0                               0D0000568
     110     290       0       0       0       0       0       000010000D0000569
     110       0       0       1       0                               0D0000570
     110     291       0       0       0       0       0       000010000D0000571
     110       0       0       1       0                               0D0000572
     110     292       0       0       0       0       0       000010000D0000573
     110       0       0       1       0                               0D0000574
     144     293       0       0       0       0       0       000020000D0000575
     144       0       0       1       0                               0D0000576
     108     294       0       0       0       0       0       000010000D0000577
     108       0       0       1       0                               0D0000578
     142     295       0       0       0       0       0       000010500D0000579
     142       0       0       1       0                               0D0000580
     102     296       0       0       0       0       0       000010000D0000581
     102       0       0       1       0                               0D0000582
     110     297       0       0       0       0       0       000010000D0000583
     110       0       0       1       0                               0D0000584
     110     298       0       0       0       0       0       000010000D0000585
     110       0       0       1       0                               0D0000586
     110     299       0       0       0       0       0       000010000D0000587
     110       0       0       1       0                               0D0000588
     110     300       0       0       0       0       0       000010000D0000589
     110       0       0       1       0                               0D0000590
     402     301       0       0       0       0       0       000020000D0000591
     402       0       0       1       1                               0D0000592
     144     302       0       0       0       0       0       000020000D0000593
     144       0       0       1       0                               0D0000594
     108     303       0       0       0       0       0       000010000D0000595
     108       0       0       1       0                               0D0000596
     142     304       0       0       0       0       0       000010500D0000597
     142       0       0       1       0                               0D0000598
     102     305       0       0       0       0       0       000010000D0000599
     102       0       0       1       0                               0D0000600
     110     306       0       0       0       0       0       000010000D0000601
     110       0       0       1       0                               0D0000602
     110     307       0       0       0       0       0       000010000D0000603
     110       0       0       1       0                               0D0000604
     110     308       0       0       0       0       0       000010000D0000605
     110       0       0       1       0                               0D0000606
     110     309       0       0       0       0       0       000010000D0000607
     110       0       0       1       0                               0D0000608
     144     310       0       0       0       0       0       000020000D0000609
     144       0       0       1       0                               0D0000610
     108     311       0       0       0       0       0       000010000D0000611
     108       0       0       1       0                               0D0000612
     142     312       0       0       0       0       0       000010500D0000613
     142       0       0       1       0                               0D0000614
     102     313       0       0       0       0       0       000010000D0000615
     102       0       0       1       0                               0D0000616
     110     314       0       0       0       0       0       000010000D0000617
     110       0       0       1       0                               0D0000618
     110     315       0       0       0       0       0       000010000D0000619
     110       0       0       1       0                               0D0000620
     110     316       0       0       0       0       0       000010000D0000621
     110       0       0       1       0                               0D0000622
     110     317       0       0       0       0       0       000010000D0000623
     110       0       0       1       0                               0D0000624
     144     318       0       0       0       0       0       000020000D0000625
     144       0       0       1       0                               0D0000626
     108     319       0       0       0       0       0       000010000D0000627
     108       0       0       1       0                               0D0000628
     142     320       0       0       0       0       0       000010500D0000629
     142       0       0       1       0                               0D0000630
     102     321       0       0       0       0       0       000010000D0000631
     102       0       0       1       0                               0D0000632
     110     322       0       0       0       0       0       000010000D0000633
     110       0       0       1       0                               0D0000634
     110     323       0       0       0       0       0       000010000D0000635
     110       0       0       1       0                               0D0000636
     110     324       0       0       0       0       0       000010000D0000637
     110       0       0       1       0                               0D0000638
     110     325       0       0       0       0       0       000010000D0000639
     110       0       0       1       0                               0D0000640
     144     326       0       0       0       0       0       000020000D0000641
     144       0       0       1       0                               0D0000642
     108     327       0       0       0       0       0       000010000D0000643
     108       0       0       1       0                               0D0000644
     142     328       0       0       0       0       0       000010500D0000645
     142       0       0       1       0                               0D0000646
     102     329       0       0       0       0       0       000010000D0000647
     102       0       0       1       0                               0D0000648
     110     330       0       0       0       0       0       000010000D0000649
     110       0       0       1       0                               0D0000650
     110     331       0       0       0       0       0       000010000D0000651
     110       0       0       1       0                               0D0000652
     110     332       0       0       0       0       0       000010000D0000653
     110       0       0       1       0                               0D0000654
     110     333       0       0       0       0       0       000010000D0000655
     110       0       0       1       0                               0D0000656
     144     334       0       0       0       0       0       000020000D0000657
     144       0       0       1       0                               0D0000658
     108     335       0       0       0       0       0       000010000D0000659
     108       0       0       1       0                               0D0000660
     142     336       0       0       0       0       0       000010500D0000661
     142       0       0       1       0                               0D0000662
     102     337       0       0       0       0       0       000010000D0000663
     102       0       0       1       0                               0D0000664
     110     338       0       0       0       0       0       000010000D0000665
     110       0       0       1       0                               0D0000666
     110     339       0       0       0       0       0       000010000D0000667
     110       0       0       1       0                               0D0000668
     110     340       0       0       0       0       0       000010000D0000669
     110       0       0       1       0                               0D0000670
     110     341       0       0       0       0       0       000010000D0000671
     110       0       0       1       0                               0D0000672
     144     342       0       0       0       0       0       000020000D0000673
     144       0       0       1       0                               0D0000674
     108     343       0       0       0       0       0       000010000D0000675
     108       0       0       1       0                               0D0000676
     142     344       0       0       0       0       0       000010500D0000677
     142       0       0       1       0                               0D0000678
     102     345       0       0       0       0       0       000010000D0000679
     102       0       0       1       0                               0D0000680
     110     346       0       0       0       0       0       000010000D0000681
     110       0       0       1       0                               0D0000682
     110     347       0       0       0       0       0       000010000D0000683
     110       0       0       1       0                               0D0000684
     110     348       0       0       0       0       0       000010000D0000685
     110       0       0       1       0                               0D0000686
     110     349       0       0       0       0       0       000010000D0000687
     110       0       0       1       0                               0D0000688
     402     350       0       0       0       0       0       000020000D0000689
     402       0       0       1       1                               0D0000690
     144     351       0       0       0       0       0       000020000D0000691
     144       0       0       1       0                               0D0000692
     108     352       0       0       0       0       0       000010000D0000693
     108       0       0       1       0                               0D0000694
     142     353       0       0       0       0       0       000010500D0000695
     142       0       0       1       0                               0D0000696
     102     354       0       0       0       0       0       000010000D0000697
     102       0       0       1       0                               0D0000698
     110     355       0       0       0       0       0       000010000D0000699
     110       0       0       1       0                               0D0000700
     110     356       0       0       0       0       0       000010000D0000701
     110       0       0       1       0                               0D0000702
     110     357       0       0       0       0       0       000010000D0000703
     110       0       0       1       0                               0D0000704
     110     358       0       0       0       0       0       000010000D0000705
     110       0       0       1       0                               0D0000706
     144     359       0       0       0       0       0       000020000D0000707
     144       0       0       1       0                               0D0000708
     108     360       0       0       0       0       0       000010000D0000709
     108       0       0       1       0                               0D0000710
     142     361       0       0       0       0       0       000010500D0000711
     142       0       0       1       0                               0D0000712
     102     362       0       0       0       0       0       000010000D0000713
     102       0       0       1       0                               0D0000714
     110     363       0       0       0       0       0       000010000D0000715
     110       0       0       1       0                               0D0000716
     110     364       0       0       0       0       0       000010000D0000717
     110       0       0       1       0                               0D0000718
     110     365       0       0       0       0       0       000010000D0000719
     110       0       0       1       0                               0D0000720
     110     366       0       0       0       0       0       000010000D0000721
     110       0       0       1       0                               0D0000722
     144     367       0       0       0       0       0       000020000D0000723
     144       0       0       1       0                               0D0000724
     108     368       0       0       0       0       0       000010000D0000725
     108       0       0       1       0                               0D0000726
     142     369       0       0       0       0       0       000010500D0000727
     142       0       0       1       0                               0D0000728
     102     370       0       0       0       0       0       000010000D0000729
     102       0       0       1       0                               0D0000730
     110     371       0       0       0       0       0       000010000D0000731
     110       0       0       1       0                               0D0000732
     110     372       0       0       0       0       0       000010000D0000733
     110       0       0       1       0                               0D0000734
     110     373       0       0       0       0       0       000010000D0000735
     110       0       0       1       0                               0D0000736
     110     374       0       0       0       0       0       000010000D0000737
     110       0       0       1       0                               0D0000738
     144     375       0       0       0       0       0       000020000D0000739
     144       0       0       1       0                               0D0000740
     108     376       0       0       0       0       0       000010000D0000741
     108       0       0       1       0                               0D0000742
     142     377       0       0       0       0       0       000010500D0000743
     142       0       0       1       0                               0D0000744
     102     378       0       0       0       0       0       000010000D0000745
     102       0       0       1       0                               0D0000746
     110     379       0       0       0       0       0       000010000D0000747
     110       0       0       1       0                               0D0000748
     110     380       0       0       0       0       0       000010000D0000749
     110       0       0       1       0                               0D0000750
     110     381       0       0       0       0       0       000010000D0000751
     110       0       0       1       0                               0D0000752
     110     382       0       0       0       0       0       000010000D0000753
     110       0       0       1       0                               0D0000754
     144     383       0       0       0       0       0       000020000D0000755
     144       0       0       1       0                               0D0000756
     108     384       0       0       0       0       0       000010000D0000757
     108       0       0       1       0                               0D0000758
     142     385       0       0       0       0       0       000010500D0000759
     142       0       0       1       0                               0D0000760
     102     386       0       0       0       0       0       000010000D0000761
     102       0       0       1       0                               0D0000762
     110     387       0       0       0       0       0       000010000D0000763
     110       0       0       1       0                               0D0000764
     110     388       0       0       0       0       0       000010000D0000765
     110       0       0       1       0                               0D0000766
     110     389       0       0       0       0       0       000010000D0000767
     110       0       0       1       0                               0D0000768
     110     390       0       0       0       0       0       000010000D0000769
     110       0       0       1       0                               0D0000770
     144     391       0       0       0       0       0       000020000D0000771
     144       0       0       1       0                               0D0000772
     108     392       0       0       0       0       0       000010000D0000773
     108       0       0       1       0                               0D0000774
     142     393       0       0       0       0       0       000010500D0000775
     142       0       0       1       0                               0D0000776
     102     394       0       0       0       0       0       000010000D0000777
     102       0       0       1       0                               0D0000778
     110     395       0       0       0       0       0       000010000D0000779
     110       0       0       1       0                               0D0000780
     110     396       0       0       0       0       0       000010000D0000781
     110       0       0       1       0                               0D0000782
     110     397       0       0       0       0       0       000010000D0000783
     110       0       0       1       0                               0D0000784
     110     398       0       0       0       0       0       000010000D0000785
     110       0       0       1       0                               0D0000786
     402     399       0       0       0       0       0       000020000D0000787
     402       0       0       1       1                               0D0000788
     144     400       0       0       0       0       0       000020000D0000789
     144       0       0       1       0                               0D0000790
     108     401       0       0       0       0       0       000010000D0000791
     108       0       0       1       0                               0D0000792
     142     402       0       0       0       0       0       000010500D0000793
     142       0       0       1       0                               0D0000794
     102     403       0       0       0       0       0       000010000D0000795
     102       0       0       1       0                               0D0000796
     110     404       0       0       0       0       0       000010000D0000797
     110       0       0       1       0                               0D0000798
     110     405       0       0       0       0       0       000010000D0000799
     110       0       0       1       0                               0D0000800
     110     406       0       0       0       0       0       000010000D0000801
     110       0       0       1       0                               0D0000802
     110     407       0       0       0       0       0       000010000D0000803
     110       0       0       1       0                               0D0000804
     144     408       0       0       0       0       0       000020000D0000805
     144       0       0       1       0                               0D0000806
     108     409       0       0       0       0       0       000010000D0000807
     108       0       0       1       0                               0D0000808
     142     410       0       0       0       0       0       000010500D0000809
     142       0       0       1       0                               0D0000810
     102     411       0       0       0       0       0       000010000D0000811
     102       0       0       1       0                               0D0000812
     110     412       0       0       0       0       0       000010000D0000813
     110       0       0       1       0                               0D0000814
     110     413       0       0       0       0       0       000010000D0000815
     110       0       0       1       0                               0D0000816
     110     414       0       0       0       0       0       000010000D0000817
     110       0       0       1       0                               0D0000818
     110     415       0       0       0       0       0       000010000D0000819
     110       0       0       1       0                               0D0000820
     144     416       0       0       0       0       0       000020000D0000821
     144       0       0       1       0                               0D0000822
     108     417       0       0       0       0       0       000010000D0000823
     108       0       0       1       0                               0D0000824
     142     418       0       0       0       0       0       000010500D0000825
     142       0       0       1       0                               0D0000826
     102     419       0       0       0       0       0       000010000D0000827
     102       0       0       1       0                               0D0000828
     110     420       0       0       0       0       0       000010000D0000829
     110       0       0       1       0                               0D0000830
     110     421       0       0       0       0       0       000010000D0000831
     110       0       0       1       0                               0D0000832
     110     422       0       0       0       0       0       000010000D0000833
     110       0       0       1       0                               0D0000834
     110     423       0       0       0       0       0       000010000D0000835
     110       0       0       1       0                               0D0000836
     144     424       0       0       0       0       0       000020000D0000837
     144       0       0       1       0                               0D0000838
     108     425       0       0       0       0       0       000010000D0000839
     108       0       0       1       0                               0D0000840
     142     426       0       0       0       0       0       000010500D0000841
     142       0       0       1       0                               0D0000842
     102     427       0       0       0       0       0       000010000D0000843
     102       0       0       1       0                               0D0000844
     110     428       0       0       0       0       0       000010000D0000845
     110       0       0       1       0                               0D0000846
     110     429       0       0       0       0       0       000010000D0000847
     110       0       0       1       0                               0D0000848
     110     430       0       0       0       0       0       000010000D0000849
     110       0       0       1       0                               0D0000850
     110     431       0       0       0       0       0       000010000D0000851
     110       0       0       1       0                               0D0000852
     144     432       0       0       0       0       0       000020000D0000853
     144       0       0       1       0                               0D0000854
     108     433       0       0       0       0       0       000010000D0000855
     108       0       0       1       0                               0D0000856
     142     434       0       0       0       0       0       000010500D0000857
     142       0       0       1       0                               0D0000858
     102     435       0       0       0       0       0       000010000D0000859
     102       0       0       1       0                               0D0000860
     110     436       0       0       0       0       0       000010000D0000861
     110       0       0       1       0                               0D0000862
     110     437       0       0       0       0       0       000010000D0000863
     110       0       0       1       0                               0D0000864
     110     438       0       0       0       0       0       000010000D0000865
     110       0       0       1       0                               0D0000866
     110     439       0       0       0       0       0       000010000D0000867
     110       0       0       1       0                               0D0000868
     144     440       0       0       0       0       0       000020000D0000869
     144       0       0       1       0                               0D0000870
     108     441       0       0       0       0       0       000010000D0000871
     108       0       0       1       0                               0D0000872
     142     442       0       0       0       0       0       000010500D0000873
     142       0       0       1       0                               0D0000874
     102     443       0       0       0       0       0       000010000D0000875
     102       0       0       1       0                               0D0000876
     110     444       0       0       0       0       0       000010000D0000877
     110       0       0       1       0                               0D0000878
     110     445       0       0       0       0       0       000010000D0000879
     110       0       0       1       0                               0D0000880
     110     446       0       0       0       0       0       000010000D0000881
     110       0       0       1       0                               0D0000882
     110     447       0       0       0       0       0       000010000D0000883
     110       0       0       1       0                               0D0000884
     402     448       0       0       0       0       0       000020000D0000885
     402       0       0       1       1                               0D0000886
     144     449       0       0       0       0       0       000020000D0000887
     144       0       0       1       0                               0D0000888
     108     450       0       0       0       0       0       000010000D0000889
     108       0       0       1       0                               0D0000890
     142     451       0       0       0       0       0       000010500D0000891
     142       0       0       1       0                               0D0000892
     102     452       0       0       0       0       0       000010000D0000893
     102       0       0       1       0                               0D0000894
     110     453       0       0       0       0       0       000010000D0000895
     110       0       0       1       0                               0D0000896
     110     454       0       0       0       0       0       000010000D0000897
     110       0       0       1       0                               0D0000898
     110     455       0       0       0       0       0       000010000D0000899
     110       0       0       1       0                               0D0000900
     110     456       0       0       0       0       0       000010000D0000901
     110       0       0       1       0                               0D0000902
     144     457       0       0       0       0       0       000020000D0000903
     144       0       0       1       0                               0D0000904
     108     458       0       0       0       0       0       000010000D0000905
     108       0       0       1       0                               0D0000906
     142     459       0       0       0       0       0       000010500D0000907
     142       0       0       1       0                               0D0000908
     102     460       0       0       0       0       0       000010000D0000909
     102       0       0       1       0                               0D0000910
     110     461       0       0       0       0       0       000010000D0000911
     110       0       0       1       0                               0D0000912
     110     462       0       0       0       0       0       000010000D0000913
     110       0       0       1       0                               0D0000914
     110     463       0       0       0       0       0       000010000D0000915
     110       0       0       1       0                               0D0000916
     110     464       0       0       0       0       0       000010000D0000917
     110       0       0       1       0                               0D0000918
     144     465       0       0       0       0       0       000020000D0000919
     144       0       0       1       0                               0D0000920
     108     466       0       0       0       0       0       000010000D0000921
     108       0       0       1       0                               0D0000922
     142     467       0       0       0       0       0       000010500D0000923
     142       0       0       1       0                               0D0000924
     102     468       0       0       0       0       0       000010000D0000925
     102       0       0       1       0                               0D0000926
     110     469       0       0       0       0       0       000010000D0000927
     110       0       0       1       0                               0D0000928
     110     470       0       0       0       0       0       000010000D0000929
     110       0       0       1       0                               0D0000930
     110     471       0       0       0       0       0       000010000D0000931
     110       0       0       1       0                               0D0000932
     110     472       0       0       0       0       0       000010000D0000933
     110       0       0       1       0                               0D0000934
     144     473       0       0       0       0       0       000020000D0000935
     144       0       0       1       0                               0D0000936
     108     474       0       0       0       0       0       000010000D0000937
     108       0       0       1       0                               0D0000938
     142     475       0       0       0       0       0       000010500D0000939
     142       0       0       1       0                               0D0000940
     102     476       0       0       0       0       0       000010000D0000941
     102       0       0       1       0                               0D0000942
     110     477       0       0       0       0       0       000010000D0000943
     110       0       0       1       0                               0D0000944
     110     478       0       0       0       0       0       000010000D0000945
     110       0       0       1       0                               0D0000946
     110     479       0       0       0       0       0       000010000D0000947
     110       0       0       1       0                               0D0000948
     110     480       0       0       0       0       0       000010000D0000949
     110       0       0       1       0                               0D0000950
     144     481       0       0       0       0       0       000020000D0000951
     144       0       0       1       0                               0D0000952
     108     482       0       0       0       0       0       000010000D0000953
     108       0       0       1       0                               0D0000954
     142     483       0       0       0       0       0       000010500D0000955
     142       0       0       1       0                               0D0000956
     102     484       0       0       0       0       0       000010000D0000957
     102       0       0       1       0                               0D0000958
     110     485       0       0       0       0       0       000010000D0000959
     110       0       0       1       0                               0D0000960
     110     486       0       0       0       0       0       000010000D0000961
     110       0       0       1       0                               0D0000962
     110     487       0       0       0       0       0       000010000D0000963
     110       0       0       1       0                               0D0000964
     110     488       0       0       0       0       0       000010000D0000965
     110       0       0       1       0                               0D0000966
     144     489       0       0       0       0       0       000020000D0000967
     144       0       0       1       0                               0D0000968
     108     490       0       0       0       0       0       000010000D0000969
     108       0       0       1       0                               0D0000970
     142     491       0       0       0       0       0       000010500D0000971
     142       0       0       1       0                               0D0000972
     102     492       0       0       0       0       0       000010000D0000973
     102       0       0       1       0                               0D0000974
     110     493       0       0       0       0       0       000010000D0000975
     110       0       0       1       0                               0D0000976
     110     494       0       0       0       0       0       000010000D0000977
     110       0       0       1       0                               0D0000978
     110     495       0       0       0       0       0       000010000D0000979
     110       0       0       1       0                               0D0000980
     110     496       0       0       0       0       0       000010000D0000981
     110       0       0       1       0                               0D0000982
     402     497       0       0       0       0       0       000020000D0000983
     402       0       0       1       1                               0D0000984
     144     498       0       0       0       0       0       000020000D0000985
     144       0       0       1       0                               0D0000986
     108     499       0       0       0       0       0       000010000D0000987
     108       0       0       1       0                               0D0000988
     142     500       0       0       0       0       0       000010500D0000989
     142       0       0       1       0                               0D0000990
     102     501       0       0       0       0       0       000010000D0000991
     102       0       0       1       0                               0D0000992
     110     502       0       0       0       0       0       000010000D0000993
     110       0       0       1       0                               0D0000994
     110     503       0       0       0       0       0       000010000D0000995
     110       0       0       1       0                               0D0000996
     110     504       0       0       0       0       0       000010000D0000997
     110       0       0       1       0                               0D0000998
     110     505       0       0       0       0       0       000010000D0000999
     110       0       0       1       0                               0D0001000
     144     506       0       0       0       0       0       000020000D0001001
     144       0       0       1       0                               0D0001002
     108     507       0       0       0       0       0       000010000D0001003
     108       0       0       1       0                               0D0001004
     142     508       0       0       0       0       0       000010500D0001005
     142       0       0       1       0                               0D0001006
     102     509       0       0       0       0       0       000010000D0001007
     102       0       0       1       0                               0D0001008
     110     510       0       0       0       0       0       000010000D0001009
     110       0       0       1       0                               0D0001010
     110     511       0       0       0       0       0       000010000D0001011
     110       0       0       1       0                               0D0001012
     110     512       0       0       0       0       0       000010000D0001013
     110       0       0       1       0                               0D0001014
     110     513       0       0       0       0       0       000010000D0001015
     110       0       0       1       0                               0D0001016
     144     514       0       0       0       0       0       000020000D0001017
     144       0       0       1       0                               0D0001018
     108     515       0       0       0       0       0       000010000D0001019
     108       0       0       1       0                               0D0001020
     142     516       0       0       0       0       0       000010500D0001021
     142       0       0       1       0                               0D0001022
     102     517       0       0       0       0       0       000010000D0001023
     102       0       0       1       0                               0D0001024
     110     518       0       0       0       0       0       000010000D0001025
     110       0       0       1       0                               0D0001026
     110     519       0       0       0       0       0       000010000D0001027
     110       0       0       1       0                               0D0001028
     110     520       0       0       0       0       0       000010000D0001029
     110       0       0       1       0                               0D0001030
     110     521       0       0       0       0       0       000010000D0001031
     110       0       0       1       0                               0D0001032
     144     522       0       0       0       0       0       000020000D0001033
     144       0       0       1       0                               0D0001034
     108     523       0       0       0       0       0       000010000D0001035
     108       0       0       1       0                               0D0001036
     142     524       0       0       0       0       0       000010500D0001037
     142       0       0       1       0                               0D0001038
     102     525       0       0       0       0       0       000010000D0001039
     102       0       0       1       0                               0D0001040
     110     526       0       0       0       0       0       000010000D0001041
     110       0       0       1       0                               0D0001042
     110     527       0       0       0       0       0       000010000D0001043
     110       0       0       1       0                               0D0001044
     110     528       0       0       0       0       0       000010000D0001045
     110       0       0       1       0                               0D0001046
     110     529       0       0       0       0       0       000010000D0001047
     110       0       0       1       0                               0D0001048
     144     530       0       0       0       0       0       000020000D0001049
     144       0       0       1       0                               0D0001050
     108     531       0       0       0       0       0       000010000D0001051
     108       0       0       1       0                               0D0001052
     142     532       0       0       0       0       0       000010500D0001053
     142       0       0       1       0                               0D0001054
     102     533       0       0       0       0       0       000010000D0001055
     102       0       0       1       0                               0D0001056
     110     534       0       0       0       0       0       000010000D0001057
     110       0       0       1       0                               0D0001058
     110     535       0       0       0       0       0       000010000D0001059
     110       0       0       1       0                               0D0001060
     110     536       0       0       0       0       0       000010000D0001061
     110       0       0       1       0                               0D0001062
     110     537       0       0       0       0       0       000010000D0001063
     110       0       0       1       0                               0D0001064
     144     538       0       0       0       0       0       000020000D0001065
     144       0       0       1       0                               0D0001066
     108     539       0       0       0       0       0       000010000D0001067
     108       0       0       1       0                               0D0001068
     142     540       0       0       0       0       0       000010500D0001069
     142       0       0       1       0                               0D0001070
     102     541       0       0       0       0       0       000010000D0001071
     102       0       0       1       0                               0D0001072
     110     542       0       0       0       0       0       000010000D0001073
     110       0       0       1       0                               0D0001074
     110     543       0       0       0       0       0       000010000D0001075
     110       0       0       1       0                               0D0001076
     110     544       0       0       0       0       0       000010000D0001077
     110       0       0       1       0                               0D0001078
     110     545       0       0       0       0       0       000010000D0001079
     110       0       0       1       0                               0D0001080
     402     546       0       0       0       0       0       000020000D0001081
     402       0       0       1       1                               0D0001082
     144     547       0       0       0       0       0       000020000D0001083
     144       0       0       1       0                               0D0001084
     108     548       0       0       0       0       0       000010000D0001085
     108       0       0       1       0                               0D0001086
     142     549       0       0       0       0       0       000010500D0001087
     142       0       0       1       0                               0D0001088
     102     550       0       0       0       0       0       000010000D0001089
     102       0       0       1       0                               0D0001090
     110     551       0       0       0       0       0       000010000D0001091
     110       0       0       1       0                               0D0001092
     110     552       0       0       0       0       0       000010000D0001093
     110       0       0       1       0                               0D0001094
     110     553       0       0       0       0       0       000010000D0001095
     110       0       0       1       0                               0D0001096
     110     554       0       0       0       0       0       000010000D0001097
     110       0       0       1       0                               0D0001098
     144     555       0       0       0       0       0       000020000D0001099
     144       0       0       1       0                               0D0001100
     108     556       0       0       0       0       0       000010000D0001101
     108       0       0       1       0                               0D0001102
     142     557       0       0       0       0       0       000010500D0001103
     142       0       0       1       0                               0D0001104
     102     558       0       0       0       0       0       000010000D0001105
     102       0       0       1       0                               0D0001106
     110     559       0       0       0       0       0       000010000D0001107
     110       0       0       1       0                               0D0001108
     110     560       0       0       0       0       0       000010000D0001109
     110       0       0       1       0                               0D0001110
     110     561       0       0       0       0       0       000010000D0001111
     110       0       0       1       0                               0D0001112
     110     562       0       0       0       0       0       000010000D0001113
     110       0       0       1       0                               0D0001114
     144     563       0       0       0       0       0       000020000D0001115
     144       0       0       1       0                               0D0001116
     108     564       0       0       0       0       0       000010000D0001117
     108       0       0       1       0                               0D0001118
     142     565       0       0       0       0       0       000010500D0001119
     142       0       0       1       0                               0D0001120
     102     566       0       0       0       0       0       000010000D0001121
     102       0       0       1       0                               0D0001122
     110     567       0       0       0       0       0       000010000D0001123
     110       0       0       1       0                               0D0001124
     110     568       0       0       0       0       0       000010000D0001125
     110       0       0       1       0                               0D0001126
     110     569       0       0       0       0       0       000010000D0001127
     110       0       0       1       0                               0D0001128
     110     570       0       0       0       0       0       000010000D0001129
     110       0       0       1       0                               0D0001130
     144     571       0       0       0       0       0       000020000D0001131
     144       0       0       1       0                               0D0001132
     108     572       0       0       0       0       0       000010000D0001133
     108       0       0       1       0                               0D0001134
     142     573       0       0       0       0       0       000010500D0001135
     142       0       0       1       0                               0D0001136
     102     574       0       0       0       0       0       000010000D0001137
     102       0       0       1       0                               0D0001138
     110     575       0       0       0       0       0       000010000D0001139
     110       0       0       1       0                               0D0001140
     110     576       0       0       0       0       0       000010000D0001141
     110       0       0       1       0                               0D0001142
     110     577       0       0       0       0       0       000010000D0001143
     110       0       0       1       0                               0D0001144
     110     578       0       0       0       0       0       000010000D0001145
     110       0       0       1       0                               0D0001146
     144     579       0       0       0       0       0       000020000D0001147
     144       0       0       1       0                               0D0001148
     108     580       0       0       0       0       0       000010000D0001149
     108       0       0       1       0                               0D0001150
     142     581       0       0       0       0       0       000010500D0001151
     142       0       0       1       0                               0D0001152
     102     582       0       0       0       0       0       000010000D0001153
     102       0       0       1       0                               0D0001154
     110     583       0       0       0       0       0       000010000D0001155
     110       0       0       1       0                               0D0001156
     110     584       0       0       0       0       0       000010000D0001157
     110       0       0       1       0                               0D0001158
     110     585       0       0       0       0       0       000010000D0001159
     110       0       0       1       0                               0D0001160
     110     586       0       0       0       0       0       000010000D0001161
     110       0       0       1       0                               0D0001162
     144     587       0       0       0       0       0       000020000D0001163
     144       0       0       1       0                               0D0001164
     108     588       0       0       0       0       0       000010000D0001165
     108       0       0       1       0                               0D0001166
     142     589       0       0       0       0       0       000010500D0001167
     142       0       0       1       0                               0D0001168
     102     590       0       0       0       0       0       000010000D0001169
     102       0       0       1       0                               0D0001170
     110     591       0       0       0       0       0       000010000D0001171
     110       0       0       1       0                               0D0001172
     110     592       0       0       0       0       0       000010000D0001173
     110       0       0       1       0                               0D0001174
     110     593       0       0       0       0       0       000010000D0001175
     110       0       0       1       0                               0D0001176
     110     594       0       0       0       0       0       000010000D0001177
     110       0       0       1       0                               0D0001178
     402     595       0       0       0       0       0       000020000D0001179
     402       0       0       1       1                               0D0001180
     144     596       0       0       0       0       0       000020000D0001181
     144       0       0       1       0                               0D0001182
     108     597       0       0       0       0       0       000010000D0001183
     108       0       0       1       0                               0D0001184
     142     598       0       0       0       0       0       000010500D0001185
     142       0       0       1       0                               0D0001186
     102     599       0       0       0       0       0       000010000D0001187
     102       0       0       1       0                               0D0001188
     110     600       0       0       0       0       0       000010000D0001189
     110       0       0       1       0                               0D0001190
     110     601       0       0       0       0       0       000010000D0001191
     110       0       0       1       0                               0D0001192
     110     602       0       0       0       0       0       000010000D0001193
     110       0       0       1       0                               0D0001194
     110     603       0       0       0       0       0       000010000D0001195
     110       0       0       1       0                               0D0001196
     144     604       0       0       0       0       0       000020000D0001197
     144       0       0       1       0                               0D0001198
     108     605       0       0       0       0       0       000010000D0001199
     108       0       0       1       0                               0D0001200
     142     606       0       0       0       0       0       000010500D0001201
     142       0       0       1       0                               0D0001202
     102     607       0       0       0       0       0       000010000D0001203
     102       0       0       1       0                               0D0001204
     110     608       0       0       0       0       0       000010000D0001205
     110       0       0       1       0                               0D0001206
     110     609       0       0       0       0       0       000010000D0001207
     110       0       0       1       0                               0D0001208
     110     610       0       0       0       0       0       000010000D0001209
     110       0       0       1       0                               0D0001210
     110     611       0       0       0       0       0       000010000D0001211
     110       0       0       1       0                               0D0001212
     144     612       0       0       0       0       0       000020000D0001213
     144       0       0       1       0                               0D0001214
     108     613       0       0       0       0       0       000010000D0001215
     108       0       0       1       0                               0D0001216
     142     614       0       0       0       0       0       000010500D0001217
     142       0       0       1       0                               0D0001218
     102     615       0       0       0       0       0       000010000D0001219
     102       0       0       1       0                               0D0001220
     110     616       0       0       0       0       0       000010000D0001221
     110       0       0       1       0                               0D0001222
     110     617       0       0       0       0       0       000010000D0001223
     110       0       0       1       0                               0D0001224
     110     618       0       0       0       0       0       000010000D0001225
     110       0       0       1       0                               0D0001226
     110     619       0       0       0       0       0       000010000D0001227
     110       0       0       1       0                               0D0001228
     144     620       0       0       0       0       0       000020000D0001229
     144       0       0       1       0                               0D0001230
     108     621       0       0       0       0       0       000010000D0001231
     108       0       0       1       0                               0D0001232
     142     622       0       0       0       0       0       000010500D0001233
     142       0       0       1       0                               0D0001234
     102     623       0       0       0       0       0       000010000D0001235
     102       0       0       1       0                               0D0001236
     110     624       0       0       0       0       0       000010000D0001237
     110       0       0       1       0                               0D0001238
     110     625       0       0       0       0       0       000010000D0001239
     110       0       0       1       0                               0D0001240
     110     626       0       0       0       0       0       000010000D0001241
     110       0       0       1       0                               0D0001242
     110     627       0       0       0       0       0       000010000D0001243
     110       0       0       1       0                               0D0001244
     144     628       0       0       0       0       0       000020000D0001245
     144       0       0       1       0                               0D0001246
     108     629       0       0       0       0       0       000010000D0001247
     108       0       0       1       0                               0D0001248
     142     630       0       0       0       0       0       000010500D0001249
     142       0       0       1       0                               0D0001250
     102     631       0       0       0       0       0       000010000D0001251
     102       0       0       1       0                               0D0001252
     110     632       0       0       0       0       0       000010000D0001253
     110       0       0       1       0                               0D0001254
     110     633       0       0       0       0       0       000010000D0001255
     110       0       0       1       0                               0D0001256
     110     634       0       0       0       0       0       000010000D0001257
     110       0       0       1       0                               0D0001258
     110     635       0       0       0       0       0       000010000D0001259
     110       0       0       1       0                               0D0001260
     144     636       0       0       0       0       0       000020000D0001261
     144       0       0       1       0                               0D0001262
     108     637       0       0       0       0       0       000010000D0001263
     108       0       0       1       0                               0D0001264
     142     638       0       0       0       0       0       000010500D0001265
     142       0       0       1       0                               0D0001266
     102     639       0       0       0       0       0       000010000D0001267
     102       0       0       1       0                               0D0001268
     110     640       0       0       0       0       0       000010000D0001269
     110       0       0       1       0                               0D0001270
     110     641       0       0       0       0       0       000010000D0001271
     110       0       0       1       0                               0D0001272
     110     642       0       0       0       0       0       000010000D0001273
     110       0       0       1       0                               0D0001274
     110     643       0       0       0       0       0       000010000D0001275
     110       0       0       1       0                               0D0001276
     402     644       0       0       0       0       0       000020000D0001277
     402       0       0       1       1                               0D0001278
     144     645       0       0       0       0       0       000020000D0001279
     144       0       0       1       0                               0D0001280
     108     646       0       0       0       0       0       000010000D0001281
     108       0       0       1       0                               0D0001282
     142     647       0       0       0       0       0       000010500D0001283
     142       0       0       1       0                               0D0001284
     102     648       0       0       0       0       0       000010000D0001285
     102       0       0       1       0                               0D0001286
     110     649       0       0       0       0       0       000010000D0001287
     110       0       0       1       0                               0D0001288
     110     650       0       0       0       0       0       000010000D0001289
     110       0       0       1       0                               0D0001290
     110     651       0       0       0       0       0       000010000D0001291
     110       0       0       1       0                               0D0001292
     110     652       0       0       0       0       0       000010000D0001293
     110       0       0       1       0                               0D0001294
     144     653       0       0       0       0       0       000020000D0001295
     144       0       0       1       0                               0D0001296
     108     654       0       0       0       0       0       000010000D0001297
     108       0       0       1       0                               0D0001298
     142     655       0       0       0       0       0       000010500D0001299
     142       0       0       1       0                               0D0001300
     102     656       0       0       0       0       0       000010000D0001301
     102       0       0       1       0                               0D0001302
     110     657       0       0       0       0       0       000010000D0001303
     110       0       0       1       0                               0D0001304
     110     658       0       0       0       0       0       000010000D0001305
     110       0       0       1       0                               0D0001306
     110     659       0       0       0       0       0       000010000D0001307
     110       0       0       1       0                               0D0001308
     110     660       0       0       0       0       0       000010000D0001309
     110       0       0       1       0                               0D0001310
     144     661       0       0       0       0       0       000020000D0001311
     144       0       0       1       0                               0D0001312
     108     662       0       0       0       0       0       000010000D0001313
     108       0       0       1       0                               0D0001314
     142     663       0       0       0       0       0       000010500D0001315
     142       0       0       1       0                               0D0001316
     102     664       0       0       0       0       0       000010000D0001317
     102       0       0       1       0                               0D0001318
     110     665       0       0       0       0       0       000010000D0001319
     110       0       0       1       0                               0D0001320
     110     666       0       0       0       0       0       000010000D0001321
     110       0       0       1       0                               0D0001322
     110     667       0       0       0       0       0       000010000D0001323
     110       0       0       1       0                               0D0001324
     110     668       0       0       0       0       0       000010000D0001325
     110       0       0       1       0                               0D0001326
     144     669       0       0       0       0       0       000020000D0001327
     144       0       0       1       0                               0D0001328
     108     670       0       0       0       0       0       000010000D0001329
     108       0       0       1       0                               0D0001330
     142     671       0       0       0       0       0       000010500D0001331
     142       0       0       1       0                               0D0001332
     102     672       0       0       0       0       0       000010000D0001333
     102       0       0       1       0                               0D0001334
     110     673       0       0       0       0       0       000010000D0001335
     110       0       0       1       0                               0D0001336
     110     674       0       0       0       0       0       000010000D0001337
     110       0       0       1       0                               0D0001338
     110     675       0       0       0       0       0       000010000D0001339
     110       0       0       1       0                               0D0001340
     110     676       0       0       0       0       0       000010000D0001341
     110       0       0       1       0                               0D0001342
     144     677       0       0       0       0       0       000020000D0001343
     144       0       0       1       0                               0D0001344
     108     678       0       0       0       0       0       000010000D0001345
     108       0       0       1       0                               0D0001346
     142     679       0       0       0       0       0       000010500D0001347
     142       0       0       1       0                               0D0001348
     102     680       0       0       0       0       0       000010000D0001349
     102       0       0       1       0                               0D0001350
     110     681       0       0       0       0       0       000010000D0001351
     110       0       0       1       0                               0D0001352
     110     682       0       0       0       0       0       000010000D0001353
     110       0       0       1       0                               0D0001354
     110     683       0       0       0       0       0       000010000D0001355
     110       0       0       1       0                               0D0001356
     110     684       0       0       0       0       0       000010000D0001357
     110       0       0       1       0                               0D0001358
     144     685       0       0       0       0       0       000020000D0001359
     144       0       0       1       0                               0D0001360
     108     686       0       0       0       0       0       000010000D0001361
     108       0       0       1       0                               0D0001362
     142     687       0       0       0       0       0       000010500D0001363
     142       0       0       1       0                               0D0001364
     102     688       0       0       0       0       0       000010000D0001365
     102       0       0       1       0                               0D0001366
     110     689       0       0       0       0       0       000010000D0001367
     110       0       0       1       0                               0D0001368
     110     690       0       0       0       0       0       000010000D0001369
     110       0       0       1       0                               0D0001370
     110     691       0       0       0       0       0       000010000D0001371
     110       0       0       1       0                               0D0001372
     110     692       0       0       0       0       0       000010000D0001373
     110       0       0       1       0                               0D0001374
     402     693       0       0       0       0       0       000020000D0001375
     402       0       0       1       1                               0D0001376
     144     694       0       0       0       0       0       000020000D0001377
     144       0       0       1       0                               0D0001378
     108     695       0       0       0       0       0       000010000D0001379
     108       0       0       1       0                               0D0001380
     142     696       0       0       0       0       0       000010500D0001381
     142       0       0       1       0                               0D0001382
     102     697       0       0       0       0       0       000010000D0001383
     102       0       0       1       0                               0D0001384
     110     698       0       0       0       0       0       000010000D0001385
     110       0       0       1       0                               0D0001386
     110     699       0       0       0       0       0       000010000D0001387
     110       0       0       1       0                               0D0001388
     110     700       0       0       0       0       0       000010000D0001389
     110       0       0       1       0                               0D0001390
     110     701       0       0       0       0       0       000010000D0001391
     110       0       0       1       0                               0D0001392
     144     702       0       0       0       0       0       000020000D0001393
     144       0       0       1       0                               0D0001394
     108     703       0       0       0       0       0       000010000D0001395
     108       0       0       1       0                               0D0001396
     142     704       0       0       0       0       0       000010500D0001397
     142       0       0       1       0                               0D0001398
     102     705       0       0       0       0       0       000010000D0001399
     102       0       0       1       0                               0D0001400
     110     706       0       0       0       0       0       000010000D0001401
     110       0       0       1       0                               0D0001402
     110     707       0       0       0       0       0       000010000D0001403
     110       0       0       1       0                               0D0001404
     110     708       0       0       0       0       0       000010000D0001405
     110       0       0       1       0                               0D0001406
     110     709       0       0       0       0       0       000010000D0001407
     110       0       0       1       0                               0D0001408
     144     710       0       0       0       0       0       000020000D0001409
     144       0       0       1       0                               0D0001410
     108     711       0       0       0       0       0       000010000D0001411
     108       0       0       1       0                               0D0001412
     142     712       0       0       0       0       0       000010500D0001413
     142       0       0       1       0                               0D0001414
     102     713       0       0       0       0       0       000010000D0001415
     102       0       0       1       0                               0D0001416
     110     714       0       0       0       0       0       000010000D0001417
     110       0       0       1       0                               0D0001418
     110     715       0       0       0       0       0       000010000D0001419
     110       0       0       1       0                               0D0001420
     110     716       0       0       0       0       0       000010000D0001421
     110       0       0       1       0                               0D0001422
     110     717       0       0       0       0       0       000010000D0001423
     110       0       0       1       0                               0D0001424
     144     718       0       0       0       0       0       000020000D0001425
     144       0       0       1       0                               0D0001426
     108     719       0       0       0       0       0       000010000D0001427
     108       0       0       1       0                               0D0001428
     142     720       0       0       0       0       0       000010500D0001429
     142       0       0       1       0                               0D0001430
     102     721       0       0       0       0       0       000010000D0001431
     102       0       0       1       0                               0D0001432
     110     722       0       0       0       0       0       000010000D0001433
     110       0       0       1       0                               0D0001434
     110     723       0       0       0       0       0       000010000D0001435
     110       0       0       1       0                               0D0001436
     110     724       0       0       0       0       0       000010000D0001437
     110       0       0       1       0                               0D0001438
     110     725       0       0       0       0       0       000010000D0001439
     110       0       0       1       0                               0D0001440
     144     726       0       0       0       0       0       000020000D0001441
     144       0       0       1       0                               0D0001442
     108     727       0       0       0       0       0       000010000D0001443
     108       0       0       1       0                               0D0001444
     142     728       0       0       0       0       0       000010500D0001445
     142       0       0       1       0                               0D0001446
     102     729       0       0       0       0       0       000010000D0001447
     102       0       0       1       0                               0D0001448
     110     730       0       0       0       0       0       000010000D0001449
     110       0       0       1       0                               0D0001450
     110     731       0       0       0       0       0       000010000D0001451
     110       0       0       1       0                               0D0001452
     110     732       0       0       0       0       0       000010000D0001453
     110       0       0       1       0                               0D0001454
     110     733       0       0       0       0       0       000010000D0001455
     110       0       0       1       0                               0D0001456
     144     734       0       0       0       0       0       000020000D0001457
     144       0       0       1       0                               0D0001458
     108     735       0       0       0       0       0       000010000D0001459
     108       0       0       1       0                               0D0001460
     142     736       0       0       0       0       0       000010500D0001461
     142       0       0       1       0                               0D0001462
     102     737       0       0       0       0       0       000010000D0001463
     102       0       0       1       0                               0D0001464
     110     738       0       0       0       0       0       000010000D0001465
     110       0       0       1       0                               0D0001466
     110     739       0       0       0       0       0       000010000D0001467
     110       0       0       1       0                               0D0001468
     110     740       0       0       0       0       0       000010000D0001469
     110       0       0       1       0                               0D0001470
     110     741       0       0       0       0       0       000010000D0001471
     110       0       0       1       0                               0D0001472
     402     742       0       0       0       0       0       000020000D0001473
     402       0       0       1       1                               0D0001474
     144     743       0       0       0       0       0       000020000D0001475
     144       0       0       1       0                               0D0001476
     108     744       0       0       0       0       0       000010000D0001477
     108       0       0       1       0                               0D0001478
     142     745       0       0       0       0       0       000010500D0001479
     142       0       0       1       0                               0D0001480
     102     746       0       0       0       0       0       000010000D0001481
     102       0       0       1       0                               0D0001482
     110     747       0       0       0       0       0       000010000D0001483
     110       0       0       1       0                               0D0001484
     110     748       0       0       0       0       0       000010000D0001485
     110       0       0       1       0                               0D0001486
     110     749       0       0       0       0       0       000010000D0001487
     110       0       0       1       0                               0D0001488
     110     750       0       0       0       0       0       000010000D0001489
     110       0       0       1       0                               0D0001490
     144     751       0       0       0       0       0       000020000D0001491
     144       0       0       1       0                               0D0001492
     108     752       0       0       0       0       0       000010000D0001493
     108       0       0       1       0                               0D0001494
     142     753       0       0       0       0       0       000010500D0001495
     142       0       0       1       0                               0D0001496
     102     754       0       0       0       0       0       000010000D0001497
     102       0       0       1       0                               0D0001498
     110     755       0       0       0       0       0       000010000D0001499
     110       0       0       1       0                               0D0001500
     110     756       0       0       0       0       0       000010000D0001501
     110       0       0       1       0                               0D0001502
     110     757       0       0       0       0       0       000010000D0001503
     110       0       0       1       0                               0D0001504
     110     758       0       0       0       0       0       000010000D0001505
     110       0       0       1       0                               0D0001506
     144     759       0       0       0       0       0       000020000D0001507
     144       0       0       1       0                               0D0001508
     108     760       0       0       0       0       0       000010000D0001509
     108       0       0       1       0                               0D0001510
     142     761       0       0       0       0       0       000010500D0001511
     142       0       0       1       0                               0D0001512
     102     762       0       0       0       0       0       000010000D0001513
     102       0       0       1       0                               0D0001514
     110     763       0       0       0       0       0       000010000D0001515
     110       0       0       1       0                               0D0001516
     110     764       0       0       0       0       0       000010000D0001517
     110       0       0       1       0                               0D0001518
     110     765       0       0       0       0       0       000010000D0001519
     110       0       0       1       0                               0D0001520
     110     766       0       0       0       0       0       000010000D0001521
     110       0       0       1       0                               0D0001522
     144     767       0       0       0       0       0       000020000D0001523
     144       0       0       1       0                               0D0001524
     108     768       0       0       0       0       0       000010000D0001525
     108       0       0       1       0                               0D0001526
     142     769       0       0       0       0       0       000010500D0001527
     142       0       0       1       0                               0D0001528
     102     770       0       0       0       0       0       000010000D0001529
     102       0       0       1       0                               0D0001530
     110     771       0       0       0       0       0       000010000D0001531
     110       0       0       1       0                               0D0001532
     110     772       0       0       0       0       0       000010000D0001533
     110       0       0       1       0                               0D0001534
     110     773       0       0       0       0       0       000010000D0001535
     110       0       0       1       0                               0D0001536
     110     774       0       0       0       0       0       000010000D0001537
     110       0       0       1       0                               0D0001538
     144     775       0       0       0       0       0       000020000D0001539
     144       0       0       1       0                               0D0001540
     108     776       0       0       0       0       0       000010000D0001541
     108       0       0       1       0                               0D0001542
     142     777       0       0       0       0       0       000010500D0001543
     142       0       0       1       0                               0D0001544
     102     778       0       0       0       0       0       000010000D0001545
     102       0       0       1       0                               0D0001546
     110     779       0       0       0       0       0       000010000D0001547
     110       0       0       1       0                               0D0001548
     110     780       0       0       0       0       0       000010000D0001549
     110       0       0       1       0                               0D0001550
     110     781       0       0       0       0       0       000010000D0001551
     110       0       0       1       0                               0D0001552
     110     782       0       0       0       0       0       000010000D0001553
     110       0       0       1       0                               0D0001554
     144     783       0       0       0       0       0       000020000D0001555
     144       0       0       1       0                               0D0001556
     108     784       0       0       0       0       0       000010000D0001557
     108       0       0       1       0                               0D0001558
     142     785       0       0       0       0       0       000010500D0001559
     142       0       0       1       0                               0D0001560
     102     786       0       0       0       0       0       000010000D0001561
     102       0       0       1       0                               0D0001562
     110     787       0       0       0       0       0       000010000D0001563
     110       0       0       1       0                               0D0001564
     110     788       0       0       0       0       0       000010000D0001565
     110       0       0       1       0                               0D0001566
     110     789       0       0       0       0       0       000010000D0001567
     110       0       0       1       0                               0D0001568
     110     790       0       0       0       0       0       000010000D0001569
     110       0       0       1       0                               0D0001570
     402     791       0       0       0       0       0       000020000D0001571
     402       0       0       1       1                               0D0001572
     144     792       0       0       0       0       0       000020000D0001573
     144       0       0       1       0                               0D0001574
     108     793       0       0       0       0       0       000010000D0001575
     108       0       0       1       0                               0D0001576
     142     794       0       0       0       0       0       000010500D0001577
     142       0       0       1       0                               0D0001578
     102     795       0       0       0       0       0       000010000D0001579
     102       0       0       1       0                               0D0001580
     110     796       0       0       0       0       0       000010000D0001581
     110       0       0       1       0                               0D0001582
     110     797       0       0       0       0       0       000010000D0001583
     110       0       0       1       0                               0D0001584
     110     798       0       0       0       0       0       000010000D0001585
     110       0       0       1       0                               0D0001586
     110     799       0       0       0       0       0       000010000D0001587
     110       0       0       1       0                               0D0001588
     144     800       0       0       0       0       0       000020000D0001589
     144       0       0       1       0                               0D0001590
     108     801       0       0       0       0       0       000010000D0001591
     108       0       0       1       0                               0D0001592
     142     802       0       0       0       0       0       000010500D0001593
     142       0       0       1       0                               0D0001594
     102     803       0       0       0       0       0       000010000D0001595
     102       0       0       1       0                               0D0001596
     110     804       0       0       0       0       0       000010000D0001597
     110       0       0       1       0                               0D0001598
     110     805       0       0       0       0       0       000010000D0001599
     110       0       0       1       0                               0D0001600
     110     806       0       0       0       0       0       000010000D0001601
     110       0       0       1       0                               0D0001602
     110     807       0       0       0       0       0       000010000D0001603
     110       0       0       1       0                               0D0001604
     144     808       0       0       0       0       0       000020000D0001605
     144       0       0       1       0                               0D0001606
     108     809       0       0       0       0       0       000010000D0001607
     108       0       0       1       0                               0D0001608
     142     810       0       0       0       0       0       000010500D0001609
     142       0       0       1       0                               0D0001610
     102     811       0       0       0       0       0       000010000D0001611
     102       0       0       1       0                               0D0001612
     110     812       0       0       0       0       0       000010000D0001613
     110       0       0       1       0                               0D0001614
     110     813       0       0       0       0       0       000010000D0001615
     110       0       0       1       0                               0D0001616
     110     814       0       0       0       0       0       000010000D0001617
     110       0       0       1       0                               0D0001618
     110     815       0       0       0       0       0       000010000D0001619
     110       0       0       1       0                               0D0001620
     144     816       0       0       0       0       0       000020000D0001621
     144       0       0       1       0                               0D0001622
     108     817       0       0       0       0       0       000010000D0001623
     108       0       0       1       0                               0D0001624
     142     818       0       0       0       0       0       000010500D0001625
     142       0       0       1       0                               0D0001626
     102     819       0       0       0       0       0       000010000D0001627
     102       0       0       1       0                               0D0001628
     110     820       0       0       0       0       0       000010000D0001629
     110       0       0       1       0                               0D0001630
     110     821       0       0       0       0       0       000010000D0001631
     110       0       0       1       0                               0D0001632
     110     822       0       0       0       0       0       000010000D0001633
     110       0       0       1       0                               0D0001634
     110     823       0       0       0       0       0       000010000D0001635
     110       0       0       1       0                               0D0001636
     144     824       0       0       0       0       0       000020000D0001637
     144       0       0       1       0                               0D0001638
     108     825       0       0       0       0       0       000010000D0001639
     108       0       0       1       0                               0D0001640
     142     826       0       0       0       0       0       000010500D0001641
     142       0       0       1       0                               0D0001642
     102     827       0       0       0       0       0       000010000D0001643
     102       0       0       1       0                               0D0001644
     110     828       0       0       0       0       0       000010000D0001645
     110       0       0       1       0                               0D0001646
     110     829       0       0       0       0       0       000010000D0001647
     110       0       0       1       0                               0D0001648
     110     830       0       0       0       0       0       000010000D0001649
     110       0       0       1       0                               0D0001650
     110     831       0       0       0       0       0       000010000D0001651
     110       0       0       1       0                               0D0001652
     144     832       0       0       0       0       0       000020000D0001653
     144       0       0       1       0                               0D0001654
     108     833       0       0       0       0       0       000010000D0001655
     108       0       0       1       0                               0D0001656
     142     834       0       0       0       0       0       000010500D0001657
     142       0       0       1       0                               0D0001658
     102     835       0       0       0       0       0       000010000D0001659
     102       0       0       1       0                               0D0001660
     110     836       0       0       0       0       0       000010000D0001661
     110       0       0       1       0                               0D0001662
     110     837       0       0       0       0       0       000010000D0001663
     110       0       0       1       0                               0D0001664
     110     838       0       0       0       0       0       000010000D0001665
     110       0       0       1       0                               0D0001666
     110     839       0       0       0       0       0       000010000D0001667
     110       0       0       1       0                               0D0001668
     402     840       0       0       0       0       0       000020000D0001669
     402       0       0       1       1                               0D0001670
     144     841       0       0       0       0       0       000020000D0001671
     144       0       0       1       0                               0D0001672
     108     842       0       0       0       0       0       000010000D0001673
     108       0       0       1       0                               0D0001674
     142     843       0       0       0       0       0       000010500D0001675
     142       0       0       1       0                               0D0001676
     102     844       0       0       0       0       0       000010000D0001677
     102       0       0       1       0                               0D0001678
     110     845       0       0       0       0       0       000010000D0001679
     110       0       0       1       0                               0D0001680
     110     846       0       0       0       0       0       000010000D0001681
     110       0       0       1       0                               0D0001682
     110     847       0       0       0       0       0       000010000D0001683
     110       0       0       1       0                               0D0001684
     110     848       0       0       0       0       0       000010000D0001685
     110       0       0       1       0                               0D0001686
     144     849       0       0       0       0       0       000020000D0001687
     144       0       0       1       0                               0D0001688
     108     850       0       0       0       0       0       000010000D0001689
     108       0       0       1       0                               0D0001690
     142     851       0       0       0       0       0       000010500D0001691
     142       0       0       1       0                               0D0001692
     102     852       0       0       0       0       0       000010000D0001693
     102       0       0       1       0                               0D0001694
     110     853       0       0       0       0       0       000010000D0001695
     110       0       0       1       0                               0D0001696
     110     854       0       0       0       0       0       000010000D0001697
     110       0       0       1       0                               0D0001698
     110     855       0       0       0       0       0       000010000D0001699
     110       0       0       1       0                               0D0001700
     110     856       0       0       0       0       0       000010000D0001701
     110       0       0       1       0                               0D0001702
     144     857       0       0       0       0       0       000020000D0001703
     144       0       0       1       0                               0D0001704
     108     858       0       0       0       0       0       000010000D0001705
     108       0       0       1       0                               0D0001706
     142     859       0       0       0       0       0       000010500D0001707
     142       0       0       1       0                               0D0001708
     102     860       0       0       0       0       0       000010000D0001709
     102       0       0       1       0                               0D0001710
     110     861       0       0       0       0       0       000010000D0001711
     110       0       0       1       0                               0D0001712
     110     862       0       0       0       0       0       000010000D0001713
     110       0       0       1       0                               0D0001714
     110     863       0       0       0       0       0       000010000D0001715
     110       0       0       1       0                               0D0001716
     110     864       0       0       0       0       0       000010000D0001717
     110       0       0       1       0                               0D0001718
     144     865       0       0       0       0       0       000020000D0001719
     144       0       0       1       0                               0D0001720
     108     866       0       0       0       0       0       000010000D0001721
     108       0       0       1       0                               0D0001722
     142     867       0       0       0       0       0       000010500D0001723
     142       0       0       1       0                               0D0001724
     102     868       0       0       0       0       0       000010000D0001725
     102       0       0       1       0                               0D0001726
     110     869       0       0       0       0       0       000010000D0001727
     110       0       0       1       0                               0D0001728
     110     870       0       0       0       0       0       000010000D0001729
     110       0       0       1       0                               0D0001730
     110     871       0       0       0       0       0       000010000D0001731
     110       0       0       1       0                               0D0001732
     110     872       0       0       0       0       0       000010000D0001733
     110       0       0       1       0                               0D0001734
     144     873       0       0       0       0       0       000020000D0001735
     144       0       0       1       0                               0D0001736
     108     874       0       0       0       0       0       000010000D0001737
     108       0       0       1       0                               0D0001738
     142     875       0       0       0       0       0       000010500D0001739
     142       0       0       1       0                               0D0001740
     102     876       0       0       0       0       0       000010000D0001741
     102       0       0       1       0                               0D0001742
     110     877       0       0       0       0       0       000010000D0001743
     110       0       0       1       0                               0D0001744
     110     878       0       0       0       0       0       000010000D0001745
     110       0       0       1       0                               0D0001746
     110     879       0       0       0       0       0       000010000D0001747
     110       0       0       1       0                               0D0001748
     110     880       0       0       0       0       0       000010000D0001749
     110       0       0       1       0                               0D0001750
     144     881       0       0       0       0       0       000020000D0001751
     144       0       0       1       0                               0D0001752
     108     882       0       0       0       0       0       000010000D0001753
     108       0       0       1       0                               0D0001754
     142     883       0       0       0       0       0       000010500D0001755
     142       0       0       1       0                               0D0001756
     102     884       0       0       0       0       0       000010000D0001757
     102       0       0       1       0                               0D0001758
     110     885       0       0       0       0       0       000010000D0001759
     110       0       0       1       0                               0D0001760
     110     886       0       0       0       0       0       000010000D0001761
     110       0       0       1       0                               0D0001762
     110     887       0       0       0       0       0       000010000D0001763
     110       0       0       1       0                               0D0001764
     110     888       0       0       0       0       0       000010000D0001765
     110       0       0       1       0                               0D0001766
     402     889       0       0       0       0       0       000020000D0001767
     402       0       0       1       1                               0D0001768
     144     890       0       0       0       0       0       000020000D0001769
     144       0       0       1       0                               0D0001770
     108     891       0       0       0       0       0       000010000D0001771
     108       0       0       1       0                               0D0001772
     142     892       0       0       0       0       0       000010500D0001773
     142       0       0       1       0                               0D0001774
     102     893       0       0       0       0       0       000010000D0001775
     102       0       0       1       0                               0D0001776
     110     894       0       0       0       0       0       000010000D0001777
     110       0       0       1       0                               0D0001778
     110     895       0       0       0       0       0       000010000D0001779
     110       0       0       1       0                               0D0001780
     110     896       0       0       0       0       0       000010000D0001781
     110       0       0       1       0                               0D0001782
     110     897       0       0       0       0       0       000010000D0001783
     110       0       0       1       0                               0D0001784
     144     898       0       0       0       0       0       000020000D0001785
     144       0       0       1       0                               0D0001786
     108     899       0       0       0       0       0       000010000D0001787
     108       0       0       1       0                               0D0001788
     142     900       0       0       0       0       0       000010500D0001789
     142       0       0       1       0                               0D0001790
     102     901       0       0       0       0       0       000010000D0001791
     102       0       0       1       0                               0D0001792
     110     902       0       0       0       0       0       000010000D0001793
     110       0       0       1       0                               0D0001794
     110     903       0       0       0       0       0       000010000D0001795
     110       0       0       1       0                               0D0001796
     110     904       0       0       0       0       0       000010000D0001797
     110       0       0       1       0                               0D0001798
     110     905       0       0       0       0       0       000010000D0001799
     110       0       0       1       0                               0D0001800
     144     906       0       0       0       0       0       000020000D0001801
     144       0       0       1       0                               0D0001802
     108     907       0       0       0       0       0       000010000D0001803
     108       0       0       1       0                               0D0001804
     142     908       0       0       0       0       0       000010500D0001805
     142       0       0       1       0                               0D0001806
     102     909       0       0       0       0       0       000010000D0001807
     102       0       0       1       0                               0D0001808
     110     910       0       0       0       0       0       000010000D0001809
     110       0       0       1       0                               0D0001810
     110     911       0       0       0       0       0       000010000D0001811
     110       0       0       1       0                               0D0001812
     110     912       0       0       0       0       0       000010000D0001813
     110       0       0       1       0                               0D0001814
     110     913       0       0       0       0       0       000010000D0001815
     110       0       0       1       0                               0D0001816
     144     914       0       0       0       0       0       000020000D0001817
     144       0       0       1       0                               0D0001818
     108     915       0       0       0       0       0       000010000D0001819
     108       0       0       1       0                               0D0001820
     142     916       0       0       0       0       0       000010500D0001821
     142       0       0       1       0                               0D0001822
     102     917       0       0       0       0       0       000010000D0001823
     102       0       0       1       0                               0D0001824
     110     918       0       0       0       0       0       000010000D0001825
     110       0       0       1       0                               0D0001826
     110     919       0       0       0       0       0       000010000D0001827
     110       0       0       1       0                               0D0001828
     110     920       0       0       0       0       0       000010000D0001829
     110       0       0       1       0                               0D0001830
     110     921       0       0       0       0       0       000010000D0001831
     110       0       0       1       0                               0D0001832
     144     922       0       0       0       0       0       000020000D0001833
     144       0       0       1       0                               0D0001834
     108     923       0       0       0       0       0       000010000D0001835
     108       0       0       1       0                               0D0001836
     142     924       0       0       0       0       0       000010500D0001837
     142       0       0       1       0                               0D0001838
     102     925       0       0       0       0       0       000010000D0001839
     102       0       0       1       0                               0D0001840
     110     926       0       0       0       0       0       000010000D0001841
     110       0       0       1       0                               0D0001842
     110     927       0       0       0       0       0       000010000D0001843
     110       0       0       1       0                               0D0001844
     110     928       0       0       0       0       0       000010000D0001845
     110       0       0       1       0                               0D0001846
     110     929       0       0       0       0       0       000010000D0001847
     110       0       0       1       0                               0D0001848
     144     930       0       0       0       0       0       000020000D0001849
     144       0       0       1       0                               0D0001850
     108     931       0       0       0       0       0       000010000D0001851
     108       0       0       1       0                               0D0001852
     142     932       0       0       0       0       0       000010500D0001853
     142       0       0       1       0                               0D0001854
     102     933       0       0       0       0       0       000010000D0001855
     102       0       0       1       0                               0D0001856
     110     934       0       0       0       0       0       000010000D0001857
     110       0       0       1       0                               0D0001858
     110     935       0       0       0       0       0       000010000D0001859
     110       0       0       1       0                               0D0001860
     110     936       0       0       0       0       0       000010000D0001861
     110       0       0       1       0                               0D0001862
     110     937       0       0       0       0       0       000010000D0001863
     110       0       0       1       0                               0D0001864
     402     938       0       0       0       0       0       000020000D0001865
     402       0       0       1       1                               0D0001866
     144     939       0       0       0       0       0       000020000D0001867
     144       0       0       1       0                               0D0001868
     108     940       0       0       0       0       0       000010000D0001869
     108       0       0       1       0                               0D0001870
     142     941       0       0       0       0       0       000010500D0001871
     142       0       0       1       0                               0D0001872
     102     942       0       0       0       0       0       000010000D0001873
     102       0       0       1       0                               0D0001874
     110     943       0       0       0       0       0       000010000D0001875
     110       0       0       1       0                               0D0001876
     110     944       0       0       0       0       0       000010000D0001877
     110       0       0       1       0                               0D0001878
     110     945       0       0       0       0       0       000010000D0001879
     110       0       0       1       0                               0D0001880
     110     946       0       0       0       0       0       000010000D0001881
     110       0       0       1       0                               0D0001882
     144     947       0       0       0       0       0       000020000D0001883
     144       0       0       1       0                               0D0001884
     108     948       0       0       0       0       0       000010000D0001885
     108       0       0       1       0                               0D0001886
     142     949       0       0       0       0       0       000010500D0001887
     142       0       0       1       0                               0D0001888
     102     950       0       0       0       0       0       000010000D0001889
     102       0       0       1       0                               0D0001890
     110     951       0       0       0       0       0       000010000D0001891
     110       0       0       1       0                               0D0001892
     110     952       0       0       0       0       0       000010000D0001893
     110       0       0       1       0                               0D0001894
     110     953       0       0       0       0       0       000010000D0001895
     110       0       0       1       0                               0D0001896
     110     954       0       0       0       0       0       000010000D0001897
     110       0       0       1       0                               0D0001898
     144     955       0       0       0       0       0       000020000D0001899
     144       0       0       1       0                               0D0001900
     108     956       0       0       0       0       0       000010000D0001901
     108       0       0       1       0                               0D0001902
     142     957       0       0       0       0       0       000010500D0001903
     142       0       0       1       0                               0D0001904
     102     958       0       0       0       0       0       000010000D0001905
     102       0       0       1       0                               0D0001906
     110     959       0       0       0       0       0       000010000D0001907
     110       0       0       1       0                               0D0001908
     110     960       0       0       0       0       0       000010000D0001909
     110       0       0       1       0                               0D0001910
     110     961       0       0       0       0       0       000010000D0001911
     110       0       0       1       0                               0D0001912
     110     962       0       0       0       0       0       000010000D0001913
     110       0       0       1       0                               0D0001914
     144     963       0       0       0       0       0       000020000D0001915
     144       0       0       1       0                               0D0001916
     108     964       0       0       0       0       0       000010000D0001917
     108       0       0       1       0                               0D0001918
     142     965       0       0       0       0       0       000010500D0001919
     142       0       0       1       0                               0D0001920
     102     966       0       0       0       0       0       000010000D0001921
     102       0       0       1       0                               0D0001922
     110     967       0       0       0       0       0       000010000D0001923
     110       0       0       1       0                               0D0001924
     110     968       0       0       0       0       0       000010000D0001925
     110       0       0       1       0                               0D0001926
     110     969       0       0       0       0       0       000010000D0001927
     110       0       0       1       0                               0D0001928
     110     970       0       0       0       0       0       000010000D0001929
     110       0       0       1       0                               0D0001930
     144     971       0       0       0       0       0       000020000D0001931
     144       0       0       1       0                               0D0001932
     108     972       0       0       0       0       0       000010000D0001933
     108       0       0       1       0                               0D0001934
     142     973       0       0       0       0       0       000010500D0001935
     142       0       0       1       0                               0D0001936
     102     974       0       0       0       0       0       000010000D0001937
     102       0       0       1       0                               0D0001938
     110     975       0       0       0       0       0       000010000D0001939
     110       0       0       1       0                               0D0001940
     110     976       0       0       0       0       0       000010000D0001941
     110       0       0       1       0                               0D0001942
     110     977       0       0       0       0       0       000010000D0001943
     110       0       0       1       0                               0D0001944
     110     978       0       0       0       0       0       000010000D0001945
     110       0       0       1       0                               0D0001946
     144     979       0       0       0       0       0       000020000D0001947
     144       0       0       1       0                               0D0001948
     108     980       0       0       0       0       0       000010000D0001949
     108       0       0       1       0                               0D0001950
     142     981       0       0       0       0       0       000010500D0001951
     142       0       0       1       0                               0D0001952
     102     982       0       0       0       0       0       000010000D0001953
     102       0       0       1       0                               0D0001954
     110     983       0       0       0       0       0       000010000D0001955
     110       0       0       1       0                               0D0001956
     110     984       0       0       0       0       0       000010000D0001957
     110       0       0       1       0                               0D0001958
     110     985       0       0       0       0       0       000010000D0001959
     110       0       0       1       0                               0D0001960
     110     986       0       0       0       0       0       000010000D0001961
     110       0       0       1       0                               0D0001962
     402     987       0       0       0       0       0       000020000D0001963
     402       0       0       1       1                               0D0001964
     144     988       0       0       0       0       0       000020000D0001965
     144       0       0       1       0                               0D0001966
     108     989       0       0       0       0       0       000010000D0001967
     108       0       0       1       0                               0D0001968
     142     990       0       0       0       0       0       000010500D0001969
     142       0       0       1       0                               0D0001970
     102     991       0       0       0       0       0       000010000D0001971
     102       0       0       1       0                               0D0001972
     110     992       0       0       0       0       0       000010000D0001973
     110       0       0       1       0                               0D0001974
     110     993       0       0       0       0       0       000010000D0001975
     110       0       0       1       0                               0D0001976
     110     994       0       0       0       0       0       000010000D0001977
     110       0       0       1       0                               0D0001978
     110     995       0       0       0       0       0       000010000D0001979
     110       0       0       1       0                               0D0001980
     144     996       0       0       0       0       0       000020000D0001981
     144       0       0       1       0                               0D0001982
     108     997       0       0       0       0       0       000010000D0001983
     108       0       0       1       0                               0D0001984
     142     998       0       0       0       0       0       000010500D0001985
     142       0       0       1       0                               0D0001986
     102     999       0       0       0       0       0       000010000D0001987
     102       0       0       1       0                               0D0001988
     110    1000       0       0       0       0       0       000010000D0001989
     110       0       0       1       0                               0D0001990
     110    1001       0       0       0       0       0       000010000D0001991
     110       0       0       1       0                               0D0001992
     110    1002       0       0       0       0       0       000010000D0001993
     110       0       0       1       0                               0D0001994
     110    1003       0       0       0       0       0       000010000D0001995
     110       0       0       1       0                               0D0001996
     144    1004       0       0       0       0       0       000020000D0001997
     144       0       0       1       0                               0D0001998
     108    1005       0       0       0       0       0       000010000D0001999
     108       0       0       1       0                               0D0002000
     142    1006       0       0       0       0       0       000010500D0002001
     142       0       0       1       0                               0D0002002
     102    1007       0       0       0       0       0       000010000D0002003
     102       0       0       1       0                               0D0002004
     110    1008       0       0       0       0       0       000010000D0002005
     110       0       0       1       0                               0D0002006
     110    1009       0       0       0       0       0       000010000D0002007
     110       0       0       1       0                               0D0002008
     110    1010       0       0       0       0       0       000010000D0002009
     110       0       0       1       0                               0D0002010
     110    1011       0       0       0       0       0       000010000D0002011
     110       0       0       1       0                               0D0002012
     144    1012       0       0       0       0       0       000020000D0002013
     144       0       0       1       0                               0D0002014
     108    1013       0       0       0       0       0       000010000D0002015
     108       0       0       1       0                               0D0002016
     142    1014       0       0       0       0       0       000010500D0002017
     142       0       0       1       0                               0D0002018
     102    1015       0       0       0       0       0       000010000D0002019
     102       0       0       1       0                               0D0002020
     110    1016       0       0       0       0       0       000010000D0002021
     110       0       0       1       0                               0D0002022
     110    1017       0       0       0       0       0       000010000D0002023
     110       0       0       1       0                               0D0002024
     110    1018       0       0       0       0       0       000010000D0002025
     110       0       0       1       0                               0D0002026
     110    1019       0       0       0       0       0       000010000D0002027
     110       0       0       1       0                               0D0002028
     144    1020       0       0       0       0       0       000020000D0002029
     144       0       0       1       0                               0D0002030
     108    1021       0       0       0       0       0       000010000D0002031
     108       0       0       1       0                               0D0002032
     142    1022       0       0       0       0       0       000010500D0002033
     142       0       0       1       0                               0D0002034
     102    1023       0       0       0       0       0       000010000D0002035
     102       0       0       1       0                               0D0002036
     110    1024       0       0       0       0       0       000010000D0002037
     110       0       0       1       0                               0D0002038
     110    1025       0       0       0       0       0       000010000D0002039
     110       0       0       1       0                               0D0002040
     110    1026       0       0       0       0       0       000010000D0002041
     110       0       0       1       0                               0D0002042
     110    1027       0       0       0       0       0       000010000D0002043
     110       0       0       1       0                               0D0002044
     144    1028       0       0       0       0       0       000020000D0002045
     144       0       0       1       0                               0D0002046
     108    1029       0       0       0       0       0       000010000D0002047
     108       0       0       1       0                               0D0002048
     142    1030       0       0       0       0       0       000010500D0002049
     142       0       0       1       0                               0D0002050
     102    1031       0       0       0       0       0       000010000D0002051
     102       0       0       1       0                               0D0002052
     110    1032       0       0       0       0       0       000010000D0002053
     110       0       0       1       0                               0D0002054
     110    1033       0       0       0       0       0       000010000D0002055
     110       0       0       1       0                               0D0002056
     110    1034       0       0       0       0       0       000010000D0002057
     110       0       0       1       0                               0D0002058
     110    1035       0       0       0       0       0       000010000D0002059
     110       0       0       1       0                               0D0002060
     402    1036       0       0       0       0       0       000020000D0002061
     402       0       0       1       1                               0D0002062
     144    1037       0       0       0       0       0       000020000D0002063
     144       0       0       1       0                               0D0002064
     108    1038       0       0       0       0       0       000010000D0002065
     108       0       0       1       0                               0D0002066
     142    1039       0       0       0       0       0       000010500D0002067
     142       0       0       1       0                               0D0002068
     102    1040       0       0       0       0       0       000010000D0002069
     102       0       0       1       0                               0D0002070
     110    1041       0       0       0       0       0       000010000D0002071
     110       0       0       1       0                               0D0002072
     110    1042       0       0       0       0       0       000010000D0002073
     110       0       0       1       0                               0D0002074
     110    1043       0       0       0       0       0       000010000D0002075
     110       0       0       1       0                               0D0002076
     110    1044       0       0       0       0       0       000010000D0002077
     110       0       0       1       0                               0D0002078
     144    1045       0       0       0       0       0       000020000D0002079
     144       0       0       1       0                               0D0002080
     108    1046       0       0       0       0       0       000010000D0002081
     108       0       0       1       0                               0D0002082
     142    1047       0       0       0       0       0       000010500D0002083
     142       0       0       1       0                               0D0002084
     102    1048       0       0       0       0       0       000010000D0002085
     102       0       0       1       0                               0D0002086
     110    1049       0       0       0       0       0       000010000D0002087
     110       0       0       1       0                               0D0002088
     110    1050       0       0       0       0       0       000010000D0002089
     110       0       0       1       0                               0D0002090
     110    1051       0       0       0       0       0       000010000D0002091
     110       0       0       1       0                               0D0002092
     110    1052       0       0       0       0       0       000010000D0002093
     110       0       0       1       0                               0D0002094
     144    1053       0       0       0       0       0       000020000D0002095
     144       0       0       1       0                               0D0002096
     108    1054       0       0       0       0       0       000010000D0002097
     108       0       0       1       0                               0D0002098
     142    1055       0       0       0       0       0       000010500D0002099
     142       0       0       1       0                               0D0002100
     102    1056       0       0       0       0       0       000010000D0002101
     102       0       0       1       0                               0D0002102
     110    1057       0       0       0       0       0       000010000D0002103
     110       0       0       1       0                               0D0002104
     110    1058       0       0       0       0       0       000010000D0002105
     110       0       0       1       0                               0D0002106
     110    1059       0       0       0       0       0       000010000D0002107
     110       0       0       1       0                               0D0002108
     110    1060       0       0       0       0       0       000010000D0002109
     110       0       0       1       0                               0D0002110
     144    1061       0       0       0       0       0       000020000D0002111
     144       0       0       1       0                               0D0002112
     108    1062       0       0       0       0       0       000010000D0002113
     108       0       0       1       0                               0D0002114
     142    1063       0       0       0       0       0       000010500D0002115
     142       0       0       1       0                               0D0002116
     102    1064       0       0       0       0       0       000010000D0002117
     102       0       0       1       0                               0D0002118
     110    1065       0       0       0       0       0       000010000D0002119
     110       0       0       1       0                               0D0002120
     110    1066       0       0       0       0       0       000010000D0002121
     110       0       0       1       0                               0D0002122
     110    1067       0       0       0       0       0       000010000D0002123
     110       0       0       1       0                               0D0002124
     110    1068       0       0       0       0       0       000010000D0002125
     110       0       0       1       0                               0D0002126
     144    1069       0       0       0       0       0       000020000D0002127
     144       0       0       1       0                               0D0002128
     108    1070       0       0       0       0       0       000010000D0002129
     108       0       0       1       0                               0D0002130
     142    1071       0       0       0       0       0       000010500D0002131
     142       0       0       1       0                               0D0002132
     102    1072       0       0       0       0       0       000010000D0002133
     102       0       0       1       0                               0D0002134
     110    1073       0       0       0       0       0       000010000D0002135
     110       0       0       1       0                               0D0002136
     110    1074       0       0       0       0       0       000010000D0002137
     110       0       0       1       0                               0D0002138
     110    1075       0       0       0       0       0       000010000D0002139
     110       0       0       1       0                               0D0002140
     110    1076       0       0       0       0       0       000010000D0002141
     110       0       0       1       0                               0D0002142
     144    1077       0       0       0       0       0       000020000D0002143
     144       0       0       1       0                               0D0002144
     108    1078       0       0       0       0       0       000010000D0002145
     108       0       0       1       0                               0D0002146
     142    1079       0       0       0       0       0       000010500D0002147
     142       0       0       1       0                               0D0002148
     102    1080       0       0       0       0       0       000010000D0002149
     102       0       0       1       0                               0D0002150
     110    1081       0       0       0       0       0       000010000D0002151
     110       0       0       1       0                               0D0002152
     110    1082       0       0       0       0       0       000010000D0002153
     110       0       0       1       0                               0D0002154
     110    1083       0       0       0       0       0       000010000D0002155
     110       0       0       1       0                               0D0002156
     110    1084       0       0       0       0       0       000010000D0002157
     110       0       0       1       0                               0D0002158
     402    1085       0       0       0       0       0       000020000D0002159
     402       0       0       1       1                               0D0002160
     144    1086       0       0       0       0       0       000020000D0002161
     144       0       0       1       0                               0D0002162
     108    1087       0       0       0       0       0       000010000D0002163
     108       0       0       1       0                               0D0002164
     142    1088       0       0       0       0       0       000010500D0002165
     142       0       0       1       0                               0D0002166
     102    1089       0       0       0       0       0       000010000D0002167
     102       0       0       1       0                               0D0002168
     110    1090       0       0       0       0       0       000010000D0002169
     110       0       0       1       0                               0D0002170
     110    1091       0       0       0       0       0       000010000D0002171
     110       0       0       1       0                               0D0002172
     110    1092       0       0       0       0       0       000010000D0002173
     110       0       0       1       0                               0D0002174
     110    1093       0       0       0       0       0       000010000D0002175
     110       0       0       1       0                               0D0002176
     144    1094       0       0       0       0       0       000020000D0002177
     144       0       0       1       0                               0D0002178
     108    1095       0       0       0       0       0       000010000D0002179
     108       0       0       1       0                               0D0002180
     142    1096       0       0       0       0       0       000010500D0002181
     142       0       0       1       0                               0D0002182
     102    1097       0       0       0       0       0       000010000D0002183
     102       0       0       1       0                               0D0002184
     110    1098       0       0       0       0       0       000010000D0002185
     110       0       0       1       0                               0D0002186
     110    1099       0       0       0       0       0       000010000D0002187
     110       0       0       1       0                               0D0002188
     110    1100       0       0       0       0       0       000010000D0002189
     110       0       0       1       0                               0D0002190
     110    1101       0       0       0       0       0       000010000D0002191
     110       0       0       1       0                               0D0002192
     144    1102       0       0       0       0       0       000020000D0002193
     144       0       0       1       0                               0D0002194
     108    1103       0       0       0       0       0       000010000D0002195
     108       0       0       1       0                               0D0002196
     142    1104       0       0       0       0       0       000010500D0002197
     142       0       0       1       0                               0D0002198
     102    1105       0       0       0       0       0       000010000D0002199
     102       0       0       1       0                               0D0002200
     110    1106       0       0       0       0       0       000010000D0002201
     110       0       0       1       0                               0D0002202
     110    1107       0       0       0       0       0       000010000D0002203
     110       0       0       1       0                               0D0002204
     110    1108       0       0       0       0       0       000010000D0002205
     110       0       0       1       0                               0D0002206
     110    1109       0       0       0       0       0       000010000D0002207
     110       0       0       1       0                               0D0002208
     144    1110       0       0       0       0       0       000020000D0002209
     144       0       0       1       0                               0D0002210
     108    1111       0       0       0       0       0       000010000D0002211
     108       0       0       1       0                               0D0002212
     142    1112       0       0       0       0       0       000010500D0002213
     142       0       0       1       0                               0D0002214
     102    1113       0       0       0       0       0       000010000D0002215
     102       0       0       1       0                               0D0002216
     110    1114       0       0       0       0       0       000010000D0002217
     110       0       0       1       0                               0D0002218
     110    1115       0       0       0       0       0       000010000D0002219
     110       0       0       1       0                               0D0002220
     110    1116       0       0       0       0       0       000010000D0002221
     110       0       0       1       0                               0D0002222
     110    1117       0       0       0       0       0       000010000D0002223
     110       0       0       1       0                               0D0002224
     144    1118       0       0       0       0       0       000020000D0002225
     144       0       0       1       0                               0D0002226
     108    1119       0       0       0       0       0       000010000D0002227
     108       0       0       1       0                               0D0002228
     142    1120       0       0       0       0       0       000010500D0002229
     142       0       0       1       0                               0D0002230
     102    1121       0       0       0       0       0       000010000D0002231
     102       0       0       1       0                               0D0002232
     110    1122       0       0       0       0       0       000010000D0002233
     110       0       0       1       0                               0D0002234
     110    1123       0       0       0       0       0       000010000D0002235
     110       0       0       1       0                               0D0002236
     110    1124       0       0       0       0       0       000010000D0002237
     110       0       0       1       0                               0D0002238
     110    1125       0       0       0       0       0       000010000D0002239
     110       0       0       1       0                               0D0002240
     144    1126       0       0       0       0       0       000020000D0002241
     144       0       0       1       0                               0D0002242
     108    1127       0       0       0       0       0       000010000D0002243
     108       0       0       1       0                               0D0002244
     142    1128       0       0       0       0       0       000010500D0002245
     142       0       0       1       0                               0D0002246
     102    1129       0       0       0       0       0       000010000D0002247
     102       0       0       1       0                               0D0002248
     110    1130       0       0       0       0       0       000010000D0002249
     110       0       0       1       0                               0D0002250
     110    1131       0       0       0       0       0       000010000D0002251
     110       0       0       1       0                               0D0002252
     110    1132       0       0       0       0       0       000010000D0002253
     110       0       0       1       0                               0D0002254
     110    1133       0       0       0       0       0       000010000D0002255
     110       0       0       1       0                               0D0002256
     402    1134       0       0       0       0       0       000020000D0002257
     402       0       0       1       1                               0D0002258
     144    1135       0       0       0       0       0       000020000D0002259
     144       0       0       1       0                               0D0002260
     108    1136       0       0       0       0       0       000010000D0002261
     108       0       0       1       0                               0D0002262
     142    1137       0       0       0       0       0       000010500D0002263
     142       0       0       1       0                               0D0002264
     102    1138       0       0       0       0       0       000010000D0002265
     102       0       0       1       0                               0D0002266
     110    1139       0       0       0       0       0       000010000D0002267
     110       0       0       1       0                               0D0002268
     110    1140       0       0       0       0       0       000010000D0002269
     110       0       0       1       0                               0D0002270
     110    1141       0       0       0       0       0       000010000D0002271
     110       0       0       1       0                               0D0002272
     110    1142       0       0       0       0       0       000010000D0002273
     110       0       0       1       0                               0D0002274
     144    1143       0       0       0       0       0       000020000D0002275
     144       0       0       1       0                               0D0002276
     108    1144       0       0       0       0       0       000010000D0002277
     108       0       0       1       0                               0D0002278
     142    1145       0       0       0       0       0       000010500D0002279
     142       0       0       1       0                               0D0002280
     102    1146       0       0       0       0       0       000010000D0002281
     102       0       0       1       0                               0D0002282
     110    1147       0       0       0       0       0       000010000D0002283
     110       0       0       1       0                               0D0002284
     110    1148       0       0       0       0       0       000010000D0002285
     110       0       0       1       0                               0D0002286
     110    1149       0       0       0       0       0       000010000D0002287
     110       0       0       1       0                               0D0002288
     110    1150       0       0       0       0       0       000010000D0002289
     110       0       0       1       0                               0D0002290
     144    1151       0       0       0       0       0       000020000D0002291
     144       0       0       1       0                               0D0002292
     108    1152       0       0       0       0       0       000010000D0002293
     108       0       0       1       0                               0D0002294
     142    1153       0       0       0       0       0       000010500D0002295
     142       0       0       1       0                               0D0002296
     102    1154       0       0       0       0       0       000010000D0002297
     102       0       0       1       0                               0D0002298
     110    1155       0       0       0       0       0       000010000D0002299
     110       0       0       1       0                               0D0002300
     110    1156       0       0       0       0       0       000010000D0002301
     110       0       0       1       0                               0D0002302
     110    1157       0       0       0       0       0       000010000D0002303
     110       0       0       1       0                               0D0002304
     110    1158       0       0       0       0       0       000010000D0002305
     110       0       0       1       0                               0D0002306
     144    1159       0       0       0       0       0       000020000D0002307
     144       0       0       1       0                               0D0002308
     108    1160       0       0       0       0       0       000010000D0002309
     108       0       0       1       0                               0D0002310
     142    1161       0       0       0       0       0       000010500D0002311
     142       0       0       1       0                               0D0002312
     102    1162       0       0       0       0       0       000010000D0002313
     102       0       0       1       0                               0D0002314
     110    1163       0       0       0       0       0       000010000D0002315
     110       0       0       1       0                               0D0002316
     110    1164       0       0       0       0       0       000010000D0002317
     110       0       0       1       0                               0D0002318
     110    1165       0       0       0       0       0       000010000D0002319
     110       0       0       1       0                               0D0002320
     110    1166       0       0       0       0       0       000010000D0002321
     110       0       0       1       0                               0D0002322
     144    1167       0       0       0       0       0       000020000D0002323
     144       0       0       1       0                               0D0002324
     108    1168       0       0       0       0       0       000010000D0002325
     108       0       0       1       0                               0D0002326
     142    1169       0       0       0       0       0       000010500D0002327
     142       0       0       1       0                               0D0002328
     102    1170       0       0       0       0       0       000010000D0002329
     102       0       0       1       0                               0D0002330
     110    1171       0       0       0       0       0       000010000D0002331
     110       0       0       1       0                               0D0002332
     110    1172       0       0       0       0       0       000010000D0002333
     110       0       0       1       0                               0D0002334
     110    1173       0       0       0       0       0       000010000D0002335
     110       0       0       1       0                               0D0002336
     110    1174       0       0       0       0       0       000010000D0002337
     110       0       0       1       0                               0D0002338
     144    1175       0       0       0       0       0       000020000D0002339
     144       0       0       1       0                               0D0002340
     108    1176       0       0       0       0       0       000010000D0002341
     108       0       0       1       0                               0D0002342
     142    1177       0       0       0       0       0       000010500D0002343
     142       0       0       1       0                               0D0002344
     102    1178       0       0       0       0       0       000010000D0002345
     102       0       0       1       0                               0D0002346
     110    1179       0       0       0       0       0       000010000D0002347
     110       0       0       1       0                               0D0002348
     110    1180       0       0       0       0       0       000010000D0002349
     110       0       0       1       0                               0D0002350
     110    1181       0       0       0       0       0       000010000D0002351
     110       0       0       1       0                               0D0002352
     110    1182       0       0       0       0       0       000010000D0002353
     110       0       0       1       0                               0D0002354
     402    1183       0       0       0       0       0       000020000D0002355
     402       0       0       1       1                               0D0002356
     144    1184       0       0       0       0       0       000020000D0002357
     144       0       0       1       0                               0D0002358
     108    1185       0       0       0       0       0       000010000D0002359
     108       0       0       1       0                               0D0002360
     142    1186       0       0       0       0       0       000010500D0002361
     142       0       0       1       0                               0D0002362
     102    1187       0       0       0       0       0       000010000D0002363
     102       0       0       1       0                               0D0002364
     110    1188       0       0       0       0       0       000010000D0002365
     110       0       0       1       0                               0D0002366
     110    1189       0       0       0       0       0       000010000D0002367
     110       0       0       1       0                               0D0002368
     110    1190       0       0       0       0       0       000010000D0002369
     110       0       0       1       0                               0D0002370
     110    1191       0       0       0       0       0       000010000D0002371
     110       0       0       1       0                               0D0002372
     144    1192       0       0       0       0       0       000020000D0002373
     144       0       0       1       0                               0D0002374
     108    1193       0       0       0       0       0       000010000D0002375
     108       0       0       1       0                               0D0002376
     142    1194       0       0       0       0       0       000010500D0002377
     142       0       0       1       0                               0D0002378
     102    1195       0       0       0       0       0       000010000D0002379
     102       0       0       1       0                               0D0002380
     110    1196       0       0       0       0       0       000010000D0002381
     110       0       0       1       0                               0D0002382
     110    1197       0       0       0       0       0       000010000D0002383
     110       0       0       1       0                               0D0002384
     110    1198       0       0       0       0       0       000010000D0002385
     110       0       0       1       0                               0D0002386
     110    1199       0       0       0       0       0       000010000D0002387
     110       0       0       1       0                               0D0002388
     144    1200       0       0       0       0       0       000020000D0002389
     144       0       0       1       0                               0D0002390
     108    1201       0       0       0       0       0       000010000D0002391
     108       0       0       1       0                               0D0002392
     142    1202       0       0       0       0       0       000010500D0002393
     142       0       0       1       0                               0D0002394
     102    1203       0       0       0       0       0       000010000D0002395
     102       0       0       1       0                               0D0002396
     110    1204       0       0       0       0       0       000010000D0002397
     110       0       0       1       0                               0D0002398
     110    1205       0       0       0       0       0       000010000D0002399
     110       0       0       1       0                               0D0002400
     110    1206       0       0       0       0       0       000010000D0002401
     110       0       0       1       0                               0D0002402
     110    1207       0       0       0       0       0       000010000D0002403
     110       0       0       1       0                               0D0002404
     144    1208       0       0       0       0       0       000020000D0002405
     144       0       0       1       0                               0D0002406
     108    1209       0       0       0       0       0       000010000D0002407
     108       0       0       1       0                               0D0002408
     142    1210       0       0       0       0       0       000010500D0002409
     142       0       0       1       0                               0D0002410
     102    1211       0       0       0       0       0       000010000D0002411
     102       0       0       1       0                               0D0002412
     110    1212       0       0       0       0       0       000010000D0002413
     110       0       0       1       0                               0D0002414
     110    1213       0       0       0       0       0       000010000D0002415
     110       0       0       1       0                               0D0002416
     110    1214       0       0       0       0       0       000010000D0002417
     110       0       0       1       0                               0D0002418
     110    1215       0       0       0       0       0       000010000D0002419
     110       0       0       1       0                               0D0002420
     144    1216       0       0       0       0       0       000020000D0002421
     144       0       0       1       0                               0D0002422
     108    1217       0       0       0       0       0       000010000D0002423
     108       0       0       1       0                               0D0002424
     142    1218       0       0       0       0       0       000010500D0002425
     142       0       0       1       0                               0D0002426
     102    1219       0       0       0       0       0       000010000D0002427
     102       0       0       1       0                               0D0002428
     110    1220       0       0       0       0       0       000010000D0002429
     110       0       0       1       0                               0D0002430
     110    1221       0       0       0       0       0       000010000D0002431
     110       0       0       1       0                               0D0002432
     110    1222       0       0       0       0       0       000010000D0002433
     110       0       0       1       0                               0D0002434
     110    1223       0       0       0       0       0       000010000D0002435
     110       0       0       1       0                               0D0002436
     144    1224       0       0       0       0       0       000020000D0002437
     144       0       0       1       0                               0D0002438
     108    1225       0       0       0       0       0       000010000D0002439
     108       0       0       1       0                               0D0002440
     142    1226       0       0       0       0       0       000010500D0002441
     142       0       0       1       0                               0D0002442
     102    1227       0       0       0       0       0       000010000D0002443
     102       0       0       1       0                               0D0002444
     110    1228       0       0       0       0       0       000010000D0002445
     110       0       0       1       0                               0D0002446
     110    1229       0       0       0       0       0       000010000D0002447
     110       0       0       1       0                               0D0002448
     110    1230       0       0       0       0       0       000010000D0002449
     110       0       0       1       0                               0D0002450
     110    1231       0       0       0       0       0       000010000D0002451
     110       0       0       1       0                               0D0002452
     402    1232       0       0       0       0       0       000020000D0002453
     402       0       0       1       1                               0D0002454
     144    1233       0       0       0       0       0       000020000D0002455
     144       0       0       1       0                               0D0002456
     108    1234       0       0       0       0       0       000010000D0002457
     108       0       0       1       0                               0D0002458
     142    1235       0       0       0       0       0       000010500D0002459
     142       0       0       1       0                               0D0002460
     102    1236       0       0       0       0       0       000010000D0002461
     102       0       0       1       0                               0D0002462
     110    1237       0       0       0       0       0       000010000D0002463
     110       0       0       1       0                               0D0002464
     110    1238       0       0       0       0       0       000010000D0002465
     110       0       0       1       0                               0D0002466
     110    1239       0       0       0       0       0       000010000D0002467
     110       0       0       1       0                               0D0002468
     110    1240       0       0       0       0       0       000010000D0002469
     110       0       0       1       0                               0D0002470
     144    1241       0       0       0       0       0       000020000D0002471
     144       0       0       1       0                               0D0002472
     108    1242       0       0       0       0       0       000010000D0002473
     108       0       0       1       0                               0D0002474
     142    1243       0       0       0       0       0       000010500D0002475
     142       0       0       1       0                               0D0002476
     102    1244       0       0       0       0       0       000010000D0002477
     102       0       0       1       0                               0D0002478
     110    1245       0       0       0       0       0       000010000D0002479
     110       0       0       1       0                               0D0002480
     110    1246       0       0       0       0       0       000010000D0002481
     110       0       0       1       0                               0D0002482
     110    1247       0       0       0       0       0       000010000D0002483
     110       0       0       1       0                               0D0002484
     110    1248       0       0       0       0       0       000010000D0002485
     110       0       0       1       0                               0D0002486
     144    1249       0       0       0       0       0       000020000D0002487
     144       0       0       1       0                               0D0002488
     108    1250       0       0       0       0       0       000010000D0002489
     108       0       0       1       0                               0D0002490
     142    1251       0       0       0       0       0       000010500D0002491
     142       0       0       1       0                               0D0002492
     102    1252       0       0       0       0       0       000010000D0002493
     102       0       0       1       0                               0D0002494
     110    1253       0       0       0       0       0       000010000D0002495
     110       0       0       1       0                               0D0002496
     110    1254       0       0       0       0       0       000010000D0002497
     110       0       0       1       0                               0D0002498
     110    1255       0       0       0       0       0       000010000D0002499
     110       0       0       1       0                               0D0002500
     110    1256       0       0       0       0       0       000010000D0002501
     110       0       0       1       0                               0D0002502
     144    1257       0       0       0       0       0       000020000D0002503
     144       0       0       1       0                               0D0002504
     108    1258       0       0       0       0       0       000010000D0002505
     108       0       0       1       0                               0D0002506
     142    1259       0       0       0       0       0       000010500D0002507
     142       0       0       1       0                               0D0002508
     102    1260       0       0       0       0       0       000010000D0002509
     102       0       0       1       0                               0D0002510
     110    1261       0       0       0       0       0       000010000D0002511
     110       0       0       1       0                               0D0002512
     110    1262       0       0       0       0       0       000010000D0002513
     110       0       0       1       0                               0D0002514
     110    1263       0       0       0       0       0       000010000D0002515
     110       0       0       1       0                               0D0002516
     110    1264       0       0       0       0       0       000010000D0002517
     110       0       0       1       0                               0D0002518
     144    1265       0       0       0       0       0       000020000D0002519
     144       0       0       1       0                               0D0002520
     108    1266       0       0       0       0       0       000010000D0002521
     108       0       0       1       0                               0D0002522
     142    1267       0       0       0       0       0       000010500D0002523
     142       0       0       1       0                               0D0002524
     102    1268       0       0       0       0       0       000010000D0002525
     102       0       0       1       0                               0D0002526
     110    1269       0       0       0       0       0       000010000D0002527
     110       0       0       1       0                               0D0002528
     110    1270       0       0       0       0       0       000010000D0002529
     110       0       0       1       0                               0D0002530
     110    1271       0       0       0       0       0       000010000D0002531
     110       0       0       1       0                               0D0002532
     110    1272       0       0       0       0       0       000010000D0002533
     110       0       0       1       0                               0D0002534
     144    1273       0       0       0       0       0       000020000D0002535
     144       0       0       1       0                               0D0002536
     108    1274       0       0       0       0       0       000010000D0002537
     108       0       0       1       0                               0D0002538
     142    1275       0       0       0       0       0       000010500D0002539
     142       0       0       1       0                               0D0002540
     102    1276       0       0       0       0       0       000010000D0002541
     102       0       0       1       0                               0D0002542
     110    1277       0       0       0       0       0       000010000D0002543
     110       0       0       1       0                               0D0002544
     110    1278       0       0       0       0       0       000010000D0002545
     110       0       0       1       0                               0D0002546
     110    1279       0       0       0       0       0       000010000D0002547
     110       0       0       1       0                               0D0002548
     110    1280       0       0       0       0       0       000010000D0002549
     110       0       0       1       0                               0D0002550
     402    1281       0       0       0       0       0       000020000D0002551
     402       0       0       1       1                               0D0002552
     144    1282       0       0       0       0       0       000020000D0002553
     144       0       0       1       0                               0D0002554
     108    1283       0       0       0       0       0       000010000D0002555
     108       0       0       1       0                               0D0002556
     142    1284       0       0       0       0       0       000010500D0002557
     142       0       0       1       0                               0D0002558
     102    1285       0       0       0       0       0       000010000D0002559
     102       0       0       1       0                               0D0002560
     110    1286       0       0       0       0       0       000010000D0002561
     110       0       0       1       0                               0D0002562
     110    1287       0       0       0       0       0       000010000D0002563
     110       0       0       1       0                               0D0002564
     110    1288       0       0       0       0       0       000010000D0002565
     110       0       0       1       0                               0D0002566
     110    1289       0       0       0       0       0       000010000D0002567
     110       0       0       1       0                               0D0002568
     144    1290       0       0       0       0       0       000020000D0002569
     144       0       0       1       0                               0D0002570
     108    1291       0       0       0       0       0       000010000D0002571
     108       0       0       1       0                               0D0002572
     142    1292       0       0       0       0       0       000010500D0002573
     142       0       0       1       0                               0D0002574
     102    1293       0       0       0       0       0       000010000D0002575
     102       0       0       1       0                               0D0002576
     110    1294       0       0       0       0       0       000010000D0002577
     110       0       0       1       0                               0D0002578
     110    1295       0       0       0       0       0       000010000D0002579
     110       0       0       1       0                               0D0002580
     110    1296       0       0       0       0       0       000010000D0002581
     110       0       0       1       0                               0D0002582
     110    1297       0       0       0       0       0       000010000D0002583
     110       0       0       1       0                               0D0002584
     144    1298       0       0       0       0       0       000020000D0002585
     144       0       0       1       0                               0D0002586
     108    1299       0       0       0       0       0       000010000D0002587
     108       0       0       1       0                               0D0002588
     142    1300       0       0       0       0       0       000010500D0002589
     142       0       0       1       0                               0D0002590
     102    1301       0       0       0       0       0       000010000D0002591
     102       0       0       1       0                               0D0002592
     110    1302       0       0       0       0       0       000010000D0002593
     110       0       0       1       0                               0D0002594
     110    1303       0       0       0       0       0       000010000D0002595
     110       0       0       1       0                               0D0002596
     110    1304       0       0       0       0       0       000010000D0002597
     110       0       0       1       0                               0D0002598
     110    1305       0       0       0       0       0       000010000D0002599
     110       0       0       1       0                               0D0002600
     144    1306       0       0       0       0       0       000020000D0002601
     144       0       0       1       0                               0D0002602
     108    1307       0       0       0       0       0       000010000D0002603
     108       0       0       1       0                               0D0002604
     142    1308       0       0       0       0       0       000010500D0002605
     142       0       0       1       0                               0D0002606
     102    1309       0       0       0       0       0       000010000D0002607
     102       0       0       1       0                               0D0002608
     110    1310       0       0       0       0       0       000010000D0002609
     110       0       0       1       0                               0D0002610
     110    1311       0       0       0       0       0       000010000D0002611
     110       0       0       1       0                               0D0002612
     110    1312       0       0       0       0       0       000010000D0002613
     110       0       0       1       0                               0D0002614
     110    1313       0       0       0       0       0       000010000D0002615
     110       0       0       1       0                               0D0002616
     144    1314       0       0       0       0       0       000020000D0002617
     144       0       0       1       0                               0D0002618
     108    1315       0       0       0       0       0       000010000D0002619
     108       0       0       1       0                               0D0002620
     142    1316       0       0       0       0       0       000010500D0002621
     142       0       0       1       0                               0D0002622
     102    1317       0       0       0       0       0       000010000D0002623
     102       0       0       1       0                               0D0002624
     110    1318       0       0       0       0       0       000010000D0002625
     110       0       0       1       0                               0D0002626
     110    1319       0       0       0       0       0       000010000D0002627
     110       0       0       1       0                               0D0002628
     110    1320       0       0       0       0       0       000010000D0002629
     110       0       0       1       0                               0D0002630
     110    1321       0       0       0       0       0       000010000D0002631
     110       0       0       1       0                               0D0002632
     144    1322       0       0       0       0       0       000020000D0002633
     144       0       0       1       0                               0D0002634
     108    1323       0       0       0       0       0       000010000D0002635
     108       0       0       1       0                               0D0002636
     142    1324       0       0       0       0       0       000010500D0002637
     142       0       0       1       0                               0D0002638
     102    1325       0       0       0       0       0       000010000D0002639
     102       0       0       1       0                               0D0002640
     110    1326       0       0       0       0       0       000010000D0002641
     110       0       0       1       0                               0D0002642
     110    1327       0       0       0       0       0       000010000D0002643
     110       0       0       1       0                               0D0002644
     110    1328       0       0       0       0       0       000010000D0002645
     110       0       0       1       0                               0D0002646
     110    1329       0       0       0       0       0       000010000D0002647
     110       0       0       1       0                               0D0002648
     402    1330       0       0       0       0       0       000020000D0002649
     402       0       0       1       1                               0D0002650
     144    1331       0       0       0       0       0       000020000D0002651
     144       0       0       1       0                               0D0002652
     108    1332       0       0       0       0       0       000010000D0002653
     108       0       0       1       0                               0D0002654
     142    1333       0       0       0       0       0       000010500D0002655
     142       0       0       1       0                               0D0002656
     102    1334       0       0       0       0       0       000010000D0002657
     102       0       0       1       0                               0D0002658
     110    1335       0       0       0       0       0       000010000D0002659
     110       0       0       1       0                               0D0002660
     110    1336       0       0       0       0       0       000010000D0002661
     110       0       0       1       0                               0D0002662
     110    1337       0       0       0       0       0       000010000D0002663
     110       0       0       1       0                               0D0002664
     110    1338       0       0       0       0       0       000010000D0002665
     110       0       0       1       0                               0D0002666
     144    1339       0       0       0       0       0       000020000D0002667
     144       0       0       1       0                               0D0002668
     108    1340       0       0       0       0       0       000010000D0002669
     108       0       0       1       0                               0D0002670
     142    1341       0       0       0       0       0       000010500D0002671
     142       0       0       1       0                               0D0002672
     102    1342       0       0       0       0       0       000010000D0002673
     102       0       0       1       0                               0D0002674
     110    1343       0       0       0       0       0       000010000D0002675
     110       0       0       1       0                               0D0002676
     110    1344       0       0       0       0       0       000010000D0002677
     110       0       0       1       0                               0D0002678
     110    1345       0       0       0       0       0       000010000D0002679
     110       0       0       1       0                               0D0002680
     110    1346       0       0       0       0       0       000010000D0002681
     110       0       0       1       0                               0D0002682
     144    1347       0       0       0       0       0       000020000D0002683
     144       0       0       1       0                               0D0002684
     108    1348       0       0       0       0       0       000010000D0002685
     108       0       0       1       0                               0D0002686
     142    1349       0       0       0       0       0       000010500D0002687
     142       0       0       1       0                               0D0002688
     102    1350       0       0       0       0       0       000010000D0002689
     102       0       0       1       0                               0D0002690
     110    1351       0       0       0       0       0       000010000D0002691
     110       0       0       1       0                               0D0002692
     110    1352       0       0       0       0       0       000010000D0002693
     110       0       0       1       0                               0D0002694
     110    1353       0       0       0       0       0       000010000D0002695
     110       0       0       1       0                               0D0002696
     110    1354       0       0       0       0       0       000010000D0002697
     110       0       0       1       0                               0D0002698
     144    1355       0       0       0       0       0       000020000D0002699
     144       0       0       1       0                               0D0002700
     108    1356       0       0       0       0       0       000010000D0002701
     108       0       0       1       0                               0D0002702
     142    1357       0       0       0       0       0       000010500D0002703
     142       0       0       1       0                               0D0002704
     102    1358       0       0       0       0       0       000010000D0002705
     102       0       0       1       0                               0D0002706
     110    1359       0       0       0       0       0       000010000D0002707
     110       0       0       1       0                               0D0002708
     110    1360       0       0       0       0       0       000010000D0002709
     110       0       0       1       0                               0D0002710
     110    1361       0       0       0       0       0       000010000D0002711
     110       0       0       1       0                               0D0002712
     110    1362       0       0       0       0       0       000010000D0002713
     110       0       0       1       0                               0D0002714
     144    1363       0       0       0       0       0       000020000D0002715
     144       0       0       1       0                               0D0002716
     108    1364       0       0       0       0       0       000010000D0002717
     108       0       0       1       0                               0D0002718
     142    1365       0       0       0       0       0       000010500D0002719
     142       0       0       1       0                               0D0002720
     102    1366       0       0       0       0       0       000010000D0002721
     102       0       0       1       0                               0D0002722
     110    1367       0       0       0       0       0       000010000D0002723
     110       0       0       1       0                               0D0002724
     110    1368       0       0       0       0       0       000010000D0002725
     110       0       0       1       0                               0D0002726
     110    1369       0       0       0       0       0       000010000D0002727
     110       0       0       1       0                               0D0002728
     110    1370       0       0       0       0       0       000010000D0002729
     110       0       0       1       0                               0D0002730
     144    1371       0       0       0       0       0       000020000D0002731
     144       0       0       1       0                               0D0002732
     108    1372       0       0       0       0       0       000010000D0002733
     108       0       0       1       0                               0D0002734
     142    1373       0       0       0       0       0       000010500D0002735
     142       0       0       1       0                               0D0002736
     102    1374       0       0       0       0       0       000010000D0002737
     102       0       0       1       0                               0D0002738
     110    1375       0       0       0       0       0       000010000D0002739
     110       0       0       1       0                               0D0002740
     110    1376       0       0       0       0       0       000010000D0002741
     110       0       0       1       0                               0D0002742
     110    1377       0       0       0       0       0       000010000D0002743
     110       0       0       1       0                               0D0002744
     110    1378       0       0       0       0       0       000010000D0002745
     110       0       0       1       0                               0D0002746
     402    1379       0       0       0       0       0       000020000D0002747
     402       0       0       1       1                               0D0002748
     144    1380       0       0       0       0       0       000020000D0002749
     144       0       0       1       0                               0D0002750
     108    1381       0       0       0       0       0       000010000D0002751
     108       0       0       1       0                               0D0002752
     142    1382       0       0       0       0       0       000010500D0002753
     142       0       0       1       0                               0D0002754
     102    1383       0       0       0       0       0       000010000D0002755
     102       0       0       1       0                               0D0002756
     110    1384       0       0       0       0       0       000010000D0002757
     110       0       0       1       0                               0D0002758
     110    1385       0       0       0       0       0       000010000D0002759
     110       0       0       1       0                               0D0002760
     110    1386       0       0       0       0       0       000010000D0002761
     110       0       0       1       0                               0D0002762
     110    1387       0       0       0       0       0       000010000D0002763
     110       0       0       1       0                               0D0002764
     144    1388       0       0       0       0       0       000020000D0002765
     144       0       0       1       0                               0D0002766
     108    1389       0       0       0       0       0       000010000D0002767
     108       0       0       1       0                               0D0002768
     142    1390       0       0       0       0       0       000010500D0002769
     142       0       0       1       0                               0D0002770
     102    1391       0       0       0       0       0       000010000D0002771
     102       0       0       1       0                               0D0002772
     110    1392       0       0       0       0       0       000010000D0002773
     110       0       0       1       0                               0D0002774
     110    1393       0       0       0       0       0       000010000D0002775
     110       0       0       1       0                               0D0002776
     110    1394       0       0       0       0       0       000010000D0002777
     110       0       0       1       0                               0D0002778
     110    1395       0       0       0       0       0       000010000D0002779
     110       0       0       1       0                               0D0002780
     144    1396       0       0       0       0       0       000020000D0002781
     144       0       0       1       0                               0D0002782
     108    1397       0       0       0       0       0       000010000D0002783
     108       0       0       1       0                               0D0002784
     142    1398       0       0       0       0       0       000010500D0002785
     142       0       0       1       0                               0D0002786
     102    1399       0       0       0       0       0       000010000D0002787
     102       0       0       1       0                               0D0002788
     110    1400       0       0       0       0       0       000010000D0002789
     110       0       0       1       0                               0D0002790
     110    1401       0       0       0       0       0       000010000D0002791
     110       0       0       1       0                               0D0002792
     110    1402       0       0       0       0       0       000010000D0002793
     110       0       0       1       0                               0D0002794
     110    1403       0       0       0       0       0       000010000D0002795
     110       0       0       1       0                               0D0002796
     144    1404       0       0       0       0       0       000020000D0002797
     144       0       0       1       0                               0D0002798
     108    1405       0       0       0       0       0       000010000D0002799
     108       0       0       1       0                               0D0002800
     142    1406       0       0       0       0       0       000010500D0002801
     142       0       0       1       0                               0D0002802
     102    1407       0       0       0       0       0       000010000D0002803
     102       0       0       1       0                               0D0002804
     110    1408       0       0       0       0       0       000010000D0002805
     110       0       0       1       0                               0D0002806
     110    1409       0       0       0       0       0       000010000D0002807
     110       0       0       1       0                               0D0002808
     110    1410       0       0       0       0       0       000010000D0002809
     110       0       0       1       0                               0D0002810
     110    1411       0       0       0       0       0       000010000D0002811
     110       0       0       1       0                               0D0002812
     144    1412       0       0       0       0       0       000020000D0002813
     144       0       0       1       0                               0D0002814
     108    1413       0       0       0       0       0       000010000D0002815
     108       0       0       1       0                               0D0002816
     142    1414       0       0       0       0       0       000010500D0002817
     142       0       0       1       0                               0D0002818
     102    1415       0       0       0       0       0       000010000D0002819
     102       0       0       1       0                               0D0002820
     110    1416       0       0       0       0       0       000010000D0002821
     110       0       0       1       0                               0D0002822
     110    1417       0       0       0       0       0       000010000D0002823
     110       0       0       1       0                               0D0002824
     110    1418       0       0       0       0       0       000010000D0002825
     110       0       0       1       0                               0D0002826
     110    1419       0       0       0       0       0       000010000D0002827
     110       0       0       1       0                               0D0002828
     144    1420       0       0       0       0       0       000020000D0002829
     144       0       0       1       0                               0D0002830
     108    1421       0       0       0       0       0       000010000D0002831
     108       0       0       1       0                               0D0002832
     142    1422       0       0       0       0       0       000010500D0002833
     142       0       0       1       0                               0D0002834
     102    1423       0       0       0       0       0       000010000D0002835
     102       0       0       1       0                               0D0002836
     110    1424       0       0       0       0       0       000010000D0002837
     110       0       0       1       0                               0D0002838
     110    1425       0       0       0       0       0       000010000D0002839
     110       0       0       1       0                               0D0002840
     110    1426       0       0       0       0       0       000010000D0002841
     110       0       0       1       0                               0D0002842
     110    1427       0       0       0       0       0       000010000D0002843
     110       0       0       1       0                               0D0002844
     402    1428       0       0       0       0       0       000020000D0002845
     402       0       0       1       1                               0D0002846
     144    1429       0       0       0       0       0       000020000D0002847
     144       0       0       1       0                               0D0002848
     108    1430       0       0       0       0       0       000010000D0002849
     108       0       0       1       0                               0D0002850
     142    1431       0       0       0       0       0       000010500D0002851
     142       0       0       1       0                               0D0002852
     102    1432       0       0       0       0       0       000010000D0002853
     102       0       0       1       0                               0D0002854
     110    1433       0       0       0       0       0       000010000D0002855
     110       0       0       1       0                               0D0002856
     110    1434       0       0       0       0       0       000010000D0002857
     110       0       0       1       0                               0D0002858
     110    1435       0       0       0       0       0       000010000D0002859
     110       0       0       1       0                               0D0002860
     110    1436       0       0       0       0       0       000010000D0002861
     110       0       0       1       0                               0D0002862
     144    1437       0       0       0       0       0       000020000D0002863
     144       0       0       1       0                               0D0002864
     108    1438       0       0       0       0       0       000010000D0002865
     108       0       0       1       0                               0D0002866
     142    1439       0       0       0       0       0       000010500D0002867
     142       0       0       1       0                               0D0002868
     102    1440       0       0       0       0       0       000010000D0002869
     102       0       0       1       0                               0D0002870
     110    1441       0       0       0       0       0       000010000D0002871
     110       0       0       1       0                               0D0002872
     110    1442       0       0       0       0       0       000010000D0002873
     110       0       0       1       0                               0D0002874
     110    1443       0       0       0       0       0       000010000D0002875
     110       0       0       1       0                               0D0002876
     110    1444       0       0       0       0       0       000010000D0002877
     110       0       0       1       0                               0D0002878
     144    1445       0       0       0       0       0       000020000D0002879
     144       0       0       1       0                               0D0002880
     108    1446       0       0       0       0       0       000010000D0002881
     108       0       0       1       0                               0D0002882
     142    1447       0       0       0       0       0       000010500D0002883
     142       0       0       1       0                               0D0002884
     102    1448       0       0       0       0       0       000010000D0002885
     102       0       0       1       0                               0D0002886
     110    1449       0       0       0       0       0       000010000D0002887
     110       0       0       1       0                               0D0002888
     110    1450       0       0       0       0       0       000010000D0002889
     110       0       0       1       0                               0D0002890
     110    1451       0       0       0       0       0       000010000D0002891
     110       0       0       1       0                               0D0002892
     110    1452       0       0       0       0       0       000010000D0002893
     110       0       0       1       0                               0D0002894
     144    1453       0       0       0       0       0       000020000D0002895
     144       0       0       1       0                               0D0002896
     108    1454       0       0       0       0       0       000010000D0002897
     108       0       0       1       0                               0D0002898
     142    1455       0       0       0       0       0       000010500D0002899
     142       0       0       1       0                               0D0002900
     102    1456       0       0       0       0       0       000010000D0002901
     102       0       0       1       0                               0D0002902
     110    1457       0       0       0       0       0       000010000D0002903
     110       0       0       1       0                               0D0002904
     110    1458       0       0       0       0       0       000010000D0002905
     110       0       0       1       0                               0D0002906
     110    1459       0       0       0       0       0       000010000D0002907
     110       0       0       1       0                               0D0002908
     110    1460       0       0       0       0       0       000010000D0002909
     110       0       0       1       0                               0D0002910
     144    1461       0       0       0       0       0       000020000D0002911
     144       0       0       1       0                               0D0002912
     108    1462       0       0       0       0       0       000010000D0002913
     108       0       0       1       0                               0D0002914
     142    1463       0       0       0       0       0       000010500D0002915
     142       0       0       1       0                               0D0002916
     102    1464       0       0       0       0       0       000010000D0002917
     102       0       0       1       0                               0D0002918
     110    1465       0       0       0       0       0       000010000D0002919
     110       0       0       1       0                               0D0002920
     110    1466       0       0       0       0       0       000010000D0002921
     110       0       0       1       0                               0D0002922
     110    1467       0       0       0       0       0       000010000D0002923
     110       0       0       1       0                               0D0002924
     110    1468       0       0       0       0       0       000010000D0002925
     110       0       0       1       0                               0D0002926
     144    1469       0       0       0       0       0       000020000D0002927
     144       0       0       1       0                               0D0002928
     108    1470       0       0       0       0       0       000010000D0002929
     108       0       0       1       0                               0D0002930
     142    1471       0       0       0       0       0       000010500D0002931
     142       0       0       1       0                               0D0002932
     102    1472       0       0       0       0       0       000010000D0002933
     102       0       0       1       0                               0D0002934
     110    1473       0       0       0       0       0       000010000D0002935
     110       0       0       1       0                               0D0002936
     110    1474       0       0       0       0       0       000010000D0002937
     110       0       0       1       0                               0D0002938
     110    1475       0       0       0       0       0       000010000D0002939
     110       0       0       1       0                               0D0002940
     110    1476       0       0       0       0       0       000010000D0002941
     110       0       0       1       0                               0D0002942
     402    1477       0       0       0       0       0       000020000D0002943
     402       0       0       1       1                               0D0002944
     144    1478       0       0       0       0       0       000020000D0002945
     144       0       0       1       0                               0D0002946
     108    1479       0       0       0       0       0       000010000D0002947
     108       0       0       1       0                               0D0002948
     142    1480       0       0       0       0       0       000010500D0002949
     142       0       0       1       0                               0D0002950
     102    1481       0       0       0       0       0       000010000D0002951
     102       0       0       1       0                               0D0002952
     110    1482       0       0       0       0       0       000010000D0002953
     110       0       0       1       0                               0D0002954
     110    1483       0       0       0       0       0       000010000D0002955
     110       0       0       1       0                               0D0002956
     110    1484       0       0       0       0       0       000010000D0002957
     110       0       0       1       0                               0D0002958
     110    1485       0       0       0       0       0       000010000D0002959
     110       0       0       1       0                               0D0002960
     144    1486       0       0       0       0       0       000020000D0002961
     144       0       0       1       0                               0D0002962
     108    1487       0       0       0       0       0       000010000D0002963
     108       0       0       1       0                               0D0002964
     142    1488       0       0       0       0       0       000010500D0002965
     142       0       0       1       0                               0D0002966
     102    1489       0       0       0       0       0       000010000D0002967
     102       0       0       1       0                               0D0002968
     110    1490       0       0       0       0       0       000010000D0002969
     110       0       0       1       0                               0D0002970
     110    1491       0       0       0       0       0       000010000D0002971
     110       0       0       1       0                               0D0002972
     110    1492       0       0       0       0       0       000010000D0002973
     110       0       0       1       0                               0D0002974
     110    1493       0       0       0       0       0       000010000D0002975
     110       0       0       1       0                               0D0002976
     144    1494       0       0       0       0       0       000020000D0002977
     144       0       0       1       0                               0D0002978
     108    1495       0       0       0       0       0       000010000D0002979
     108       0       0       1       0                               0D0002980
     142    1496       0       0       0       0       0       000010500D0002981
     142       0       0       1       0                               0D0002982
     102    1497       0       0       0       0       0       000010000D0002983
     102       0       0       1       0                               0D0002984
     110    1498       0       0       0       0       0       000010000D0002985
     110       0       0       1       0                               0D0002986
     110    1499       0       0       0       0       0       000010000D0002987
     110       0       0       1       0                               0D0002988
     110    1500       0       0       0       0       0       000010000D0002989
     110       0       0       1       0                               0D0002990
     110    1501       0       0       0       0       0       000010000D0002991
     110       0       0       1       0                               0D0002992
     144    1502       0       0       0       0       0       000020000D0002993
     144       0       0       1       0                               0D0002994
     108    1503       0       0       0       0       0       000010000D0002995
     108       0       0       1       0                               0D0002996
     142    1504       0       0       0       0       0       000010500D0002997
     142       0       0       1       0                               0D0002998
     102    1505       0       0       0       0       0       000010000D0002999
     102       0       0       1       0                               0D0003000
     110    1506       0       0       0       0       0       000010000D0003001
     110       0       0       1       0                               0D0003002
     110    1507       0       0       0       0       0       000010000D0003003
     110       0       0       1       0                               0D0003004
     110    1508       0       0       0       0       0       000010000D0003005
     110       0       0       1       0                               0D0003006
     110    1509       0       0       0       0       0       000010000D0003007
     110       0       0       1       0                               0D0003008
     144    1510       0       0       0       0       0       000020000D0003009
     144       0       0       1       0                               0D0003010
     108    1511       0       0       0       0       0       000010000D0003011
     108       0       0       1       0                               0D0003012
     142    1512       0       0       0       0       0       000010500D0003013
     142       0       0       1       0                               0D0003014
     102    1513       0       0       0       0       0       000010000D0003015
     102       0       0       1       0                               0D0003016
     110    1514       0       0       0       0       0       000010000D0003017
     110       0       0       1       0                               0D0003018
     110    1515       0       0       0       0       0       000010000D0003019
     110       0       0       1       0                               0D0003020
     110    1516       0       0       0       0       0       000010000D0003021
     110       0       0       1       0                               0D0003022
     110    1517       0       0       0       0       0       000010000D0003023
     110       0       0       1       0                               0D0003024
     144    1518       0       0       0       0       0       000020000D0003025
     144       0       0       1       0                               0D0003026
     108    1519       0       0       0       0       0       000010000D0003027
     108       0       0       1       0                               0D0003028
     142    1520       0       0       0       0       0       000010500D0003029
     142       0       0       1       0                               0D0003030
     102    1521       0       0       0       0       0       000010000D0003031
     102       0       0       1       0                               0D0003032
     110    1522       0       0       0       0       0       000010000D0003033
     110       0       0       1       0                               0D0003034
     110    1523       0       0       0       0       0       000010000D0003035
     110       0       0       1       0                               0D0003036
     110    1524       0       0       0       0       0       000010000D0003037
     110       0       0       1       0                               0D0003038
     110    1525       0       0       0       0       0       000010000D0003039
     110       0       0       1       0                               0D0003040
     402    1526       0       0       0       0       0       000020000D0003041
     402       0       0       1       1                               0D0003042
     144    1527       0       0       0       0       0       000020000D0003043
     144       0       0       1       0                               0D0003044
     108    1528       0       0       0       0       0       000010000D0003045
     108       0       0       1       0                               0D0003046
     142    1529       0       0       0       0       0       000010500D0003047
     142       0       0       1       0                               0D0003048
     102    1530       0       0       0       0       0       000010000D0003049
     102       0       0       1       0                               0D0003050
     110    1531       0       0       0       0       0       000010000D0003051
     110       0       0       1       0                               0D0003052
     110    1532       0       0       0       0       0       000010000D0003053
     110       0       0       1       0                               0D0003054
     110    1533       0       0       0       0       0       000010000D0003055
     110       0       0       1       0                               0D0003056
     110    1534       0       0       0       0       0       000010000D0003057
     110       0       0       1       0                               0D0003058
     144    1535       0       0       0       0       0       000020000D0003059
     144       0       0       1       0                               0D0003060
     108    1536       0       0       0       0       0       000010000D0003061
     108       0       0       1       0                               0D0003062
     142    1537       0       0       0       0       0       000010500D0003063
     142       0       0       1       0                               0D0003064
     102    1538       0       0       0       0       0       000010000D0003065
     102       0       0       1       0                               0D0003066
     110    1539       0       0       0       0       0       000010000D0003067
     110       0       0       1       0                               0D0003068
     110    1540       0       0       0       0       0       000010000D0003069
     110       0       0       1       0                               0D0003070
     110    1541       0       0       0       0       0       000010000D0003071
     110       0       0       1       0                               0D0003072
     110    1542       0       0       0       0       0       000010000D0003073
     110       0       0       1       0                               0D0003074
     144    1543       0       0       0       0       0       000020000D0003075
     144       0       0       1       0                               0D0003076
     108    1544       0       0       0       0       0       000010000D0003077
     108       0       0       1       0                               0D0003078
     142    1545       0       0       0       0       0       000010500D0003079
     142       0       0       1       0                               0D0003080
     102    1546       0       0       0       0       0       000010000D0003081
     102       0       0       1       0                               0D0003082
     110    1547       0       0       0       0       0       000010000D0003083
     110       0       0       1       0                               0D0003084
     110    1548       0       0       0       0       0       000010000D0003085
     110       0       0       1       0                               0D0003086
     110    1549       0       0       0       0       0       000010000D0003087
     110       0       0       1       0                               0D0003088
     110    1550       0       0       0       0       0       000010000D0003089
     110       0       0       1       0                               0D0003090
     144    1551       0       0       0       0       0       000020000D0003091
     144       0       0       1       0                               0D0003092
     108    1552       0       0       0       0       0       000010000D0003093
     108       0       0       1       0                               0D0003094
     142    1553       0       0       0       0       0       000010500D0003095
     142       0       0       1       0                               0D0003096
     102    1554       0       0       0       0       0       000010000D0003097
     102       0       0       1       0                               0D0003098
     110    1555       0       0       0       0       0       000010000D0003099
     110       0       0       1       0                               0D0003100
     110    1556       0       0       0       0       0       000010000D0003101
     110       0       0       1       0                               0D0003102
     110    1557       0       0       0       0       0       000010000D0003103
     110       0       0       1       0                               0D0003104
     110    1558       0       0       0       0       0       000010000D0003105
     110       0       0       1       0                               0D0003106
     144    1559       0       0       0       0       0       000020000D0003107
     144       0       0       1       0                               0D0003108
     108    1560       0       0       0       0       0       000010000D0003109
     108       0       0       1       0                               0D0003110
     142    1561       0       0       0       0       0       000010500D0003111
     142       0       0       1       0                               0D0003112
     102    1562       0       0       0       0       0       000010000D0003113
     102       0       0       1       0                               0D0003114
     110    1563       0       0       0       0       0       000010000D0003115
     110       0       0       1       0                               0D0003116
     110    1564       0       0       0       0       0       000010000D0003117
     110       0       0       1       0                               0D0003118
     110    1565       0       0       0       0       0       000010000D0003119
     110       0       0       1       0                               0D0003120
     110    1566       0       0       0       0       0       000010000D0003121
     110       0       0       1       0                               0D0003122
     144    1567       0       0       0       0       0       000020000D0003123
     144       0       0       1       0                               0D0003124
     108    1568       0       0       0       0       0       000010000D0003125
     108       0       0       1       0                               0D0003126
     142    1569       0       0       0       0       0       000010500D0003127
     142       0       0       1       0                               0D0003128
     102    1570       0       0       0       0       0       000010000D0003129
     102       0       0       1       0                               0D0003130
     110    1571       0       0       0       0       0       000010000D0003131
     110       0       0       1       0                               0D0003132
     110    1572       0       0       0       0       0       000010000D0003133
     110       0       0       1       0                               0D0003134
     110    1573       0       0       0       0       0       000010000D0003135
     110       0       0       1       0                               0D0003136
     110    1574       0       0       0       0       0       000010000D0003137
     110       0       0       1       0                               0D0003138
     402    1575       0       0       0       0       0       000020000D0003139
     402       0       0       1       1                               0D0003140
     144    1576       0       0       0       0       0       000020000D0003141
     144       0       0       1       0                               0D0003142
     108    1577       0       0       0       0       0       000010000D0003143
     108       0       0       1       0                               0D0003144
     142    1578       0       0       0       0       0       000010500D0003145
     142       0       0       1       0                               0D0003146
     102    1579       0       0       0       0       0       000010000D0003147
     102       0       0       1       0                               0D0003148
     110    1580       0       0       0       0       0       000010000D0003149
     110       0       0       1       0                               0D0003150
     110    1581       0       0       0       0       0       000010000D0003151
     110       0       0       1       0                               0D0003152
     110    1582       0       0       0       0       0       000010000D0003153
     110       0       0       1       0                               0D0003154
     110    1583       0       0       0       0       0       000010000D0003155
     110       0       0       1       0                               0D0003156
     144    1584       0       0       0       0       0       000020000D0003157
     144       0       0       1       0                               0D0003158
     108    1585       0       0       0       0       0       000010000D0003159
     108       0       0       1       0                               0D0003160
     142    1586       0       0       0       0       0       000010500D0003161
     142       0       0       1       0                               0D0003162
     102    1587       0       0       0       0       0       000010000D0003163
     102       0       0       1       0                               0D0003164
     110    1588       0       0       0       0       0       000010000D0003165
     110       0       0       1       0                               0D0003166
     110    1589       0       0       0       0       0       000010000D0003167
     110       0       0       1       0                               0D0003168
     110    1590       0       0       0       0       0       000010000D0003169
     110       0       0       1       0                               0D0003170
     110    1591       0       0       0       0       0       000010000D0003171
     110       0       0       1       0                               0D0003172
     144    1592       0       0       0       0       0       000020000D0003173
     144       0       0       1       0                               0D0003174
     108    1593       0       0       0       0       0       000010000D0003175
     108       0       0       1       0                               0D0003176
     142    1594       0       0       0       0       0       000010500D0003177
     142       0       0       1       0                               0D0003178
     102    1595       0       0       0       0       0       000010000D0003179
     102       0       0       1       0                               0D0003180
     110    1596       0       0       0       0       0       000010000D0003181
     110       0       0       1       0                               0D0003182
     110    1597       0       0       0       0       0       000010000D0003183
     110       0       0       1       0                               0D0003184
     110    1598       0       0       0       0       0       000010000D0003185
     110       0       0       1       0                               0D0003186
     110    1599       0       0       0       0       0       000010000D0003187
     110       0       0       1       0                               0D0003188
     144    1600       0       0       0       0       0       000020000D0003189
     144       0       0       1       0                               0D0003190
     108    1601       0       0       0       0       0       000010000D0003191
     108       0       0       1       0                               0D0003192
     142    1602       0       0       0       0       0       000010500D0003193
     142       0       0       1       0                               0D0003194
     102    1603       0       0       0       0       0       000010000D0003195
     102       0       0       1       0                               0D0003196
     110    1604       0       0       0       0       0       000010000D0003197
     110       0       0       1       0                               0D0003198
     110    1605       0       0       0       0       0       000010000D0003199
     110       0       0       1       0                               0D0003200
     110    1606       0       0       0       0       0       000010000D0003201
     110       0       0       1       0                               0D0003202
     110    1607       0       0       0       0       0       000010000D0003203
     110       0       0       1       0                               0D0003204
     144    1608       0       0       0       0       0       000020000D0003205
     144       0       0       1       0                               0D0003206
     108    1609       0       0       0       0       0       000010000D0003207
     108       0       0       1       0                               0D0003208
     142    1610       0       0       0       0       0       000010500D0003209
     142       0       0       1       0                               0D0003210
     102    1611       0       0       0       0       0       000010000D0003211
     102       0       0       1       0                               0D0003212
     110    1612       0       0       0       0       0       000010000D0003213
     110       0       0       1       0                               0D0003214
     110    1613       0       0       0       0       0       000010000D0003215
     110       0       0       1       0                               0D0003216
     110    1614       0       0       0       0       0       000010000D0003217
     110       0       0       1       0                               0D0003218
     110    1615       0       0       0       0       0       000010000D0003219
     110       0       0       1       0                               0D0003220
     144    1616       0       0       0       0       0       000020000D0003221
     144       0       0       1       0                               0D0003222
     108    1617       0       0       0       0       0       000010000D0003223
     108       0       0       1       0                               0D0003224
     142    1618       0       0       0       0       0       000010500D0003225
     142       0       0       1       0                               0D0003226
     102    1619       0       0       0       0       0       000010000D0003227
     102       0       0       1       0                               0D0003228
     110    1620       0       0       0       0       0       000010000D0003229
     110       0       0       1       0                               0D0003230
     110    1621       0       0       0       0       0       000010000D0003231
     110       0       0       1       0                               0D0003232
     110    1622       0       0       0       0       0       000010000D0003233
     110       0       0       1       0                               0D0003234
     110    1623       0       0       0       0       0       000010000D0003235
     110       0       0       1       0                               0D0003236
     402    1624       0       0       0       0       0       000020000D0003237
     402       0       0       1       1                               0D0003238
     144    1625       0       0       0       0       0       000020000D0003239
     144       0       0       1       0                               0D0003240
     108    1626       0       0       0       0       0       000010000D0003241
     108       0       0       1       0                               0D0003242
     142    1627       0       0       0       0       0       000010500D0003243
     142       0       0       1       0                               0D0003244
     102    1628       0       0       0       0       0       000010000D0003245
     102       0       0       1       0                               0D0003246
     110    1629       0       0       0       0       0       000010000D0003247
     110       0       0       1       0                               0D0003248
     110    1630       0       0       0       0       0       000010000D0003249
     110       0       0       1       0                               0D0003250
     110    1631       0       0       0       0       0       000010000D0003251
     110       0       0       1       0                               0D0003252
     110    1632       0       0       0       0       0       000010000D0003253
     110       0       0       1       0                               0D0003254
     144    1633       0       0       0       0       0       000020000D0003255
     144       0       0       1       0                               0D0003256
     108    1634       0       0       0       0       0       000010000D0003257
     108       0       0       1       0                               0D0003258
     142    1635       0       0       0       0       0       000010500D0003259
     142       0       0       1       0                               0D0003260
     102    1636       0       0       0       0       0       000010000D0003261
     102       0       0       1       0                               0D0003262
     110    1637       0       0       0       0       0       000010000D0003263
     110       0       0       1       0                               0D0003264
     110    1638       0       0       0       0       0       000010000D0003265
     110       0       0       1       0                               0D0003266
     110    1639       0       0       0       0       0       000010000D0003267
     110       0       0       1       0                               0D0003268
     110    1640       0       0       0       0       0       000010000D0003269
     110       0       0       1       0                               0D0003270
     144    1641       0       0       0       0       0       000020000D0003271
     144       0       0       1       0                               0D0003272
     108    1642       0       0       0       0       0       000010000D0003273
     108       0       0       1       0                               0D0003274
     142    1643       0       0       0       0       0       000010500D0003275
     142       0       0       1       0                               0D0003276
     102    1644       0       0       0       0       0       000010000D0003277
     102       0       0       1       0                               0D0003278
     110    1645       0       0       0       0       0       000010000D0003279
     110       0       0       1       0                               0D0003280
     110    1646       0       0       0       0       0       000010000D0003281
     110       0       0       1       0                               0D0003282
     110    1647       0       0       0       0       0       000010000D0003283
     110       0       0       1       0                               0D0003284
     110    1648       0       0       0       0       0       000010000D0003285
     110       0       0       1       0                               0D0003286
     144    1649       0       0       0       0       0       000020000D0003287
     144       0       0       1       0                               0D0003288
     108    1650       0       0       0       0       0       000010000D0003289
     108       0       0       1       0                               0D0003290
     142    1651       0       0       0       0       0       000010500D0003291
     142       0       0       1       0                               0D0003292
     102    1652       0       0       0       0       0       000010000D0003293
     102       0       0       1       0                               0D0003294
     110    1653       0       0       0       0       0       000010000D0003295
     110       0       0       1       0                               0D0003296
     110    1654       0       0       0       0       0       000010000D0003297
     110       0       0       1       0                               0D0003298
     110    1655       0       0       0       0       0       000010000D0003299
     110       0       0       1       0                               0D0003300
     110    1656       0       0       0       0       0       000010000D0003301
     110       0       0       1       0                               0D0003302
     144    1657       0       0       0       0       0       000020000D0003303
     144       0       0       1       0                               0D0003304
     108    1658       0       0       0       0       0       000010000D0003305
     108       0       0       1       0                               0D0003306
     142    1659       0       0       0       0       0       000010500D0003307
     142       0       0       1       0                               0D0003308
     102    1660       0       0       0       0       0       000010000D0003309
     102       0       0       1       0                               0D0003310
     110    1661       0       0       0       0       0       000010000D0003311
     110       0       0       1       0                               0D0003312
     110    1662       0       0       0       0       0       000010000D0003313
     110       0       0       1       0                               0D0003314
     110    1663       0       0       0       0       0       000010000D0003315
     110       0       0       1       0                               0D0003316
     110    1664       0       0       0       0       0       000010000D0003317
     110       0       0       1       0                               0D0003318
     144    1665       0       0       0       0       0       000020000D0003319
     144       0       0       1       0                               0D0003320
     108    1666       0       0       0       0       0       000010000D0003321
     108       0       0       1       0                               0D0003322
     142    1667       0       0       0       0       0       000010500D0003323
     142       0       0       1       0                               0D0003324
     102    1668       0       0       0       0       0       000010000D0003325
     102       0       0       1       0                               0D0003326
     110    1669       0       0       0       0       0       000010000D0003327
     110       0       0       1       0                               0D0003328
     110    1670       0       0       0       0       0       000010000D0003329
     110       0       0       1       0                               0D0003330
     110    1671       0       0       0       0       0       000010000D0003331
     110       0       0       1       0                               0D0003332
     110    1672       0       0       0       0       0       000010000D0003333
     110       0       0       1       0                               0D0003334
     402    1673       0       0       0       0       0       000020000D0003335
     402       0       0       1       1                               0D0003336
     144    1674       0       0       0       0       0       000020000D0003337
     144       0       0       1       0                               0D0003338
     108    1675       0       0       0       0       0       000010000D0003339
     108       0       0       1       0                               0D0003340
     142    1676       0       0       0       0       0       000010500D0003341
     142       0       0       1       0                               0D0003342
     102    1677       0       0       0       0       0       000010000D0003343
     102       0       0       1       0                               0D0003344
     110    1678       0       0       0       0       0       000010000D0003345
     110       0       0       1       0                               0D0003346
     110    1679       0       0       0       0       0       000010000D0003347
     110       0       0       1       0                               0D0003348
     110    1680       0       0       0       0       0       000010000D0003349
     110       0       0       1       0                               0D0003350
     110    1681       0       0       0       0       0       000010000D0003351
     110       0       0       1       0                               0D0003352
     144    1682       0       0       0       0       0       000020000D0003353
     144       0       0       1       0                               0D0003354
     108    1683       0       0       0       0       0       000010000D0003355
     108       0       0       1       0                               0D0003356
     142    1684       0       0       0       0       0       000010500D0003357
     142       0       0       1       0                               0D0003358
     102    1685       0       0       0       0       0       000010000D0003359
     102       0       0       1       0                               0D0003360
     110    1686       0       0       0       0       0       000010000D0003361
     110       0       0       1       0                               0D0003362
     110    1687       0       0       0       0       0       000010000D0003363
     110       0       0       1       0                               0D0003364
     110    1688       0       0       0       0       0       000010000D0003365
     110       0       0       1       0                               0D0003366
     110    1689       0       0       0       0       0       000010000D0003367
     110       0       0       1       0                               0D0003368
     144    1690       0       0       0       0       0       000020000D0003369
     144       0       0       1       0                               0D0003370
     108    1691       0       0       0       0       0       000010000D0003371
     108       0       0       1       0                               0D0003372
     142    1692       0       0       0       0       0       000010500D0003373
     142       0       0       1       0                               0D0003374
     102    1693       0       0       0       0       0       000010000D0003375
     102       0       0       1       0                               0D0003376
     110    1694       0       0       0       0       0       000010000D0003377
     110       0       0       1       0                               0D0003378
     110    1695       0       0       0       0       0       000010000D0003379
     110       0       0       1       0                               0D0003380
     110    1696       0       0       0       0       0       000010000D0003381
     110       0       0       1       0                               0D0003382
     110    1697       0       0       0       0       0       000010000D0003383
     110       0       0       1       0                               0D0003384
     144    1698       0       0       0       0       0       000020000D0003385
     144       0       0       1       0                               0D0003386
     108    1699       0       0       0       0       0       000010000D0003387
     108       0       0       1       0                               0D0003388
     142    1700       0       0       0       0       0       000010500D0003389
     142       0       0       1       0                               0D0003390
     102    1701       0       0       0       0       0       000010000D0003391
     102       0       0       1       0                               0D0003392
     110    1702       0       0       0       0       0       000010000D0003393
     110       0       0       1       0                               0D0003394
     110    1703       0       0       0       0       0       000010000D0003395
     110       0       0       1       0                               0D0003396
     110    1704       0       0       0       0       0       000010000D0003397
     110       0       0       1       0                               0D0003398
     110    1705       0       0       0       0       0       000010000D0003399
     110       0       0       1       0                               0D0003400
     144    1706       0       0       0       0       0       000020000D0003401
     144       0       0       1       0                               0D0003402
     108    1707       0       0       0       0       0       000010000D0003403
     108       0       0       1       0                               0D0003404
     142    1708       0       0       0       0       0       000010500D0003405
     142       0       0       1       0                               0D0003406
     102    1709       0       0       0       0       0       000010000D0003407
     102       0       0       1       0                               0D0003408
     110    1710       0       0       0       0       0       000010000D0003409
     110       0       0       1       0                               0D0003410
     110    1711       0       0       0       0       0       000010000D0003411
     110       0       0       1       0                               0D0003412
     110    1712       0       0       0       0       0       000010000D0003413
     110       0       0       1       0                               0D0003414
     110    1713       0       0       0       0       0       000010000D0003415
     110       0       0       1       0                               0D0003416
     144    1714       0       0       0       0       0       000020000D0003417
     144       0       0       1       0                               0D0003418
     108    1715       0       0       0       0       0       000010000D0003419
     108       0       0       1       0                               0D0003420
     142    1716       0       0       0       0       0       000010500D0003421
     142       0       0       1       0                               0D0003422
     102    1717       0       0       0       0       0       000010000D0003423
     102       0       0       1       0                               0D0003424
     110    1718       0       0       0       0       0       000010000D0003425
     110       0       0       1       0                               0D0003426
     110    1719       0       0       0       0       0       000010000D0003427
     110       0       0       1       0                               0D0003428
     110    1720       0       0       0       0       0       000010000D0003429
     110       0       0       1       0                               0D0003430
     110    1721       0       0       0       0       0       000010000D0003431
     110       0       0       1       0                               0D0003432
     402    1722       0       0       0       0       0       000020000D0003433
     402       0       0       1       1                               0D0003434
     144    1723       0       0       0       0       0       000020000D0003435
     144       0       0       1       0                               0D0003436
     108    1724       0       0       0       0       0       000010000D0003437
     108       0       0       1       0                               0D0003438
     142    1725       0       0       0       0       0       000010500D0003439
     142       0       0       1       0                               0D0003440
     102    1726       0       0       0       0       0       000010000D0003441
     102       0       0       1       0                               0D0003442
     110    1727       0       0       0       0       0       000010000D0003443
     110       0       0       1       0                               0D0003444
     110    1728       0       0       0       0       0       000010000D0003445
     110       0       0       1       0                               0D0003446
     110    1729       0       0       0       0       0       000010000D0003447
     110       0       0       1       0                               0D0003448
     110    1730       0       0       0       0       0       000010000D0003449
     110       0       0       1       0                               0D0003450
     144    1731       0       0       0       0       0       000020000D0003451
     144       0       0       1       0                               0D0003452
     108    1732       0       0       0       0       0       000010000D0003453
     108       0       0       1       0                               0D0003454
     142    1733       0       0       0       0       0       000010500D0003455
     142       0       0       1       0                               0D0003456
     102    1734       0       0       0       0       0       000010000D0003457
     102       0       0       1       0                               0D0003458
     110    1735       0       0       0       0       0       000010000D0003459
     110       0       0       1       0                               0D0003460
     110    1736       0       0       0       0       0       000010000D0003461
     110       0       0       1       0                               0D0003462
     110    1737       0       0       0       0       0       000010000D0003463
     110       0       0       1       0                               0D0003464
     110    1738       0       0       0       0       0       000010000D0003465
     110       0       0       1       0                               0D0003466
     144    1739       0       0       0       0       0       000020000D0003467
     144       0       0       1       0                               0D0003468
     108    1740       0       0       0       0       0       000010000D0003469
     108       0       0       1       0                               0D0003470
     142    1741       0       0       0       0       0       000010500D0003471
     142       0       0       1       0                               0D0003472
     102    1742       0       0       0       0       0       000010000D0003473
     102       0       0       1       0                               0D0003474
     110    1743       0       0       0       0       0       000010000D0003475
     110       0       0       1       0                               0D0003476
     110    1744       0       0       0       0       0       000010000D0003477
     110       0       0       1       0                               0D0003478
     110    1745       0       0       0       0       0       000010000D0003479
     110       0       0       1       0                               0D0003480
     110    1746       0       0       0       0       0       000010000D0003481
     110       0       0       1       0                               0D0003482
     144    1747       0       0       0       0       0       000020000D0003483
     144       0       0       1       0                               0D0003484
     108    1748       0       0       0       0       0       000010000D0003485
     108       0       0       1       0                               0D0003486
     142    1749       0       0       0       0       0       000010500D0003487
     142       0       0       1       0                               0D0003488
     102    1750       0       0       0       0       0       000010000D0003489
     102       0       0       1       0                               0D0003490
     110    1751       0       0       0       0       0       000010000D0003491
     110       0       0       1       0                               0D0003492
     110    1752       0       0       0       0       0       000010000D0003493
     110       0       0       1       0                               0D0003494
     110    1753       0       0       0       0       0       000010000D0003495
     110       0       0       1       0                               0D0003496
     110    1754       0       0       0       0       0       000010000D0003497
     110       0       0       1       0                               0D0003498
     144    1755       0       0       0       0       0       000020000D0003499
     144       0       0       1       0                               0D0003500
     108    1756       0       0       0       0       0       000010000D0003501
     108       0       0       1       0                               0D0003502
     142    1757       0       0       0       0       0       000010500D0003503
     142       0       0       1       0                               0D0003504
     102    1758       0       0       0       0       0       000010000D0003505
     102       0       0       1       0                               0D0003506
     110    1759       0       0       0       0       0       000010000D0003507
     110       0       0       1       0                               0D0003508
     110    1760       0       0       0       0       0       000010000D0003509
     110       0       0       1       0                               0D0003510
     110    1761       0       0       0       0       0       000010000D0003511
     110       0       0       1       0                               0D0003512
     110    1762       0       0       0       0       0       000010000D0003513
     110       0       0       1       0                               0D0003514
     144    1763       0       0       0       0       0       000020000D0003515
     144       0       0       1       0                               0D0003516
     108    1764       0       0       0       0       0       000010000D0003517
     108       0       0       1       0                               0D0003518
     142    1765       0       0       0       0       0       000010500D0003519
     142       0       0       1       0                               0D0003520
     102    1766       0       0       0       0       0       000010000D0003521
     102       0       0       1       0                               0D0003522
     110    1767       0       0       0       0       0       000010000D0003523
     110       0       0       1       0                               0D0003524
     110    1768       0       0       0       0       0       000010000D0003525
     110       0       0       1       0                               0D0003526
     110    1769       0       0       0       0       0       000010000D0003527
     110       0       0       1       0                               0D0003528
     110    1770       0       0       0       0       0       000010000D0003529
     110       0       0       1       0                               0D0003530
     402    1771       0       0       0       0       0       000020000D0003531
     402       0       0       1       1                               0D0003532
     144    1772       0       0       0       0       0       000020000D0003533
     144       0       0       1       0                               0D0003534
     108    1773       0       0       0       0       0       000010000D0003535
     108       0       0       1       0                               0D0003536
     142    1774       0       0       0       0       0       000010500D0003537
     142       0       0       1       0                               0D0003538
     102    1775       0       0       0       0       0       000010000D0003539
     102       0       0       1       0                               0D0003540
     110    1776       0       0       0       0       0       000010000D0003541
     110       0       0       1       0                               0D0003542
     110    1777       0       0       0       0       0       000010000D0003543
     110       0       0       1       0                               0D0003544
     110    1778       0       0       0       0       0       000010000D0003545
     110       0       0       1       0                               0D0003546
     110    1779       0       0       0       0       0       000010000D0003547
     110       0       0       1       0                               0D0003548
     144    1780       0       0       0       0       0       000020000D0003549
     144       0       0       1       0                               0D0003550
     108    1781       0       0       0       0       0       000010000D0003551
     108       0       0       1       0                               0D0003552
     142    1782       0       0       0       0       0       000010500D0003553
     142       0       0       1       0                               0D0003554
     102    1783       0       0       0       0       0       000010000D0003555
     102       0       0       1       0                               0D0003556
     110    1784       0       0       0       0       0       000010000D0003557
     110       0       0       1       0                               0D0003558
     110    1785       0       0       0       0       0       000010000D0003559
     110       0       0       1       0                               0D0003560
     110    1786       0       0       0       0       0       000010000D0003561
     110       0       0       1       0                               0D0003562
     110    1787       0       0       0       0       0       000010000D0003563
     110       0       0       1       0                               0D0003564
     144    1788       0       0       0       0       0       000020000D0003565
     144       0       0       1       0                               0D0003566
     108    1789       0       0       0       0       0       000010000D0003567
     108       0       0       1       0                               0D0003568
     142    1790       0       0       0       0       0       000010500D0003569
     142       0       0       1       0                               0D0003570
     102    1791       0       0       0       0       0       000010000D0003571
     102       0       0       1       0                               0D0003572
     110    1792       0       0       0       0       0       000010000D0003573
     110       0       0       1       0                               0D0003574
     110    1793       0       0       0       0       0       000010000D0003575
     110       0       0       1       0                               0D0003576
     110    1794       0       0       0       0       0       000010000D0003577
     110       0       0       1       0                               0D0003578
     110    1795       0       0       0       0       0       000010000D0003579
     110       0       0       1       0                               0D0003580
     144    1796       0       0       0       0       0       000020000D0003581
     144       0       0       1       0                               0D0003582
     108    1797       0       0       0       0       0       000010000D0003583
     108       0       0       1       0                               0D0003584
     142    1798       0       0       0       0       0       000010500D0003585
     142       0       0       1       0                               0D0003586
     102    1799       0       0       0       0       0       000010000D0003587
     102       0       0       1       0                               0D0003588
     110    1800       0       0       0       0       0       000010000D0003589
     110       0       0       1       0                               0D0003590
     110    1801       0       0       0       0       0       000010000D0003591
     110       0       0       1       0                               0D0003592
     110    1802       0       0       0       0       0       000010000D0003593
     110       0       0       1       0                               0D0003594
     110    1803       0       0       0       0       0       000010000D0003595
     110       0       0       1       0                               0D0003596
     144    1804       0       0       0       0       0       000020000D0003597
     144       0       0       1       0                               0D0003598
     108    1805       0       0       0       0       0       000010000D0003599
     108       0       0       1       0                               0D0003600
     142    1806       0       0       0       0       0       000010500D0003601
     142       0       0       1       0                               0D0003602
     102    1807       0       0       0       0       0       000010000D0003603
     102       0       0       1       0                               0D0003604
     110    1808       0       0       0       0       0       000010000D0003605
     110       0       0       1       0                               0D0003606
     110    1809       0       0       0       0       0       000010000D0003607
     110       0       0       1       0                               0D0003608
     110    1810       0       0       0       0       0       000010000D0003609
     110       0       0       1       0                               0D0003610
     110    1811       0       0       0       0       0       000010000D0003611
     110       0       0       1       0                               0D0003612
     144    1812       0       0       0       0       0       000020000D0003613
     144       0       0       1       0                               0D0003614
     108    1813       0       0       0       0       0       000010000D0003615
     108       0       0       1       0                               0D0003616
     142    1814       0       0       0       0       0       000010500D0003617
     142       0       0       1       0                               0D0003618
     102    1815       0       0       0       0       0       000010000D0003619
     102       0       0       1       0                               0D0003620
     110    1816       0       0       0       0       0       000010000D0003621
     110       0       0       1       0                               0D0003622
     110    1817       0       0       0       0       0       000010000D0003623
     110       0       0       1       0                               0D0003624
     110    1818       0       0       0       0       0       000010000D0003625
     110       0       0       1       0                               0D0003626
     110    1819       0       0       0       0       0       000010000D0003627
     110       0       0       1       0                               0D0003628
     402    1820       0       0       0       0       0       000020000D0003629
     402       0       0       1       1                               0D0003630
     144    1821       0       0       0       0       0       000020000D0003631
     144       0       0       1       0                               0D0003632
     108    1822       0       0       0       0       0       000010000D0003633
     108       0       0       1       0                               0D0003634
     142    1823       0       0       0       0       0       000010500D0003635
     142       0       0       1       0                               0D0003636
     102    1824       0       0       0       0       0       000010000D0003637
     102       0       0       1       0                               0D0003638
     110    1825       0       0       0       0       0       000010000D0003639
     110       0       0       1       0                               0D0003640
     110    1826       0       0       0       0       0       000010000D0003641
     110       0       0       1       0                               0D0003642
     110    1827       0       0       0       0       0       000010000D0003643
     110       0       0       1       0                               0D0003644
     110    1828       0       0       0       0       0       000010000D0003645
     110       0       0       1       0                               0D0003646
     144    1829       0       0       0       0       0       000020000D0003647
     144       0       0       1       0                               0D0003648
     108    1830       0       0       0       0       0       000010000D0003649
     108       0       0       1       0                               0D0003650
     142    1831       0       0       0       0       0       000010500D0003651
     142       0       0       1       0                               0D0003652
     102    1832       0       0       0       0       0       000010000D0003653
     102       0       0       1       0                               0D0003654
     110    1833       0       0       0       0       0       000010000D0003655
     110       0       0       1       0                               0D0003656
     110    1834       0       0       0       0       0       000010000D0003657
     110       0       0       1       0                               0D0003658
     110    1835       0       0       0       0       0       000010000D0003659
     110       0       0       1       0                               0D0003660
     110    1836       0       0       0       0       0       000010000D0003661
     110       0       0       1       0                               0D0003662
     144    1837       0       0       0       0       0       000020000D0003663
     144       0       0       1       0                               0D0003664
     108    1838       0       0       0       0       0       000010000D0003665
     108       0       0       1       0                               0D0003666
     142    1839       0       0       0       0       0       000010500D0003667
     142       0       0       1       0                               0D0003668
     102    1840       0       0       0       0       0       000010000D0003669
     102       0       0       1       0                               0D0003670
     110    1841       0       0       0       0       0       000010000D0003671
     110       0       0       1       0                               0D0003672
     110    1842       0       0       0       0       0       000010000D0003673
     110       0       0       1       0                               0D0003674
     110    1843       0       0       0       0       0       000010000D0003675
     110       0       0       1       0                               0D0003676
     110    1844       0       0       0       0       0       000010000D0003677
     110       0       0       1       0                               0D0003678
     144    1845       0       0       0       0       0       000020000D0003679
     144       0       0       1       0                               0D0003680
     108    1846       0       0       0       0       0       000010000D0003681
     108       0       0       1       0                               0D0003682
     142    1847       0       0       0       0       0       000010500D0003683
     142       0       0       1       0                               0D0003684
     102    1848       0       0       0       0       0       000010000D0003685
     102       0       0       1       0                               0D0003686
     110    1849       0       0       0       0       0       000010000D0003687
     110       0       0       1       0                               0D0003688
     110    1850       0       0       0       0       0       000010000D0003689
     110       0       0       1       0                               0D0003690
     110    1851       0       0       0       0       0       000010000D0003691
     110       0       0       1       0                               0D0003692
     110    1852       0       0       0       0       0       000010000D0003693
     110       0       0       1       0                               0D0003694
     144    1853       0       0       0       0       0       000020000D0003695
     144       0       0       1       0                               0D0003696
     108    1854       0       0       0       0       0       000010000D0003697
     108       0       0       1       0                               0D0003698
     142    1855       0       0       0       0       0       000010500D0003699
     142       0       0       1       0                               0D0003700
     102    1856       0       0       0       0       0       000010000D0003701
     102       0       0       1       0                               0D0003702
     110    1857       0       0       0       0       0       000010000D0003703
     110       0       0       1       0                               0D0003704
     110    1858       0       0       0       0       0       000010000D0003705
     110       0       0       1       0                               0D0003706
     110    1859       0       0       0       0       0       000010000D0003707
     110       0       0       1       0                               0D0003708
     110    1860       0       0       0       0       0       000010000D0003709
     110       0       0       1       0                               0D0003710
     144    1861       0       0       0       0       0       000020000D0003711
     144       0       0       1       0                               0D0003712
     108    1862       0       0       0       0       0       000010000D0003713
     108       0       0       1       0                               0D0003714
     142    1863       0       0       0       0       0       000010500D0003715
     142       0       0       1       0                               0D0003716
     102    1864       0       0       0       0       0       000010000D0003717
     102       0       0       1       0                               0D0003718
     110    1865       0       0       0       0       0       000010000D0003719
     110       0       0       1       0                               0D0003720
     110    1866       0       0       0       0       0       000010000D0003721
     110       0       0       1       0                               0D0003722
     110    1867       0       0       0       0       0       000010000D0003723
     110       0       0       1       0                               0D0003724
     110    1868       0       0       0       0       0       000010000D0003725
     110       0       0       1       0                               0D0003726
     402    1869       0       0       0       0       0       000020000D0003727
     402       0       0       1       1                               0D0003728
     144    1870       0       0       0       0       0       000020000D0003729
     144       0       0       1       0                               0D0003730
     108    1871       0       0       0       0       0       000010000D0003731
     108       0       0       1       0                               0D0003732
     142    1872       0       0       0       0       0       000010500D0003733
     142       0       0       1       0                               0D0003734
     102    1873       0       0       0       0       0       000010000D0003735
     102       0       0       1       0                               0D0003736
     110    1874       0       0       0       0       0       000010000D0003737
     110       0       0       1       0                               0D0003738
     110    1875       0       0       0       0       0       000010000D0003739
     110       0       0       1       0                               0D0003740
     110    1876       0       0       0       0       0       000010000D0003741
     110       0       0       1       0                               0D0003742
     110    1877       0       0       0       0       0       000010000D0003743
     110       0       0       1       0                               0D0003744
     144    1878       0       0       0       0       0       000020000D0003745
     144       0       0       1       0                               0D0003746
     108    1879       0       0       0       0       0       000010000D0003747
     108       0       0       1       0                               0D0003748
     142    1880       0       0       0       0       0       000010500D0003749
     142       0       0       1       0                               0D0003750
     102    1881       0       0       0       0       0       000010000D0003751
     102       0       0       1       0                               0D0003752
     110    1882       0       0       0       0       0       000010000D0003753
     110       0       0       1       0                               0D0003754
     110    1883       0       0       0       0       0       000010000D0003755
     110       0       0       1       0                               0D0003756
     110    1884       0       0       0       0       0       000010000D0003757
     110       0       0       1       0                               0D0003758
     110    1885       0       0       0       0       0       000010000D0003759
     110       0       0       1       0                               0D0003760
     144    1886       0       0       0       0       0       000020000D0003761
     144       0       0       1       0                               0D0003762
     108    1887       0       0       0       0       0       000010000D0003763
     108       0       0       1       0                               0D0003764
     142    1888       0       0       0       0       0       000010500D0003765
     142       0       0       1       0                               0D0003766
     102    1889       0       0       0       0       0       000010000D0003767
     102       0       0       1       0                               0D0003768
     110    1890       0       0       0       0       0       000010000D0003769
     110       0       0       1       0                               0D0003770
     110    1891       0       0       0       0       0       000010000D0003771
     110       0       0       1       0                               0D0003772
     110    1892       0       0       0       0       0       000010000D0003773
     110       0       0       1       0                               0D0003774
     110    1893       0       0       0       0       0       000010000D0003775
     110       0       0       1       0                               0D0003776
     144    1894       0       0       0       0       0       000020000D0003777
     144       0       0       1       0                               0D0003778
     108    1895       0       0       0       0       0       000010000D0003779
     108       0       0       1       0                               0D0003780
     142    1896       0       0       0       0       0       000010500D0003781
     142       0       0       1       0                               0D0003782
     102    1897       0       0       0       0       0       000010000D0003783
     102       0       0       1       0                               0D0003784
     110    1898       0       0       0       0       0       000010000D0003785
     110       0       0       1       0                               0D0003786
     110    1899       0       0       0       0       0       000010000D0003787
     110       0       0       1       0                               0D0003788
     110    1900       0       0       0       0       0       000010000D0003789
     110       0       0       1       0                               0D0003790
     110    1901       0       0       0       0       0       000010000D0003791
     110       0       0       1       0                               0D0003792
     144    1902       0       0       0       0       0       000020000D0003793
     144       0       0       1       0                               0D0003794
     108    1903       0       0       0       0       0       000010000D0003795
     108       0       0       1       0                               0D0003796
     142    1904       0       0       0       0       0       000010500D0003797
     142       0       0       1       0                               0D0003798
     102    1905       0       0       0       0       0       000010000D0003799
     102       0       0       1       0                               0D0003800
     110    1906       0       0       0       0       0       000010000D0003801
     110       0       0       1       0                               0D0003802
     110    1907       0       0       0       0       0       000010000D0003803
     110       0       0       1       0                               0D0003804
     110    1908       0       0       0       0       0       000010000D0003805
     110       0       0       1       0                               0D0003806
     110    1909       0       0       0       0       0       000010000D0003807
     110       0       0       1       0                               0D0003808
     144    1910       0       0       0       0       0       000020000D0003809
     144       0       0       1       0                               0D0003810
     108    1911       0       0       0       0       0       000010000D0003811
     108       0       0       1       0                               0D0003812
     142    1912       0       0       0       0       0       000010500D0003813
     142       0       0       1       0                               0D0003814
     102    1913       0       0       0       0       0       000010000D0003815
     102       0       0       1       0                               0D0003816
     110    1914       0       0       0       0       0       000010000D0003817
     110       0       0       1       0                               0D0003818
     110    1915       0       0       0       0       0       000010000D0003819
     110       0       0       1       0                               0D0003820
     110    1916       0       0       0       0       0       000010000D0003821
     110       0       0       1       0                               0D0003822
     110    1917       0       0       0       0       0       000010000D0003823
     110       0       0       1       0                               0D0003824
     402    1918       0       0       0       0       0       000020000D0003825
     402       0       0       1       1                               0D0003826
     144    1919       0       0       0       0       0       000020000D0003827
     144       0       0       1       0                               0D0003828
     108    1920       0       0       0       0       0       000010000D0003829
     108       0       0       1       0                               0D0003830
     142    1921       0       0       0       0       0       000010500D0003831
     142       0       0       1       0                               0D0003832
     102    1922       0       0       0       0       0       000010000D0003833
     102       0       0       1       0                               0D0003834
     110    1923       0       0       0       0       0       000010000D0003835
     110       0       0       1       0                               0D0003836
     110    1924       0       0       0       0       0       000010000D0003837
     110       0       0       1       0                               0D0003838
     110    1925       0       0       0       0       0       000010000D0003839
     110       0       0       1       0                               0D0003840
     110    1926       0       0       0       0       0       000010000D0003841
     110       0       0       1       0                               0D0003842
     144    1927       0       0       0       0       0       000020000D0003843
     144       0       0       1       0                               0D0003844
     108    1928       0       0       0       0       0       000010000D0003845
     108       0       0       1       0                               0D0003846
     142    1929       0       0       0       0       0       000010500D0003847
     142       0       0       1       0                               0D0003848
     102    1930       0       0       0       0       0       000010000D0003849
     102       0       0       1       0                               0D0003850
     110    1931       0       0       0       0       0       000010000D0003851
     110       0       0       1       0                               0D0003852
     110    1932       0       0       0       0       0       000010000D0003853
     110       0       0       1       0                               0D0003854
     110    1933       0       0       0       0       0       000010000D0003855
     110       0       0       1       0                               0D0003856
     110    1934       0       0       0       0       0       000010000D0003857
     110       0       0       1       0                               0D0003858
     144    1935       0       0       0       0       0       000020000D0003859
     144       0       0       1       0                               0D0003860
     108    1936       0       0       0       0       0       000010000D0003861
     108       0       0       1       0                               0D0003862
     142    1937       0       0       0       0       0       000010500D0003863
     142       0       0       1       0                               0D0003864
     102    1938       0       0       0       0       0       000010000D0003865
     102       0       0       1       0                               0D0003866
     110    1939       0       0       0       0       0       000010000D0003867
     110       0       0       1       0                               0D0003868
     110    1940       0       0       0       0       0       000010000D0003869
     110       0       0       1       0                               0D0003870
     110    1941       0       0       0       0       0       000010000D0003871
     110       0       0       1       0                               0D0003872
     110    1942       0       0       0       0       0       000010000D0003873
     110       0       0       1       0                               0D0003874
     144    1943       0       0       0       0       0       000020000D0003875
     144       0       0       1       0                               0D0003876
     108    1944       0       0       0       0       0       000010000D0003877
     108       0       0       1       0                               0D0003878
     142    1945       0       0       0       0       0       000010500D0003879
     142       0       0       1       0                               0D0003880
     102    1946       0       0       0       0       0       000010000D0003881
     102       0       0       1       0                               0D0003882
     110    1947       0       0       0       0       0       000010000D0003883
     110       0       0       1       0                               0D0003884
     110    1948       0       0       0       0       0       000010000D0003885
     110       0       0       1       0                               0D0003886
     110    1949       0       0       0       0       0       000010000D0003887
     110       0       0       1       0                               0D0003888
     110    1950       0       0       0       0       0       000010000D0003889
     110       0       0       1       0                               0D0003890
     144    1951       0       0       0       0       0       000020000D0003891
     144       0       0       1       0                               0D0003892
     108    1952       0       0       0       0       0       000010000D0003893
     108       0       0       1       0                               0D0003894
     142    1953       0       0       0       0       0       000010500D0003895
     142       0       0       1       0                               0D0003896
     102    1954       0       0       0       0       0       000010000D0003897
     102       0       0       1       0                               0D0003898
     110    1955       0       0       0       0       0       000010000D0003899
     110       0       0       1       0                               0D0003900
     110    1956       0       0       0       0       0       000010000D0003901
     110       0       0       1       0                               0D0003902
     110    1957       0       0       0       0       0       000010000D0003903
     110       0       0       1       0                               0D0003904
     110    1958       0       0       0       0       0       000010000D0003905
     110       0       0       1       0                               0D0003906
     144    1959       0       0       0       0       0       000020000D0003907
     144       0       0       1       0                               0D0003908
     108    1960       0       0       0       0       0       000010000D0003909
     108       0       0       1       0                               0D0003910
     142    1961       0       0       0       0       0       000010500D0003911
     142       0       0       1       0                               0D0003912
     102    1962       0       0       0       0       0       000010000D0003913
     102       0       0       1       0                               0D0003914
     110    1963       0       0       0       0       0       000010000D0003915
     110       0       0       1       0                               0D0003916
     110    1964       0       0       0       0       0       000010000D0003917
     110       0       0       1       0                               0D0003918
     110    1965       0       0       0       0       0       000010000D0003919
     110       0       0       1       0                               0D0003920
     110    1966       0       0       0       0       0       000010000D0003921
     110       0       0       1       0                               0D0003922
     402    1967       0       0       0       0       0       000020000D0003923
     402       0       0       1       1                               0D0003924
     144    1968       0       0       0       0       0       000020000D0003925
     144       0       0       1       0                               0D0003926
     108    1969       0       0       0       0       0       000010000D0003927
     108       0       0       1       0                               0D0003928
     142    1970       0       0       0       0       0       000010500D0003929
     142       0       0       1       0                               0D0003930
     102    1971       0       0       0       0       0       000010000D0003931
     102       0       0       1       0                               0D0003932
     110    1972       0       0       0       0       0       000010000D0003933
     110       0       0       1       0                               0D0003934
     110    1973       0       0       0       0       0       000010000D0003935
     110       0       0       1       0                               0D0003936
     110    1974       0       0       0       0       0       000010000D0003937
     110       0       0       1       0                               0D0003938
     110    1975       0       0       0       0       0       000010000D0003939
     110       0       0       1       0                               0D0003940
     144    1976       0       0       0       0       0       000020000D0003941
     144       0       0       1       0                               0D0003942
     108    1977       0       0       0       0       0       000010000D0003943
     108       0       0       1       0                               0D0003944
     142    1978       0       0       0       0       0       000010500D0003945
     142       0       0       1       0                               0D0003946
     102    1979       0       0       0       0       0       000010000D0003947
     102       0       0       1       0                               0D0003948
     110    1980       0       0       0       0       0       000010000D0003949
     110       0       0       1       0                               0D0003950
     110    1981       0       0       0       0       0       000010000D0003951
     110       0       0       1       0                               0D0003952
     110    1982       0       0       0       0       0       000010000D0003953
     110       0       0       1       0                               0D0003954
     110    1983       0       0       0       0       0       000010000D0003955
     110       0       0       1       0                               0D0003956
     144    1984       0       0       0       0       0       000020000D0003957
     144       0       0       1       0                               0D0003958
     108    1985       0       0       0       0       0       000010000D0003959
     108       0       0       1       0                               0D0003960
     142    1986       0       0       0       0       0       000010500D0003961
     142       0       0       1       0                               0D0003962
     102    1987       0       0       0       0       0       000010000D0003963
     102       0       0       1       0                               0D0003964
     110    1988       0       0       0       0       0       000010000D0003965
     110       0       0       1       0                               0D0003966
     110    1989       0       0       0       0       0       000010000D0003967
     110       0       0       1       0                               0D0003968
     110    1990       0       0       0       0       0       000010000D0003969
     110       0       0       1       0                               0D0003970
     110    1991       0       0       0       0       0       000010000D0003971
     110       0       0       1       0                               0D0003972
     144    1992       0       0       0       0       0       000020000D0003973
     144       0       0       1       0                               0D0003974
     108    1993       0       0       0       0       0       000010000D0003975
     108       0       0       1       0                               0D0003976
     142    1994       0       0       0       0       0       000010500D0003977
     142       0       0       1       0                               0D0003978
     102    1995       0       0       0       0       0       000010000D0003979
     102       0       0       1       0                               0D0003980
     110    1996       0       0       0       0       0       000010000D0003981
     110       0       0       1       0                               0D0003982
     110    1997       0       0       0       0       0       000010000D0003983
     110       0       0       1       0                               0D0003984
     110    1998       0       0       0       0       0       000010000D0003985
     110       0       0       1       0                               0D0003986
     110    1999       0       0       0       0       0       000010000D0003987
     110       0       0       1       0                               0D0003988
     144    2000       0       0       0       0       0       000020000D0003989
     144       0       0       1       0                               0D0003990
     108    2001       0       0       0       0       0       000010000D0003991
     108       0       0       1       0                               0D0003992
     142    2002       0       0       0       0       0       000010500D0003993
     142       0       0       1       0                               0D0003994
     102    2003       0       0       0       0       0       000010000D0003995
     102       0       0       1       0                               0D0003996
     110    2004       0       0       0       0       0       000010000D0003997
     110       0       0       1       0                               0D0003998
     110    2005       0       0       0       0       0       000010000D0003999
     110       0       0       1       0                               0D0004000
     110    2006       0       0       0       0       0       000010000D0004001
     110       0       0       1       0                               0D0004002
     110    2007       0       0       0       0       0       000010000D0004003
     110       0       0       1       0                               0D0004004
     144    2008       0       0       0       0       0       000020000D0004005
     144       0       0       1       0                               0D0004006
     108    2009       0       0       0       0       0       000010000D0004007
     108       0       0       1       0                               0D0004008
     142    2010       0       0       0       0       0       000010500D0004009
     142       0       0       1       0                               0D0004010
     102    2011       0       0       0       0       0       000010000D0004011
     102       0       0       1       0                               0D0004012
     110    2012       0       0       0       0       0       000010000D0004013
     110       0       0       1       0                               0D0004014
     110    2013       0       0       0       0       0       000010000D0004015
     110       0       0       1       0                               0D0004016
     110    2014       0       0       0       0       0       000010000D0004017
     110       0       0       1       0                               0D0004018
     110    2015       0       0       0       0       0       000010000D0004019
     110       0       0       1       0                               0D0004020
     402    2016       0       0       0       0       0       000020000D0004021
     402       0       0       1       1                               0D0004022
     144    2017       0       0       0       0       0       000020000D0004023
     144       0       0       1       0                               0D0004024
     108    2018       0       0       0       0       0       000010000D0004025
     108       0       0       1       0                               0D0004026
     142    2019       0       0       0       0       0       000010500D0004027
     142       0       0       1       0                               0D0004028
     102    2020       0       0       0       0       0       000010000D0004029
     102       0       0       1       0                               0D0004030
     110    2021       0       0       0       0       0       000010000D0004031
     110       0       0       1       0                               0D0004032
     110    2022       0       0       0       0       0       000010000D0004033
     110       0       0       1       0                               0D0004034
     110    2023       0       0       0       0       0       000010000D0004035
     110       0       0       1       0                               0D0004036
     110    2024       0       0       0       0       0       000010000D0004037
     110       0       0       1       0                               0D0004038
     144    2025       0       0       0       0       0       000020000D0004039
     144       0       0       1       0                               0D0004040
     108    2026       0       0       0       0       0       000010000D0004041
     108       0       0       1       0                               0D0004042
     142    2027       0       0       0       0       0       000010500D0004043
     142       0       0       1       0                               0D0004044
     102    2028       0       0       0       0       0       000010000D0004045
     102       0       0       1       0                               0D0004046
     110    2029       0       0       0       0       0       000010000D0004047
     110       0       0       1       0                               0D0004048
     110    2030       0       0       0       0       0       000010000D0004049
     110       0       0       1       0                               0D0004050
     110    2031       0       0       0       0       0       000010000D0004051
     110       0       0       1       0                               0D0004052
     110    2032       0       0       0       0       0       000010000D0004053
     110       0       0       1       0                               0D0004054
     144    2033       0       0       0       0       0       000020000D0004055
     144       0       0       1       0                               0D0004056
     108    2034       0       0       0       0       0       000010000D0004057
     108       0       0       1       0                               0D0004058
     142    2035       0       0       0       0       0       000010500D0004059
     142       0       0       1       0                               0D0004060
     102    2036       0       0       0       0       0       000010000D0004061
     102       0       0       1       0                               0D0004062
     110    2037       0       0       0       0       0       000010000D0004063
     110       0       0       1       0                               0D0004064
     110    2038       0       0       0       0       0       000010000D0004065
     110       0       0       1       0                               0D0004066
     110    2039       0       0       0       0       0       000010000D0004067
     110       0       0       1       0                               0D0004068
     110    2040       0       0       0       0       0       000010000D0004069
     110       0       0       1       0                               0D0004070
     144    2041       0       0       0       0       0       000020000D0004071
     144       0       0       1       0                               0D0004072
     108    2042       0       0       0       0       0       000010000D0004073
     108       0       0       1       0                               0D0004074
     142    2043       0       0       0       0       0       000010500D0004075
     142       0       0       1       0                               0D0004076
     102    2044       0       0       0       0       0       000010000D0004077
     102       0       0       1       0                               0D0004078
     110    2045       0       0       0       0       0       000010000D0004079
     110       0       0       1       0                               0D0004080
     110    2046       0       0       0       0       0       000010000D0004081
     110       0       0       1       0                               0D0004082
     110    2047       0       0       0       0       0       000010000D0004083
     110       0       0       1       0                               0D0004084
     110    2048       0       0       0       0       0       000010000D0004085
     110       0       0       1       0                               0D0004086
     144    2049       0       0       0       0       0       000020000D0004087
     144       0       0       1       0                               0D0004088
     108    2050       0       0       0       0       0       000010000D0004089
     108       0       0       1       0                               0D0004090
     142    2051       0       0       0       0       0       000010500D0004091
     142       0       0       1       0                               0D0004092
     102    2052       0       0       0       0       0       000010000D0004093
     102       0       0       1       0                               0D0004094
     110    2053       0       0       0       0       0       000010000D0004095
     110       0       0       1       0                               0D0004096
     110    2054       0       0       0       0       0       000010000D0004097
     110       0       0       1       0                               0D0004098
     110    2055       0       0       0       0       0       000010000D0004099
     110       0       0       1       0                               0D0004100
     110    2056       0       0       0       0       0       000010000D0004101
     110       0       0       1       0                               0D0004102
     144    2057       0       0       0       0       0       000020000D0004103
     144       0       0       1       0                               0D0004104
     108    2058       0       0       0       0       0       000010000D0004105
     108       0       0       1       0                               0D0004106
     142    2059       0       0       0       0       0       000010500D0004107
     142       0       0       1       0                               0D0004108
     102    2060       0       0       0       0       0       000010000D0004109
     102       0       0       1       0                               0D0004110
     110    2061       0       0       0       0       0       000010000D0004111
     110       0       0       1       0                               0D0004112
     110    2062       0       0       0       0       0       000010000D0004113
     110       0       0       1       0                               0D0004114
     110    2063       0       0       0       0       0       000010000D0004115
     110       0       0       1       0                               0D0004116
     110    2064       0       0       0       0       0       000010000D0004117
     110       0       0       1       0                               0D0004118
     402    2065       0       0       0       0       0       000020000D0004119
     402       0       0       1       1                               0D0004120
     144    2066       0       0       0       0       0       000020000D0004121
     144       0       0       1       0                               0D0004122
     108    2067       0       0       0       0       0       000010000D0004123
     108       0       0       1       0                               0D0004124
     142    2068       0       0       0       0       0       000010500D0004125
     142       0       0       1       0                               0D0004126
     102    2069       0       0       0       0       0       000010000D0004127
     102       0       0       1       0                               0D0004128
     110    2070       0       0       0       0       0       000010000D0004129
     110       0       0       1       0                               0D0004130
     110    2071       0       0       0       0       0       000010000D0004131
     110       0       0       1       0                               0D0004132
     110    2072       0       0       0       0       0       000010000D0004133
     110       0       0       1       0                               0D0004134
     110    2073       0       0       0       0       0       000010000D0004135
     110       0       0       1       0                               0D0004136
     144    2074       0       0       0       0       0       000020000D0004137
     144       0       0       1       0                               0D0004138
     108    2075       0       0       0       0       0       000010000D0004139
     108       0       0       1       0                               0D0004140
     142    2076       0       0       0       0       0       000010500D0004141
     142       0       0       1       0                               0D0004142
     102    2077       0       0       0       0       0       000010000D0004143
     102       0       0       1       0                               0D0004144
     110    2078       0       0       0       0       0       000010000D0004145
     110       0       0       1       0                               0D0004146
     110    2079       0       0       0       0       0       000010000D0004147
     110       0       0       1       0                               0D0004148
     110    2080       0       0       0       0       0       000010000D0004149
     110       0       0       1       0                               0D0004150
     110    2081       0       0       0       0       0       000010000D0004151
     110       0       0       1       0                               0D0004152
     144    2082       0       0       0       0       0       000020000D0004153
     144       0       0       1       0                               0D0004154
     108    2083       0       0       0       0       0       000010000D0004155
     108       0       0       1       0                               0D0004156
     142    2084       0       0       0       0       0       000010500D0004157
     142       0       0       1       0                               0D0004158
     102    2085       0       0       0       0       0       000010000D0004159
     102       0       0       1       0                               0D0004160
     110    2086       0       0       0       0       0       000010000D0004161
     110       0       0       1       0                               0D0004162
     110    2087       0       0       0       0       0       000010000D0004163
     110       0       0       1       0                               0D0004164
     110    2088       0       0       0       0       0       000010000D0004165
     110       0       0       1       0                               0D0004166
     110    2089       0       0       0       0       0       000010000D0004167
     110       0       0       1       0                               0D0004168
     144    2090       0       0       0       0       0       000020000D0004169
     144       0       0       1       0                               0D0004170
     108    2091       0       0       0       0       0       000010000D0004171
     108       0       0       1       0                               0D0004172
     142    2092       0       0       0       0       0       000010500D0004173
     142       0       0       1       0                               0D0004174
     102    2093       0       0       0       0       0       000010000D0004175
     102       0       0       1       0                               0D0004176
     110    2094       0       0       0       0       0       000010000D0004177
     110       0       0       1       0                               0D0004178
     110    2095       0       0       0       0       0       000010000D0004179
     110       0       0       1       0                               0D0004180
     110    2096       0       0       0       0       0       000010000D0004181
     110       0       0       1       0                               0D0004182
     110    2097       0       0       0       0       0       000010000D0004183
     110       0       0       1       0                               0D0004184
     144    2098       0       0       0       0       0       000020000D0004185
     144       0       0       1       0                               0D0004186
     108    2099       0       0       0       0       0       000010000D0004187
     108       0       0       1       0                               0D0004188
     142    2100       0       0       0       0       0       000010500D0004189
     142       0       0       1       0                               0D0004190
     102    2101       0       0       0       0       0       000010000D0004191
     102       0       0       1       0                               0D0004192
     110    2102       0       0       0       0       0       000010000D0004193
     110       0       0       1       0                               0D0004194
     110    2103       0       0       0       0       0       000010000D0004195
     110       0       0       1       0                               0D0004196
     110    2104       0       0       0       0       0       000010000D0004197
     110       0       0       1       0                               0D0004198
     110    2105       0       0       0       0       0       000010000D0004199
     110       0       0       1       0                               0D0004200
     144    2106       0       0       0       0       0       000020000D0004201
     144       0       0       1       0                               0D0004202
     108    2107       0       0       0       0       0       000010000D0004203
     108       0       0       1       0                               0D0004204
     142    2108       0       0       0       0       0       000010500D0004205
     142       0       0       1       0                               0D0004206
     102    2109       0       0       0       0       0       000010000D0004207
     102       0       0       1       0                               0D0004208
     110    2110       0       0       0       0       0       000010000D0004209
     110       0       0       1       0                               0D0004210
     110    2111       0       0       0       0       0       000010000D0004211
     110       0       0       1       0                               0D0004212
     110    2112       0       0       0       0       0       000010000D0004213
     110       0       0       1       0                               0D0004214
     110    2113       0       0       0       0       0       000010000D0004215
     110       0       0       1       0                               0D0004216
     402    2114       0       0       0       0       0       000020000D0004217
     402       0       0       1       1                               0D0004218
     144    2115       0       0       0       0       0       000020000D0004219
     144       0       0       1       0                               0D0004220
     108    2116       0       0       0       0       0       000010000D0004221
     108       0       0       1       0                               0D0004222
     142    2117       0       0       0       0       0       000010500D0004223
     142       0       0       1       0                               0D0004224
     102    2118       0       0       0       0       0       000010000D0004225
     102       0       0       1       0                               0D0004226
     110    2119       0       0       0       0       0       000010000D0004227
     110       0       0       1       0                               0D0004228
     110    2120       0       0       0       0       0       000010000D0004229
     110       0       0       1       0                               0D0004230
     110    2121       0       0       0       0       0       000010000D0004231
     110       0       0       1       0                               0D0004232
     110    2122       0       0       0       0       0       000010000D0004233
     110       0       0       1       0                               0D0004234
     144    2123       0       0       0       0       0       000020000D0004235
     144       0       0       1       0                               0D0004236
     108    2124       0       0       0       0       0       000010000D0004237
     108       0       0       1       0                               0D0004238
     142    2125       0       0       0       0       0       000010500D0004239
     142       0       0       1       0                               0D0004240
     102    2126       0       0       0       0       0       000010000D0004241
     102       0       0       1       0                               0D0004242
     110    2127       0       0       0       0       0       000010000D0004243
     110       0       0       1       0                               0D0004244
     110    2128       0       0       0       0       0       000010000D0004245
     110       0       0       1       0                               0D0004246
     110    2129       0       0       0       0       0       000010000D0004247
     110       0       0       1       0                               0D0004248
     110    2130       0       0       0       0       0       000010000D0004249
     110       0       0       1       0                               0D0004250
     144    2131       0       0       0       0       0       000020000D0004251
     144       0       0       1       0                               0D0004252
     108    2132       0       0       0       0       0       000010000D0004253
     108       0       0       1       0                               0D0004254
     142    2133       0       0       0       0       0       000010500D0004255
     142       0       0       1       0                               0D0004256
     102    2134       0       0       0       0       0       000010000D0004257
     102       0       0       1       0                               0D0004258
     110    2135       0       0       0       0       0       000010000D0004259
     110       0       0       1       0                               0D0004260
     110    2136       0       0       0       0       0       000010000D0004261
     110       0       0       1       0                               0D0004262
     110    2137       0       0       0       0       0       000010000D0004263
     110       0       0       1       0                               0D0004264
     110    2138       0       0       0       0       0       000010000D0004265
     110       0       0       1       0                               0D0004266
     144    2139       0       0       0       0       0       000020000D0004267
     144       0       0       1       0                               0D0004268
     108    2140       0       0       0       0       0       000010000D0004269
     108       0       0       1       0                               0D0004270
     142    2141       0       0       0       0       0       000010500D0004271
     142       0       0       1       0                               0D0004272
     102    2142       0       0       0       0       0       000010000D0004273
     102       0       0       1       0                               0D0004274
     110    2143       0       0       0       0       0       000010000D0004275
     110       0       0       1       0                               0D0004276
     110    2144       0       0       0       0       0       000010000D0004277
     110       0       0       1       0                               0D0004278
     110    2145       0       0       0       0       0       000010000D0004279
     110       0       0       1       0                               0D0004280
     110    2146       0       0       0       0       0       000010000D0004281
     110       0       0       1       0                               0D0004282
     144    2147       0       0       0       0       0       000020000D0004283
     144       0       0       1       0                               0D0004284
     108    2148       0       0       0       0       0       000010000D0004285
     108       0       0       1       0                               0D0004286
     142    2149       0       0       0       0       0       000010500D0004287
     142       0       0       1       0                               0D0004288
     102    2150       0       0       0       0       0       000010000D0004289
     102       0       0       1       0                               0D0004290
     110    2151       0       0       0       0       0       000010000D0004291
     110       0       0       1       0                               0D0004292
     110    2152       0       0       0       0       0       000010000D0004293
     110       0       0       1       0                               0D0004294
     110    2153       0       0       0       0       0       000010000D0004295
     110       0       0       1       0                               0D0004296
     110    2154       0       0       0       0       0       000010000D0004297
     110       0       0       1       0                               0D0004298
     144    2155       0       0       0       0       0       000020000D0004299
     144       0       0       1       0                               0D0004300
     108    2156       0       0       0       0       0       000010000D0004301
     108       0       0       1       0                               0D0004302
     142    2157       0       0       0       0       0       000010500D0004303
     142       0       0       1       0                               0D0004304
     102    2158       0       0       0       0       0       000010000D0004305
     102       0       0       1       0                               0D0004306
     110    2159       0       0       0       0       0       000010000D0004307
     110       0       0       1       0                               0D0004308
     110    2160       0       0       0       0       0       000010000D0004309
     110       0       0       1       0                               0D0004310
     110    2161       0       0       0       0       0       000010000D0004311
     110       0       0       1       0                               0D0004312
     110    2162       0       0       0       0       0       000010000D0004313
     110       0       0       1       0                               0D0004314
     402    2163       0       0       0       0       0       000020000D0004315
     402       0       0       1       1                               0D0004316
     144    2164       0       0       0       0       0       000020000D0004317
     144       0       0       1       0                               0D0004318
     108    2165       0       0       0       0       0       000010000D0004319
     108       0       0       1       0                               0D0004320
     142    2166       0       0       0       0       0       000010500D0004321
     142       0       0       1       0                               0D0004322
     102    2167       0       0       0       0       0       000010000D0004323
     102       0       0       1       0                               0D0004324
     110    2168       0       0       0       0       0       000010000D0004325
     110       0       0       1       0                               0D0004326
     110    2169       0       0       0       0       0       000010000D0004327
     110       0       0       1       0                               0D0004328
     110    2170       0       0       0       0       0       000010000D0004329
     110       0       0       1       0                               0D0004330
     110    2171       0       0       0       0       0       000010000D0004331
     110       0       0       1       0                               0D0004332
     144    2172       0       0       0       0       0       000020000D0004333
     144       0       0       1       0                               0D0004334
     108    2173       0       0       0       0       0       000010000D0004335
     108       0       0       1       0                               0D0004336
     142    2174       0       0       0       0       0       000010500D0004337
     142       0       0       1       0                               0D0004338
     102    2175       0       0       0       0       0       000010000D0004339
     102       0       0       1       0                               0D0004340
     110    2176       0       0       0       0       0       000010000D0004341
     110       0       0       1       0                               0D0004342
     110    2177       0       0       0       0       0       000010000D0004343
     110       0       0       1       0                               0D0004344
     110    2178       0       0       0       0       0       000010000D0004345
     110       0       0       1       0                               0D0004346
     110    2179       0       0       0       0       0       000010000D0004347
     110       0       0       1       0                               0D0004348
     144    2180       0       0       0       0       0       000020000D0004349
     144       0       0       1       0                               0D0004350
     108    2181       0       0       0       0       0       000010000D0004351
     108       0       0       1       0                               0D0004352
     142    2182       0       0       0       0       0       000010500D0004353
     142       0       0       1       0                               0D0004354
     102    2183       0       0       0       0       0       000010000D0004355
     102       0       0       1       0                               0D0004356
     110    2184       0       0       0       0       0       000010000D0004357
     110       0       0       1       0                               0D0004358
     110    2185       0       0       0       0       0       000010000D0004359
     110       0       0       1       0                               0D0004360
     110    2186       0       0       0       0       0       000010000D0004361
     110       0       0       1       0                               0D0004362
     110    2187       0       0       0       0       0       000010000D0004363
     110       0       0       1       0                               0D0004364
     144    2188       0       0       0       0       0       000020000D0004365
     144       0       0       1       0                               0D0004366
     108    2189       0       0       0       0       0       000010000D0004367
     108       0       0       1       0                               0D0004368
     142    2190       0       0       0       0       0       000010500D0004369
     142       0       0       1       0                               0D0004370
     102    2191       0       0       0       0       0       000010000D0004371
     102       0       0       1       0                               0D0004372
     110    2192       0       0       0       0       0       000010000D0004373
     110       0       0       1       0                               0D0004374
     110    2193       0       0       0       0       0       000010000D0004375
     110       0       0       1       0                               0D0004376
     110    2194       0       0       0       0       0       000010000D0004377
     110       0       0       1       0                               0D0004378
     110    2195       0       0       0       0       0       000010000D0004379
     110       0       0       1       0                               0D0004380
     144    2196       0       0       0       0       0       000020000D0004381
     144       0       0       1       0                               0D0004382
     108    2197       0       0       0       0       0       000010000D0004383
     108       0       0       1       0                               0D0004384
     142    2198       0       0       0       0       0       000010500D0004385
     142       0       0       1       0                               0D0004386
     102    2199       0       0       0       0       0       000010000D0004387
     102       0       0       1       0                               0D0004388
     110    2200       0       0       0       0       0       000010000D0004389
     110       0       0       1       0                               0D0004390
     110    2201       0       0       0       0       0       000010000D0004391
     110       0       0       1       0                               0D0004392
     110    2202       0       0       0       0       0       000010000D0004393
     110       0       0       1       0                               0D0004394
     110    2203       0       0       0       0       0       000010000D0004395
     110       0       0       1       0                               0D0004396
     144    2204       0       0       0       0       0       000020000D0004397
     144       0       0       1       0                               0D0004398
     108    2205       0       0       0       0       0       000010000D0004399
     108       0       0       1       0                               0D0004400
     142    2206       0       0       0       0       0       000010500D0004401
     142       0       0       1       0                               0D0004402
     102    2207       0       0       0       0       0       000010000D0004403
     102       0       0       1       0                               0D0004404
     110    2208       0       0       0       0       0       000010000D0004405
     110       0       0       1       0                               0D0004406
     110    2209       0       0       0       0       0       000010000D0004407
     110       0       0       1       0                               0D0004408
     110    2210       0       0       0       0       0       000010000D0004409
     110       0       0       1       0                               0D0004410
     110    2211       0       0       0       0       0       000010000D0004411
     110       0       0       1       0                               0D0004412
     402    2212       0       0       0       0       0       000020000D0004413
     402       0       0       1       1                               0D0004414
     144    2213       0       0       0       0       0       000020000D0004415
     144       0       0       1       0                               0D0004416
     108    2214       0       0       0       0       0       000010000D0004417
     108       0       0       1       0                               0D0004418
     142    2215       0       0       0       0       0       000010500D0004419
     142       0       0       1       0                               0D0004420
     102    2216       0       0       0       0       0       000010000D0004421
     102       0       0       1       0                               0D0004422
     110    2217       0       0       0       0       0       000010000D0004423
     110       0       0       1       0                               0D0004424
     110    2218       0       0       0       0       0       000010000D0004425
     110       0       0       1       0                               0D0004426
     110    2219       0       0       0       0       0       000010000D0004427
     110       0       0       1       0                               0D0004428
     110    2220       0       0       0       0       0       000010000D0004429
     110       0       0       1       0                               0D0004430
     144    2221       0       0       0       0       0       000020000D0004431
     144       0       0       1       0                               0D0004432
     108    2222       0       0       0       0       0       000010000D0004433
     108       0       0       1       0                               0D0004434
     142    2223       0       0       0       0       0       000010500D0004435
     142       0       0       1       0                               0D0004436
     102    2224       0       0       0       0       0       000010000D0004437
     102       0       0       1       0                               0D0004438
     110    2225       0       0       0       0       0       000010000D0004439
     110       0       0       1       0                               0D0004440
     110    2226       0       0       0       0       0       000010000D0004441
     110       0       0       1       0                               0D0004442
     110    2227       0       0       0       0       0       000010000D0004443
     110       0       0       1       0                               0D0004444
     110    2228       0       0       0       0       0       000010000D0004445
     110       0       0       1       0                               0D0004446
     144    2229       0       0       0       0       0       000020000D0004447
     144       0       0       1       0                               0D0004448
     108    2230       0       0       0       0       0       000010000D0004449
     108       0       0       1       0                               0D0004450
     142    2231       0       0       0       0       0       000010500D0004451
     142       0       0       1       0                               0D0004452
     102    2232       0       0       0       0       0       000010000D0004453
     102       0       0       1       0                               0D0004454
     110    2233       0       0       0       0       0       000010000D0004455
     110       0       0       1       0                               0D0004456
     110    2234       0       0       0       0       0       000010000D0004457
     110       0       0       1       0                               0D0004458
     110    2235       0       0       0       0       0       000010000D0004459
     110       0       0       1       0                               0D0004460
     110    2236       0       0       0       0       0       000010000D0004461
     110       0       0       1       0                               0D0004462
     144    2237       0       0       0       0       0       000020000D0004463
     144       0       0       1       0                               0D0004464
     108    2238       0       0       0       0       0       000010000D0004465
     108       0       0       1       0                               0D0004466
     142    2239       0       0       0       0       0       000010500D0004467
     142       0       0       1       0                               0D0004468
     102    2240       0       0       0       0       0       000010000D0004469
     102       0       0       1       0                               0D0004470
     110    2241       0       0       0       0       0       000010000D0004471
     110       0       0       1       0                               0D0004472
     110    2242       0       0       0       0       0       000010000D0004473
     110       0       0       1       0                               0D0004474
     110    2243       0       0       0       0       0       000010000D0004475
     110       0       0       1       0                               0D0004476
     110    2244       0       0       0       0       0       000010000D0004477
     110       0       0       1       0                               0D0004478
     144    2245       0       0       0       0       0       000020000D0004479
     144       0       0       1       0                               0D0004480
     108    2246       0       0       0       0       0       000010000D0004481
     108       0       0       1       0                               0D0004482
     142    2247       0       0       0       0       0       000010500D0004483
     142       0       0       1       0                               0D0004484
     102    2248       0       0       0       0       0       000010000D0004485
     102       0       0       1       0                               0D0004486
     110    2249       0       0       0       0       0       000010000D0004487
     110       0       0       1       0                               0D0004488
     110    2250       0       0       0       0       0       000010000D0004489
     110       0       0       1       0                               0D0004490
     110    2251       0       0       0       0       0       000010000D0004491
     110       0       0       1       0                               0D0004492
     110    2252       0       0       0       0       0       000010000D0004493
     110       0       0       1       0                               0D0004494
     144    2253       0       0       0       0       0       000020000D0004495
     144       0       0       1       0                               0D0004496
     108    2254       0       0       0       0       0       000010000D0004497
     108       0       0       1       0                               0D0004498
     142    2255       0       0       0       0       0       000010500D0004499
     142       0       0       1       0                               0D0004500
     102    2256       0       0       0       0       0       000010000D0004501
     102       0       0       1       0                               0D0004502
     110    2257       0       0       0       0       0       000010000D0004503
     110       0       0       1       0                               0D0004504
     110    2258       0       0       0       0       0       000010000D0004505
     110       0       0       1       0                               0D0004506
     110    2259       0       0       0       0       0       000010000D0004507
     110       0       0       1       0                               0D0004508
     110    2260       0       0       0       0       0       000010000D0004509
     110       0       0       1       0                               0D0004510
     402    2261       0       0       0       0       0       000020000D0004511
     402       0       0       1       1                               0D0004512
     144    2262       0       0       0       0       0       000020000D0004513
     144       0       0       1       0                               0D0004514
     108    2263       0       0       0       0       0       000010000D0004515
     108       0       0       1       0                               0D0004516
     142    2264       0       0       0       0       0       000010500D0004517
     142       0       0       1       0                               0D0004518
     102    2265       0       0       0       0       0       000010000D0004519
     102       0       0       1       0                               0D0004520
     110    2266       0       0       0       0       0       000010000D0004521
     110       0       0       1       0                               0D0004522
     110    2267       0       0       0       0       0       000010000D0004523
     110       0       0       1       0                               0D0004524
     110    2268       0       0       0       0       0       000010000D0004525
     110       0       0       1       0                               0D0004526
     110    2269       0       0       0       0       0       000010000D0004527
     110       0       0       1       0                               0D0004528
     144    2270       0       0       0       0       0       000020000D0004529
     144       0       0       1       0                               0D0004530
     108    2271       0       0       0       0       0       000010000D0004531
     108       0       0       1       0                               0D0004532
     142    2272       0       0       0       0       0       000010500D0004533
     142       0       0       1       0                               0D0004534
     102    2273       0       0       0       0       0       000010000D0004535
     102       0       0       1       0                               0D0004536
     110    2274       0       0       0       0       0       000010000D0004537
     110       0       0       1       0                               0D0004538
     110    2275       0       0       0       0       0       000010000D0004539
     110       0       0       1       0                               0D0004540
     110    2276       0       0       0       0       0       000010000D0004541
     110       0       0       1       0                               0D0004542
     110    2277       0       0       0       0       0       000010000D0004543
     110       0       0       1       0                               0D0004544
     144    2278       0       0       0       0       0       000020000D0004545
     144       0       0       1       0                               0D0004546
     108    2279       0       0       0       0       0       000010000D0004547
     108       0       0       1       0                               0D0004548
     142    2280       0       0       0       0       0       000010500D0004549
     142       0       0       1       0                               0D0004550
     102    2281       0       0       0       0       0       000010000D0004551
     102       0       0       1       0                               0D0004552
     110    2282       0       0       0       0       0       000010000D0004553
     110       0       0       1       0                               0D0004554
     110    2283       0       0       0       0       0       000010000D0004555
     110       0       0       1       0                               0D0004556
     110    2284       0       0       0       0       0       000010000D0004557
     110       0       0       1       0                               0D0004558
     110    2285       0       0       0       0       0       000010000D0004559
     110       0       0       1       0                               0D0004560
     144    2286       0       0       0       0       0       000020000D0004561
     144       0       0       1       0                               0D0004562
     108    2287       0       0       0       0       0       000010000D0004563
     108       0       0       1       0                               0D0004564
     142    2288       0       0       0       0       0       000010500D0004565
     142       0       0       1       0                               0D0004566
     102    2289       0       0       0       0       0       000010000D0004567
     102       0       0       1       0                               0D0004568
     110    2290       0       0       0       0       0       000010000D0004569
     110       0       0       1       0                               0D0004570
     110    2291       0       0       0       0       0       000010000D0004571
     110       0       0       1       0                               0D0004572
     110    2292       0       0       0       0       0       000010000D0004573
     110       0       0       1       0                               0D0004574
     110    2293       0       0       0       0       0       000010000D0004575
     110       0       0       1       0                               0D0004576
     144    2294       0       0       0       0       0       000020000D0004577
     144       0       0       1       0                               0D0004578
     108    2295       0       0       0       0       0       000010000D0004579
     108       0       0       1       0                               0D0004580
     142    2296       0       0       0       0       0       000010500D0004581
     142       0       0       1       0                               0D0004582
     102    2297       0       0       0       0       0       000010000D0004583
     102       0       0       1       0                               0D0004584
     110    2298       0       0       0       0       0       000010000D0004585
     110       0       0       1       0                               0D0004586
     110    2299       0       0       0       0       0       000010000D0004587
     110       0       0       1       0                               0D0004588
     110    2300       0       0       0       0       0       000010000D0004589
     110       0       0       1       0                               0D0004590
     110    2301       0       0       0       0       0       000010000D0004591
     110       0       0       1       0                               0D0004592
     144    2302       0       0       0       0       0       000020000D0004593
     144       0       0       1       0                               0D0004594
     108    2303       0       0       0       0       0       000010000D0004595
     108       0       0       1       0                               0D0004596
     142    2304       0       0       0       0       0       000010500D0004597
     142       0       0       1       0                               0D0004598
     102    2305       0       0       0       0       0       000010000D0004599
     102       0       0       1       0                               0D0004600
     110    2306       0       0       0       0       0       000010000D0004601
     110       0       0       1       0                               0D0004602
     110    2307       0       0       0       0       0       000010000D0004603
     110       0       0       1       0                               0D0004604
     110    2308       0       0       0       0       0       000010000D0004605
     110       0       0       1       0                               0D0004606
     110    2309       0       0       0       0       0       000010000D0004607
     110       0       0       1       0                               0D0004608
     402    2310       0       0       0       0       0       000020000D0004609
     402       0       0       1       1                               0D0004610
     144    2311       0       0       0       0       0       000020000D0004611
     144       0       0       1       0                               0D0004612
     108    2312       0       0       0       0       0       000010000D0004613
     108       0       0       1       0                               0D0004614
     142    2313       0       0       0       0       0       000010500D0004615
     142       0       0       1       0                               0D0004616
     102    2314       0       0       0       0       0       000010000D0004617
     102       0       0       1       0                               0D0004618
     110    2315       0       0       0       0       0       000010000D0004619
     110       0       0       1       0                               0D0004620
     110    2316       0       0       0       0       0       000010000D0004621
     110       0       0       1       0                               0D0004622
     110    2317       0       0       0       0       0       000010000D0004623
     110       0       0       1       0                               0D0004624
     110    2318       0       0       0       0       0       000010000D0004625
     110       0       0       1       0                               0D0004626
     144    2319       0       0       0       0       0       000020000D0004627
     144       0       0       1       0                               0D0004628
     108    2320       0       0       0       0       0       000010000D0004629
     108       0       0       1       0                               0D0004630
     142    2321       0       0       0       0       0       000010500D0004631
     142       0       0       1       0                               0D0004632
     102    2322       0       0       0       0       0       000010000D0004633
     102       0       0       1       0                               0D0004634
     110    2323       0       0       0       0       0       000010000D0004635
     110       0       0       1       0                               0D0004636
     110    2324       0       0       0       0       0       000010000D0004637
     110       0       0       1       0                               0D0004638
     110    2325       0       0       0       0       0       000010000D0004639
     110       0       0       1       0                               0D0004640
     110    2326       0       0       0       0       0       000010000D0004641
     110       0       0       1       0                               0D0004642
     144    2327       0       0       0       0       0       000020000D0004643
     144       0       0       1       0                               0D0004644
     108    2328       0       0       0       0       0       000010000D0004645
     108       0       0       1       0                               0D0004646
     142    2329       0       0       0       0       0       000010500D0004647
     142       0       0       1       0                               0D0004648
     102    2330       0       0       0       0       0       000010000D0004649
     102       0       0       1       0                               0D0004650
     110    2331       0       0       0       0       0       000010000D0004651
     110       0       0       1       0                               0D0004652
     110    2332       0       0       0       0       0       000010000D0004653
     110       0       0       1       0                               0D0004654
     110    2333       0       0       0       0       0       000010000D0004655
     110       0       0       1       0                               0D0004656
     110    2334       0       0       0       0       0       000010000D0004657
     110       0       0       1       0                               0D0004658
     144    2335       0       0       0       0       0       000020000D0004659
     144       0       0       1       0                               0D0004660
     108    2336       0       0       0       0       0       000010000D0004661
     108       0       0       1       0                               0D0004662
     142    2337       0       0       0       0       0       000010500D0004663
     142       0       0       1       0                               0D0004664
     102    2338       0       0       0       0       0       000010000D0004665
     102       0       0       1       0                               0D0004666
     110    2339       0       0       0       0       0       000010000D0004667
     110       0       0       1       0                               0D0004668
     110    2340       0       0       0       0       0       000010000D0004669
     110       0       0       1       0                               0D0004670
     110    2341       0       0       0       0       0       000010000D0004671
     110       0       0       1       0                               0D0004672
     110    2342       0       0       0       0       0       000010000D0004673
     110       0       0       1       0                               0D0004674
     144    2343       0       0       0       0       0       000020000D0004675
     144       0       0       1       0                               0D0004676
     108    2344       0       0       0       0       0       000010000D0004677
     108       0       0       1       0                               0D0004678
     142    2345       0       0       0       0       0       000010500D0004679
     142       0       0       1       0                               0D0004680
     102    2346       0       0       0       0       0       000010000D0004681
     102       0       0       1       0                               0D0004682
     110    2347       0       0       0       0       0       000010000D0004683
     110       0       0       1       0                               0D0004684
     110    2348       0       0       0       0       0       000010000D0004685
     110       0       0       1       0                               0D0004686
     110    2349       0       0       0       0       0       000010000D0004687
     110       0       0       1       0                               0D0004688
     110    2350       0       0       0       0       0       000010000D0004689
     110       0       0       1       0                               0D0004690
     144    2351       0       0       0       0       0       000020000D0004691
     144       0       0       1       0                               0D0004692
     108    2352       0       0       0       0       0       000010000D0004693
     108       0       0       1       0                               0D0004694
     142    2353       0       0       0       0       0       000010500D0004695
     142       0       0       1       0                               0D0004696
     102    2354       0       0       0       0       0       000010000D0004697
     102       0       0       1       0                               0D0004698
     110    2355       0       0       0       0       0       000010000D0004699
     110       0       0       1       0                               0D0004700
     110    2356       0       0       0       0       0       000010000D0004701
     110       0       0       1       0                               0D0004702
     110    2357       0       0       0       0       0       000010000D0004703
     110       0       0       1       0                               0D0004704
     110    2358       0       0       0       0       0       000010000D0004705
     110       0       0       1       0                               0D0004706
     402    2359       0       0       0       0       0       000020000D0004707
     402       0       0       1       1                               0D0004708
     144    2360       0       0       0       0       0       000020000D0004709
     144       0       0       1       0                               0D0004710
     108    2361       0       0       0       0       0       000010000D0004711
     108       0       0       1       0                               0D0004712
     142    2362       0       0       0       0       0       000010500D0004713
     142       0       0       1       0                               0D0004714
     102    2363       0       0       0       0       0       000010000D0004715
     102       0       0       1       0                               0D0004716
     110    2364       0       0       0       0       0       000010000D0004717
     110       0       0       1       0                               0D0004718
     110    2365       0       0       0       0       0       000010000D0004719
     110       0       0       1       0                               0D0004720
     110    2366       0       0       0       0       0       000010000D0004721
     110       0       0       1       0                               0D0004722
     110    2367       0       0       0       0       0       000010000D0004723
     110       0       0       1       0                               0D0004724
     144    2368       0       0       0       0       0       000020000D0004725
     144       0       0       1       0                               0D0004726
     108    2369       0       0       0       0       0       000010000D0004727
     108       0       0       1       0                               0D0004728
     142    2370       0       0       0       0       0       000010500D0004729
     142       0       0       1       0                               0D0004730
     102    2371       0       0       0       0       0       000010000D0004731
     102       0       0       1       0                               0D0004732
     110    2372       0       0       0       0       0       000010000D0004733
     110       0       0       1       0                               0D0004734
     110    2373       0       0       0       0       0       000010000D0004735
     110       0       0       1       0                               0D0004736
     110    2374       0       0       0       0       0       000010000D0004737
     110       0       0       1       0                               0D0004738
     110    2375       0       0       0       0       0       000010000D0004739
     110       0       0       1       0                               0D0004740
     144    2376       0       0       0       0       0       000020000D0004741
     144       0       0       1       0                               0D0004742
     108    2377       0       0       0       0       0       000010000D0004743
     108       0       0       1       0                               0D0004744
     142    2378       0       0       0       0       0       000010500D0004745
     142       0       0       1       0                               0D0004746
     102    2379       0       0       0       0       0       000010000D0004747
     102       0       0       1       0                               0D0004748
     110    2380       0       0       0       0       0       000010000D0004749
     110       0       0       1       0                               0D0004750
     110    2381       0       0       0       0       0       000010000D0004751
     110       0       0       1       0                               0D0004752
     110    2382       0       0       0       0       0       000010000D0004753
     110       0       0       1       0                               0D0004754
     110    2383       0       0       0       0       0       000010000D0004755
     110       0       0       1       0                               0D0004756
     144    2384       0       0       0       0       0       000020000D0004757
     144       0       0       1       0                               0D0004758
     108    2385       0       0       0       0       0       000010000D0004759
     108       0       0       1       0                               0D0004760
     142    2386       0       0       0       0       0       000010500D0004761
     142       0       0       1       0                               0D0004762
     102    2387       0       0       0       0       0       000010000D0004763
     102       0       0       1       0                               0D0004764
     110    2388       0       0       0       0       0       000010000D0004765
     110       0       0       1       0                               0D0004766
     110    2389       0       0       0       0       0       000010000D0004767
     110       0       0       1       0                               0D0004768
     110    2390       0       0       0       0       0       000010000D0004769
     110       0       0       1       0                               0D0004770
     110    2391       0       0       0       0       0       000010000D0004771
     110       0       0       1       0                               0D0004772
     144    2392       0       0       0       0       0       000020000D0004773
     144       0       0       1       0                               0D0004774
     108    2393       0       0       0       0       0       000010000D0004775
     108       0       0       1       0                               0D0004776
     142    2394       0       0       0       0       0       000010500D0004777
     142       0       0       1       0                               0D0004778
     102    2395       0       0       0       0       0       000010000D0004779
     102       0       0       1       0                               0D0004780
     110    2396       0       0       0       0       0       000010000D0004781
     110       0       0       1       0                               0D0004782
     110    2397       0       0       0       0       0       000010000D0004783
     110       0       0       1       0                               0D0004784
     110    2398       0       0       0       0       0       000010000D0004785
     110       0       0       1       0                               0D0004786
     110    2399       0       0       0       0       0       000010000D0004787
     110       0       0       1       0                               0D0004788
     144    2400       0       0       0       0       0       000020000D0004789
     144       0       0       1       0                               0D0004790
     108    2401       0       0       0       0       0       000010000D0004791
     108       0       0       1       0                               0D0004792
     142    2402       0       0       0       0       0       000010500D0004793
     142       0       0       1       0                               0D0004794
     102    2403       0       0       0       0       0       000010000D0004795
     102       0       0       1       0                               0D0004796
     110    2404       0       0       0       0       0       000010000D0004797
     110       0       0       1       0                               0D0004798
     110    2405       0       0       0       0       0       000010000D0004799
     110       0       0       1       0                               0D0004800
     110    2406       0       0       0       0       0       000010000D0004801
     110       0       0       1       0                               0D0004802
     110    2407       0       0       0       0       0       000010000D0004803
     110       0       0       1       0                               0D0004804
     402    2408       0       0       0       0       0       000020000D0004805
     402       0       0       1       1                               0D0004806
     144    2409       0       0       0       0       0       000020000D0004807
     144       0       0       1       0                               0D0004808
     108    2410       0       0       0       0       0       000010000D0004809
     108       0       0       1       0                               0D0004810
     142    2411       0       0       0       0       0       000010500D0004811
     142       0       0       1       0                               0D0004812
     102    2412       0       0       0       0       0       000010000D0004813
     102       0       0       1       0                               0D0004814
     110    2413       0       0       0       0       0       000010000D0004815
     110       0       0       1       0                               0D0004816
     110    2414       0       0       0       0       0       000010000D0004817
     110       0       0       1       0                               0D0004818
     110    2415       0       0       0       0       0       000010000D0004819
     110       0       0       1       0                               0D0004820
     110    2416       0       0       0       0       0       000010000D0004821
     110       0       0       1       0                               0D0004822
     144    2417       0       0       0       0       0       000020000D0004823
     144       0       0       1       0                               0D0004824
     108    2418       0       0       0       0       0       000010000D0004825
     108       0       0       1       0                               0D0004826
     142    2419       0       0       0       0       0       000010500D0004827
     142       0       0       1       0                               0D0004828
     102    2420       0       0       0       0       0       000010000D0004829
     102       0       0       1       0                               0D0004830
     110    2421       0       0       0       0       0       000010000D0004831
     110       0       0       1       0                               0D0004832
     110    2422       0       0       0       0       0       000010000D0004833
     110       0       0       1       0                               0D0004834
     110    2423       0       0       0       0       0       000010000D0004835
     110       0       0       1       0                               0D0004836
     110    2424       0       0       0       0       0       000010000D0004837
     110       0       0       1       0                               0D0004838
     144    2425       0       0       0       0       0       000020000D0004839
     144       0       0       1       0                               0D0004840
     108    2426       0       0       0       0       0       000010000D0004841
     108       0       0       1       0                               0D0004842
     142    2427       0       0       0       0       0       000010500D0004843
     142       0       0       1       0                               0D0004844
     102    2428       0       0       0       0       0       000010000D0004845
     102       0       0       1       0                               0D0004846
     110    2429       0       0       0       0       0       000010000D0004847
     110       0       0       1       0                               0D0004848
     110    2430       0       0       0       0       0       000010000D0004849
     110       0       0       1       0                               0D0004850
     110    2431       0       0       0       0       0       000010000D0004851
     110       0       0       1       0                               0D0004852
     110    2432       0       0       0       0       0       000010000D0004853
     110       0       0       1       0                               0D0004854
     144    2433       0       0       0       0       0       000020000D0004855
     144       0       0       1       0                               0D0004856
     108    2434       0       0       0       0       0       000010000D0004857
     108       0       0       1       0                               0D0004858
     142    2435       0       0       0       0       0       000010500D0004859
     142       0       0       1       0                               0D0004860
     102    2436       0       0       0       0       0       000010000D0004861
     102       0       0       1       0                               0D0004862
     110    2437       0       0       0       0       0       000010000D0004863
     110       0       0       1       0                               0D0004864
     110    2438       0       0       0       0       0       000010000D0004865
     110       0       0       1       0                               0D0004866
     110    2439       0       0       0       0       0       000010000D0004867
     110       0       0       1       0                               0D0004868
     110    2440       0       0       0       0       0       000010000D0004869
     110       0       0       1       0                               0D0004870
     144    2441       0       0       0       0       0       000020000D0004871
     144       0       0       1       0                               0D0004872
     108    2442       0       0       0       0       0       000010000D0004873
     108       0       0       1       0                               0D0004874
     142    2443       0       0       0       0       0       000010500D0004875
     142       0       0       1       0                               0D0004876
     102    2444       0       0       0       0       0       000010000D0004877
     102       0       0       1       0                               0D0004878
     110    2445       0       0       0       0       0       000010000D0004879
     110       0       0       1       0                               0D0004880
     110    2446       0       0       0       0       0       000010000D0004881
     110       0       0       1       0                               0D0004882
     110    2447       0       0       0       0       0       000010000D0004883
     110       0       0       1       0                               0D0004884
     110    2448       0       0       0       0       0       000010000D0004885
     110       0       0       1       0                               0D0004886
     144    2449       0       0       0       0       0       000020000D0004887
     144       0       0       1       0                               0D0004888
     108    2450       0       0       0       0       0       000010000D0004889
     108       0       0       1       0                               0D0004890
     142    2451       0       0       0       0       0       000010500D0004891
     142       0       0       1       0                               0D0004892
     102    2452       0       0       0       0       0       000010000D0004893
     102       0       0       1       0                               0D0004894
     110    2453       0       0       0       0       0       000010000D0004895
     110       0       0       1       0                               0D0004896
     110    2454       0       0       0       0       0       000010000D0004897
     110       0       0       1       0                               0D0004898
     110    2455       0       0       0       0       0       000010000D0004899
     110       0       0       1       0                               0D0004900
     110    2456       0       0       0       0       0       000010000D0004901
     110       0       0       1       0                               0D0004902
     402    2457       0       0       0       0       0       000020000D0004903
     402       0       0       1       1                               0D0004904
     144    2458       0       0       0       0       0       000020000D0004905
     144       0       0       1       0                               0D0004906
     108    2459       0       0       0       0       0       000010000D0004907
     108       0       0       1       0                               0D0004908
     142    2460       0       0       0       0       0       000010500D0004909
     142       0       0       1       0                               0D0004910
     102    2461       0       0       0       0       0       000010000D0004911
     102       0       0       1       0                               0D0004912
     110    2462       0       0       0       0       0       000010000D0004913
     110       0       0       1       0                               0D0004914
     110    2463       0       0       0       0       0       000010000D0004915
     110       0       0       1       0                               0D0004916
     110    2464       0       0       0       0       0       000010000D0004917
     110       0       0       1       0                               0D0004918
     110    2465       0       0       0       0       0       000010000D0004919
     110       0       0       1       0                               0D0004920
     144    2466       0       0       0       0       0       000020000D0004921
     144       0       0       1       0                               0D0004922
     108    2467       0       0       0       0       0       000010000D0004923
     108       0       0       1       0                               0D0004924
     142    2468       0       0       0       0       0       000010500D0004925
     142       0       0       1       0                               0D0004926
     102    2469       0       0       0       0       0       000010000D0004927
     102       0       0       1       0                               0D0004928
     110    2470       0       0       0       0       0       000010000D0004929
     110       0       0       1       0                               0D0004930
     110    2471       0       0       0       0       0       000010000D0004931
     110       0       0       1       0                               0D0004932
     110    2472       0       0       0       0       0       000010000D0004933
     110       0       0       1       0                               0D0004934
     110    2473       0       0       0       0       0       000010000D0004935
     110       0       0       1       0                               0D0004936
     144    2474       0       0       0       0       0       000020000D0004937
     144       0       0       1       0                               0D0004938
     108    2475       0       0       0       0       0       000010000D0004939
     108       0       0       1       0                               0D0004940
     142    2476       0       0       0       0       0       000010500D0004941
     142       0       0       1       0                               0D0004942
     102    2477       0       0       0       0       0       000010000D0004943
     102       0       0       1       0                               0D0004944
     110    2478       0       0       0       0       0       000010000D0004945
     110       0       0       1       0                               0D0004946
     110    2479       0       0       0       0       0       000010000D0004947
     110       0       0       1       0                               0D0004948
     110    2480       0       0       0       0       0       000010000D0004949
     110       0       0       1       0                               0D0004950
     110    2481       0       0       0       0       0       000010000D0004951
     110       0       0       1       0                               0D0004952
     144    2482       0       0       0       0       0       000020000D0004953
     144       0       0       1       0                               0D0004954
     108    2483       0       0       0       0       0       000010000D0004955
     108       0       0       1       0                               0D0004956
     142    2484       0       0       0       0       0       000010500D0004957
     142       0       0       1       0                               0D0004958
     102    2485       0       0       0       0       0       000010000D0004959
     102       0       0       1       0                               0D0004960
     110    2486       0       0       0       0       0       000010000D0004961
     110       0       0       1       0                               0D0004962
     110    2487       0       0       0       0       0       000010000D0004963
     110       0       0       1       0                               0D0004964
     110    2488       0       0       0       0       0       000010000D0004965
     110       0       0       1       0                               0D0004966
     110    2489       0       0       0       0       0       000010000D0004967
     110       0       0       1       0                               0D0004968
     144    2490       0       0       0       0       0       000020000D0004969
     144       0       0       1       0                               0D0004970
     108    2491       0       0       0       0       0       000010000D0004971
     108       0       0       1       0                               0D0004972
     142    2492       0       0       0       0       0       000010500D0004973
     142       0       0       1       0                               0D0004974
     102    2493       0       0       0       0       0       000010000D0004975
     102       0       0       1       0                               0D0004976
     110    2494       0       0       0       0       0       000010000D0004977
     110       0       0       1       0                               0D0004978
     110    2495       0       0       0       0       0       000010000D0004979
     110       0       0       1       0                               0D0004980
     110    2496       0       0       0       0       0       000010000D0004981
     110       0       0       1       0                               0D0004982
     110    2497       0       0       0       0       0       000010000D0004983
     110       0       0       1       0                               0D0004984
     144    2498       0       0       0       0       0       000020000D0004985
     144       0       0       1       0                               0D0004986
     108    2499       0       0       0       0       0       000010000D0004987
     108       0       0       1       0                               0D0004988
     142    2500       0       0       0       0       0       000010500D0004989
     142       0       0       1       0                               0D0004990
     102    2501       0       0       0       0       0       000010000D0004991
     102       0       0       1       0                               0D0004992
     110    2502       0       0       0       0       0       000010000D0004993
     110       0       0       1       0                               0D0004994
     110    2503       0       0       0       0       0       000010000D0004995
     110       0       0       1       0                               0D0004996
     110    2504       0       0       0       0       0       000010000D0004997
     110       0       0       1       0                               0D0004998
     110    2505       0       0       0       0       0       000010000D0004999
     110       0       0       1       0                               0D0005000
     402    2506       0       0       0       0       0       000020000D0005001
     402       0       0       1       1                               0D0005002
     144    2507       0       0       0       0       0       000020000D0005003
     144       0       0       1       0                               0D0005004
     108    2508       0       0       0       0       0       000010000D0005005
     108       0       0       1       0                               0D0005006
     142    2509       0       0       0       0       0       000010500D0005007
     142       0       0       1       0                               0D0005008
     102    2510       0       0       0       0       0       000010000D0005009
     102       0       0       1       0                               0D0005010
     110    2511       0       0       0       0       0       000010000D0005011
     110       0       0       1       0                               0D0005012
     110    2512       0       0       0       0       0       000010000D0005013
     110       0       0       1       0                               0D0005014
     110    2513       0       0       0       0       0       000010000D0005015
     110       0       0       1       0                               0D0005016
     110    2514       0       0       0       0       0       000010000D0005017
     110       0       0       1       0                               0D0005018
     144    2515       0       0       0       0       0       000020000D0005019
     144       0       0       1       0                               0D0005020
     108    2516       0       0       0       0       0       000010000D0005021
     108       0       0       1       0                               0D0005022
     142    2517       0       0       0       0       0       000010500D0005023
     142       0       0       1       0                               0D0005024
     102    2518       0       0       0       0       0       000010000D0005025
     102       0       0       1       0                               0D0005026
     110    2519       0       0       0       0       0       000010000D0005027
     110       0       0       1       0                               0D0005028
     110    2520       0       0       0       0       0       000010000D0005029
     110       0       0       1       0                               0D0005030
     110    2521       0       0       0       0       0       000010000D0005031
     110       0       0       1       0                               0D0005032
     110    2522       0       0       0       0       0       000010000D0005033
     110       0       0       1       0                               0D0005034
     144    2523       0       0       0       0       0       000020000D0005035
     144       0       0       1       0                               0D0005036
     108    2524       0       0       0       0       0       000010000D0005037
     108       0       0       1       0                               0D0005038
     142    2525       0       0       0       0       0       000010500D0005039
     142       0       0       1       0                               0D0005040
     102    2526       0       0       0       0       0       000010000D0005041
     102       0       0       1       0                               0D0005042
     110    2527       0       0       0       0       0       000010000D0005043
     110       0       0       1       0                               0D0005044
     110    2528       0       0       0       0       0       000010000D0005045
     110       0       0       1       0                               0D0005046
     110    2529       0       0       0       0       0       000010000D0005047
     110       0       0       1       0                               0D0005048
     110    2530       0       0       0       0       0       000010000D0005049
     110       0       0       1       0                               0D0005050
     144    2531       0       0       0       0       0       000020000D0005051
     144       0       0       1       0                               0D0005052
     108    2532       0       0       0       0       0       000010000D0005053
     108       0       0       1       0                               0D0005054
     142    2533       0       0       0       0       0       000010500D0005055
     142       0       0       1       0                               0D0005056
     102    2534       0       0       0       0       0       000010000D0005057
     102       0       0       1       0                               0D0005058
     110    2535       0       0       0       0       0       000010000D0005059
     110       0       0       1       0                               0D0005060
     110    2536       0       0       0       0       0       000010000D0005061
     110       0       0       1       0                               0D0005062
     110    2537       0       0       0       0       0       000010000D0005063
     110       0       0       1       0                               0D0005064
     110    2538       0       0       0       0       0       000010000D0005065
     110       0       0       1       0                               0D0005066
     144    2539       0       0       0       0       0       000020000D0005067
     144       0       0       1       0                               0D0005068
     108    2540       0       0       0       0       0       000010000D0005069
     108       0       0       1       0                               0D0005070
     142    2541       0       0       0       0       0       000010500D0005071
     142       0       0       1       0                               0D0005072
     102    2542       0       0       0       0       0       000010000D0005073
     102       0       0       1       0                               0D0005074
     110    2543       0       0       0       0       0       000010000D0005075
     110       0       0       1       0                               0D0005076
     110    2544       0       0       0       0       0       000010000D0005077
     110       0       0       1       0                               0D0005078
     110    2545       0       0       0       0       0       000010000D0005079
     110       0       0       1       0                               0D0005080
     110    2546       0       0       0       0       0       000010000D0005081
     110       0       0       1       0                               0D0005082
     144    2547       0       0       0       0       0       000020000D0005083
     144       0       0       1       0                               0D0005084
     108    2548       0       0       0       0       0       000010000D0005085
     108       0       0       1       0                               0D0005086
     142    2549       0       0       0       0       0       000010500D0005087
     142       0       0       1       0                               0D0005088
     102    2550       0       0       0       0       0       000010000D0005089
     102       0       0       1       0                               0D0005090
     110    2551       0       0       0       0       0       000010000D0005091
     110       0       0       1       0                               0D0005092
     110    2552       0       0       0       0       0       000010000D0005093
     110       0       0       1       0                               0D0005094
     110    2553       0       0       0       0       0       000010000D0005095
     110       0       0       1       0                               0D0005096
     110    2554       0       0       0       0       0       000010000D0005097
     110       0       0       1       0                               0D0005098
     402    2555       0       0       0       0       0       000020000D0005099
     402       0       0       1       1                               0D0005100
     144    2556       0       0       0       0       0       000020000D0005101
     144       0       0       1       0                               0D0005102
     108    2557       0       0       0       0       0       000010000D0005103
     108       0       0       1       0                               0D0005104
     142    2558       0       0       0       0       0       000010500D0005105
     142       0       0       1       0                               0D0005106
     102    2559       0       0       0       0       0       000010000D0005107
     102       0       0       1       0                               0D0005108
     110    2560       0       0       0       0       0       000010000D0005109
     110       0       0       1       0                               0D0005110
     110    2561       0       0       0       0       0       000010000D0005111
     110       0       0       1       0                               0D0005112
     110    2562       0       0       0       0       0       000010000D0005113
     110       0       0       1       0                               0D0005114
     110    2563       0       0       0       0       0       000010000D0005115
     110       0       0       1       0                               0D0005116
     144    2564       0       0       0       0       0       000020000D0005117
     144       0       0       1       0                               0D0005118
     108    2565       0       0       0       0       0       000010000D0005119
     108       0       0       1       0                               0D0005120
     142    2566       0       0       0       0       0       000010500D0005121
     142       0       0       1       0                               0D0005122
     102    2567       0       0       0       0       0       000010000D0005123
     102       0       0       1       0                               0D0005124
     110    2568       0       0       0       0       0       000010000D0005125
     110       0       0       1       0                               0D0005126
     110    2569       0       0       0       0       0       000010000D0005127
     110       0       0       1       0                               0D0005128
     110    2570       0       0       0       0       0       000010000D0005129
     110       0       0       1       0                               0D0005130
     110    2571       0       0       0       0       0       000010000D0005131
     110       0       0       1       0                               0D0005132
     144    2572       0       0       0       0       0       000020000D0005133
     144       0       0       1       0                               0D0005134
     108    2573       0       0       0       0       0       000010000D0005135
     108       0       0       1       0                               0D0005136
     142    2574       0       0       0       0       0       000010500D0005137
     142       0       0       1       0                               0D0005138
     102    2575       0       0       0       0       0       000010000D0005139
     102       0       0       1       0                               0D0005140
     110    2576       0       0       0       0       0       000010000D0005141
     110       0       0       1       0                               0D0005142
     110    2577       0       0       0       0       0       000010000D0005143
     110       0       0       1       0                               0D0005144
     110    2578       0       0       0       0       0       000010000D0005145
     110       0       0       1       0                               0D0005146
     110    2579       0       0       0       0       0       000010000D0005147
     110       0       0       1       0                               0D0005148
     144    2580       0       0       0       0       0       000020000D0005149
     144       0       0       1       0                               0D0005150
     108    2581       0       0       0       0       0       000010000D0005151
     108       0       0       1       0                               0D0005152
     142    2582       0       0       0       0       0       000010500D0005153
     142       0       0       1       0                               0D0005154
     102    2583       0       0       0       0       0       000010000D0005155
     102       0       0       1       0                               0D0005156
     110    2584       0       0       0       0       0       000010000D0005157
     110       0       0       1       0                               0D0005158
     110    2585       0       0       0       0       0       000010000D0005159
     110       0       0       1       0                               0D0005160
     110    2586       0       0       0       0       0       000010000D0005161
     110       0       0       1       0                               0D0005162
     110    2587       0       0       0       0       0       000010000D0005163
     110       0       0       1       0                               0D0005164
     144    2588       0       0       0       0       0       000020000D0005165
     144       0       0       1       0                               0D0005166
     108    2589       0       0       0       0       0       000010000D0005167
     108       0       0       1       0                               0D0005168
     142    2590       0       0       0       0       0       000010500D0005169
     142       0       0       1       0                               0D0005170
     102    2591       0       0       0       0       0       000010000D0005171
     102       0       0       1       0                               0D0005172
     110    2592       0       0       0       0       0       000010000D0005173
     110       0       0       1       0                               0D0005174
     110    2593       0       0       0       0       0       000010000D0005175
     110       0       0       1       0                               0D0005176
     110    2594       0       0       0       0       0       000010000D0005177
     110       0       0       1       0                               0D0005178
     110    2595       0       0       0       0       0       000010000D0005179
     110       0       0       1       0                               0D0005180
     144    2596       0       0       0       0       0       000020000D0005181
     144       0       0       1       0                               0D0005182
     108    2597       0       0       0       0       0       000010000D0005183
     108       0       0       1       0                               0D0005184
     142    2598       0       0       0       0       0       000010500D0005185
     142       0       0       1       0                               0D0005186
     102    2599       0       0       0       0       0       000010000D0005187
     102       0       0       1       0                               0D0005188
     110    2600       0       0       0       0       0       000010000D0005189
     110       0       0       1       0                               0D0005190
     110    2601       0       0       0       0       0       000010000D0005191
     110       0       0       1       0                               0D0005192
     110    2602       0       0       0       0       0       000010000D0005193
     110       0       0       1       0                               0D0005194
     110    2603       0       0       0       0       0       000010000D0005195
     110       0       0       1       0                               0D0005196
     402    2604       0       0       0       0       0       000020000D0005197
     402       0       0       1       1                               0D0005198
     144    2605       0       0       0       0       0       000020000D0005199
     144       0       0       1       0                               0D0005200
     108    2606       0       0       0       0       0       000010000D0005201
     108       0       0       1       0                               0D0005202
     142    2607       0       0       0       0       0       000010500D0005203
     142       0       0       1       0                               0D0005204
     102    2608       0       0       0       0       0       000010000D0005205
     102       0       0       1       0                               0D0005206
     110    2609       0       0       0       0       0       000010000D0005207
     110       0       0       1       0                               0D0005208
     110    2610       0       0       0       0       0       000010000D0005209
     110       0       0       1       0                               0D0005210
     110    2611       0       0       0       0       0       000010000D0005211
     110       0       0       1       0                               0D0005212
     110    2612       0       0       0       0       0       000010000D0005213
     110       0       0       1       0                               0D0005214
     144    2613       0       0       0       0       0       000020000D0005215
     144       0       0       1       0                               0D0005216
     108    2614       0       0       0       0       0       000010000D0005217
     108       0       0       1       0                               0D0005218
     142    2615       0       0       0       0       0       000010500D0005219
     142       0       0       1       0                               0D0005220
     102    2616       0       0       0       0       0       000010000D0005221
     102       0       0       1       0                               0D0005222
     110    2617       0       0       0       0       0       000010000D0005223
     110       0       0       1       0                               0D0005224
     110    2618       0       0       0       0       0       000010000D0005225
     110       0       0       1       0                               0D0005226
     110    2619       0       0       0       0       0       000010000D0005227
     110       0       0       1       0                               0D0005228
     110    2620       0       0       0       0       0       000010000D0005229
     110       0       0       1       0                               0D0005230
     144    2621       0       0       0       0       0       000020000D0005231
     144       0       0       1       0                               0D0005232
     108    2622       0       0       0       0       0       000010000D0005233
     108       0       0       1       0                               0D0005234
     142    2623       0       0       0       0       0       000010500D0005235
     142       0       0       1       0                               0D0005236
     102    2624       0       0       0       0       0       000010000D0005237
     102       0       0       1       0                               0D0005238
     110    2625       0       0       0       0       0       000010000D0005239
     110       0       0       1       0                               0D0005240
     110    2626       0       0       0       0       0       000010000D0005241
     110       0       0       1       0                               0D0005242
     110    2627       0       0       0       0       0       000010000D0005243
     110       0       0       1       0                               0D0005244
     110    2628       0       0       0       0       0       000010000D0005245
     110       0       0       1       0                               0D0005246
     144    2629       0       0       0       0       0       000020000D0005247
     144       0       0       1       0                               0D0005248
     108    2630       0       0       0       0       0       000010000D0005249
     108       0       0       1       0                               0D0005250
     142    2631       0       0       0       0       0       000010500D0005251
     142       0       0       1       0                               0D0005252
     102    2632       0       0       0       0       0       000010000D0005253
     102       0       0       1       0                               0D0005254
     110    2633       0       0       0       0       0       000010000D0005255
     110       0       0       1       0                               0D0005256
     110    2634       0       0       0       0       0       000010000D0005257
     110       0       0       1       0                               0D0005258
     110    2635       0       0       0       0       0       000010000D0005259
     110       0       0       1       0                               0D0005260
     110    2636       0       0       0       0       0       000010000D0005261
     110       0       0       1       0                               0D0005262
     144    2637       0       0       0       0       0       000020000D0005263
     144       0       0       1       0                               0D0005264
     108    2638       0       0       0       0       0       000010000D0005265
     108       0       0       1       0                               0D0005266
     142    2639       0       0       0       0       0       000010500D0005267
     142       0       0       1       0                               0D0005268
     102    2640       0       0       0       0       0       000010000D0005269
     102       0       0       1       0                               0D0005270
     110    2641       0       0       0       0       0       000010000D0005271
     110       0       0       1       0                               0D0005272
     110    2642       0       0       0       0       0       000010000D0005273
     110       0       0       1       0                               0D0005274
     110    2643       0       0       0       0       0       000010000D0005275
     110       0       0       1       0                               0D0005276
     110    2644       0       0       0       0       0       000010000D0005277
     110       0       0       1       0                               0D0005278
     144    2645       0       0       0       0       0       000020000D0005279
     144       0       0       1       0                               0D0005280
     108    2646       0       0       0       0       0       000010000D0005281
     108       0       0       1       0                               0D0005282
     142    2647       0       0       0       0       0       000010500D0005283
     142       0       0       1       0                               0D0005284
     102    2648       0       0       0       0       0       000010000D0005285
     102       0       0       1       0                               0D0005286
     110    2649       0       0       0       0       0       000010000D0005287
     110       0       0       1       0                               0D0005288
     110    2650       0       0       0       0       0       000010000D0005289
     110       0       0       1       0                               0D0005290
     110    2651       0       0       0       0       0       000010000D0005291
     110       0       0       1       0                               0D0005292
     110    2652       0       0       0       0       0       000010000D0005293
     110       0       0       1       0                               0D0005294
     402    2653       0       0       0       0       0       000020000D0005295
     402       0       0       1       1                               0D0005296
     144    2654       0       0       0       0       0       000020000D0005297
     144       0       0       1       0                               0D0005298
     108    2655       0       0       0       0       0       000010000D0005299
     108       0       0       1       0                               0D0005300
     142    2656       0       0       0       0       0       000010500D0005301
     142       0       0       1       0                               0D0005302
     102    2657       0       0       0       0       0       000010000D0005303
     102       0       0       1       0                               0D0005304
     110    2658       0       0       0       0       0       000010000D0005305
     110       0       0       1       0                               0D0005306
     110    2659       0       0       0       0       0       000010000D0005307
     110       0       0       1       0                               0D0005308
     110    2660       0       0       0       0       0       000010000D0005309
     110       0       0       1       0                               0D0005310
     110    2661       0       0       0       0       0       000010000D0005311
     110       0       0       1       0                               0D0005312
     144    2662       0       0       0       0       0       000020000D0005313
     144       0       0       1       0                               0D0005314
     108    2663       0       0       0       0       0       000010000D0005315
     108       0       0       1       0                               0D0005316
     142    2664       0       0       0       0       0       000010500D0005317
     142       0       0       1       0                               0D0005318
     102    2665       0       0       0       0       0       000010000D0005319
     102       0       0       1       0                               0D0005320
     110    2666       0       0       0       0       0       000010000D0005321
     110       0       0       1       0                               0D0005322
     110    2667       0       0       0       0       0       000010000D0005323
     110       0       0       1       0                               0D0005324
     110    2668       0       0       0       0       0       000010000D0005325
     110       0       0       1       0                               0D0005326
     110    2669       0       0       0       0       0       000010000D0005327
     110       0       0       1       0                               0D0005328
     144    2670       0       0       0       0       0       000020000D0005329
     144       0       0       1       0                               0D0005330
     108    2671       0       0       0       0       0       000010000D0005331
     108       0       0       1       0                               0D0005332
     142    2672       0       0       0       0       0       000010500D0005333
     142       0       0       1       0                               0D0005334
     102    2673       0       0       0       0       0       000010000D0005335
     102       0       0       1       0                               0D0005336
     110    2674       0       0       0       0       0       000010000D0005337
     110       0       0       1       0                               0D0005338
     110    2675       0       0       0       0       0       000010000D0005339
     110       0       0       1       0                               0D0005340
     110    2676       0       0       0       0       0       000010000D0005341
     110       0       0       1       0                               0D0005342
     110    2677       0       0       0       0       0       000010000D0005343
     110       0       0       1       0                               0D0005344
     144    2678       0       0       0       0       0       000020000D0005345
     144       0       0       1       0                               0D0005346
     108    2679       0       0       0       0       0       000010000D0005347
     108       0       0       1       0                               0D0005348
     142    2680       0       0       0       0       0       000010500D0005349
     142       0       0       1       0                               0D0005350
     102    2681       0       0       0       0       0       000010000D0005351
     102       0       0       1       0                               0D0005352
     110    2682       0       0       0       0       0       000010000D0005353
     110       0       0       1       0                               0D0005354
     110    2683       0       0       0       0       0       000010000D0005355
     110       0       0       1       0                               0D0005356
     110    2684       0       0       0       0       0       000010000D0005357
     110       0       0       1       0                               0D0005358
     110    2685       0       0       0       0       0       000010000D0005359
     110       0       0       1       0                               0D0005360
     144    2686       0       0       0       0       0       000020000D0005361
     144       0       0       1       0                               0D0005362
     108    2687       0       0       0       0       0       000010000D0005363
     108       0       0       1       0                               0D0005364
     142    2688       0       0       0       0       0       000010500D0005365
     142       0       0       1       0                               0D0005366
     102    2689       0       0       0       0       0       000010000D0005367
     102       0       0       1       0                               0D0005368
     110    2690       0       0       0       0       0       000010000D0005369
     110       0       0       1       0                               0D0005370
     110    2691       0       0       0       0       0       000010000D0005371
     110       0       0       1       0                               0D0005372
     110    2692       0       0       0       0       0       000010000D0005373
     110       0       0       1       0                               0D0005374
     110    2693       0       0       0       0       0       000010000D0005375
     110       0       0       1       0                               0D0005376
     144    2694       0       0       0       0       0       000020000D0005377
     144       0       0       1       0                               0D0005378
     108    2695       0       0       0       0       0       000010000D0005379
     108       0       0       1       0                               0D0005380
     142    2696       0       0       0       0       0       000010500D0005381
     142       0       0       1       0                               0D0005382
     102    2697       0       0       0       0       0       000010000D0005383
     102       0       0       1       0                               0D0005384
     110    2698       0       0       0       0       0       000010000D0005385
     110       0       0       1       0                               0D0005386
     110    2699       0       0       0       0       0       000010000D0005387
     110       0       0       1       0                               0D0005388
     110    2700       0       0       0       0       0       000010000D0005389
     110       0       0       1       0                               0D0005390
     110    2701       0       0       0       0       0       000010000D0005391
     110       0       0       1       0                               0D0005392
     402    2702       0       0       0       0       0       000020000D0005393
     402       0       0       1       1                               0D0005394
     144    2703       0       0       0       0       0       000020000D0005395
     144       0       0       1       0                               0D0005396
     108    2704       0       0       0       0       0       000010000D0005397
     108       0       0       1       0                               0D0005398
     142    2705       0       0       0       0       0       000010500D0005399
     142       0       0       1       0                               0D0005400
     102    2706       0       0       0       0       0       000010000D0005401
     102       0       0       1       0                               0D0005402
     110    2707       0       0       0       0       0       000010000D0005403
     110       0       0       1       0                               0D0005404
     110    2708       0       0       0       0       0       000010000D0005405
     110       0       0       1       0                               0D0005406
     110    2709       0       0       0       0       0       000010000D0005407
     110       0       0       1       0                               0D0005408
     110    2710       0       0       0       0       0       000010000D0005409
     110       0       0       1       0                               0D0005410
     144    2711       0       0       0       0       0       000020000D0005411
     144       0       0       1       0                               0D0005412
     108    2712       0       0       0       0       0       000010000D0005413
     108       0       0       1       0                               0D0005414
     142    2713       0       0       0       0       0       000010500D0005415
     142       0       0       1       0                               0D0005416
     102    2714       0       0       0       0       0       000010000D0005417
     102       0       0       1       0                               0D0005418
     110    2715       0       0       0       0       0       000010000D0005419
     110       0       0       1       0                               0D0005420
     110    2716       0       0       0       0       0       000010000D0005421
     110       0       0       1       0                               0D0005422
     110    2717       0       0       0       0       0       000010000D0005423
     110       0       0       1       0                               0D0005424
     110    2718       0       0       0       0       0       000010000D0005425
     110       0       0       1       0                               0D0005426
     144    2719       0       0       0       0       0       000020000D0005427
     144       0       0       1       0                               0D0005428
     108    2720       0       0       0       0       0       000010000D0005429
     108       0       0       1       0                               0D0005430
     142    2721       0       0       0       0       0       000010500D0005431
     142       0       0       1       0                               0D0005432
     102    2722       0       0       0       0       0       000010000D0005433
     102       0       0       1       0                               0D0005434
     110    2723       0       0       0       0       0       000010000D0005435
     110       0       0       1       0                               0D0005436
     110    2724       0       0       0       0       0       000010000D0005437
     110       0       0       1       0                               0D0005438
     110    2725       0       0       0       0       0       000010000D0005439
     110       0       0       1       0                               0D0005440
     110    2726       0       0       0       0       0       000010000D0005441
     110       0       0       1       0                               0D0005442
     144    2727       0       0       0       0       0       000020000D0005443
     144       0       0       1       0                               0D0005444
     108    2728       0       0       0       0       0       000010000D0005445
     108       0       0       1       0                               0D0005446
     142    2729       0       0       0       0       0       000010500D0005447
     142       0       0       1       0                               0D0005448
     102    2730       0       0       0       0       0       000010000D0005449
     102       0       0       1       0                               0D0005450
     110    2731       0       0       0       0       0       000010000D0005451
     110       0       0       1       0                               0D0005452
     110    2732       0       0       0       0       0       000010000D0005453
     110       0       0       1       0                               0D0005454
     110    2733       0       0       0       0       0       000010000D0005455
     110       0       0       1       0                               0D0005456
     110    2734       0       0       0       0       0       000010000D0005457
     110       0       0       1       0                               0D0005458
     144    2735       0       0       0       0       0       000020000D0005459
     144       0       0       1       0                               0D0005460
     108    2736       0       0       0       0       0       000010000D0005461
     108       0       0       1       0                               0D0005462
     142    2737       0       0       0       0       0       000010500D0005463
     142       0       0       1       0                               0D0005464
     102    2738       0       0       0       0       0       000010000D0005465
     102       0       0       1       0                               0D0005466
     110    2739       0       0       0       0       0       000010000D0005467
     110       0       0       1       0                               0D0005468
     110    2740       0       0       0       0       0       000010000D0005469
     110       0       0       1       0                               0D0005470
     110    2741       0       0       0       0       0       000010000D0005471
     110       0       0       1       0                               0D0005472
     110    2742       0       0       0       0       0       000010000D0005473
     110       0       0       1       0                               0D0005474
     144    2743       0       0       0       0       0       000020000D0005475
     144       0       0       1       0                               0D0005476
     108    2744       0       0       0       0       0       000010000D0005477
     108       0       0       1       0                               0D0005478
     142    2745       0       0       0       0       0       000010500D0005479
     142       0       0       1       0                               0D0005480
     102    2746       0       0       0       0       0       000010000D0005481
     102       0       0       1       0                               0D0005482
     110    2747       0       0       0       0       0       000010000D0005483
     110       0       0       1       0                               0D0005484
     110    2748       0       0       0       0       0       000010000D0005485
     110       0       0       1       0                               0D0005486
     110    2749       0       0       0       0       0       000010000D0005487
     110       0       0       1       0                               0D0005488
     110    2750       0       0       0       0       0       000010000D0005489
     110       0       0       1       0                               0D0005490
     402    2751       0       0       0       0       0       000020000D0005491
     402       0       0       1       1                               0D0005492
     144    2752       0       0       0       0       0       000020000D0005493
     144       0       0       1       0                               0D0005494
     108    2753       0       0       0       0       0       000010000D0005495
     108       0       0       1       0                               0D0005496
     142    2754       0       0       0       0       0       000010500D0005497
     142       0       0       1       0                               0D0005498
     102    2755       0       0       0       0       0       000010000D0005499
     102       0       0       1       0                               0D0005500
     110    2756       0       0       0       0       0       000010000D0005501
     110       0       0       1       0                               0D0005502
     110    2757       0       0       0       0       0       000010000D0005503
     110       0       0       1       0                               0D0005504
     110    2758       0       0       0       0       0       000010000D0005505
     110       0       0       1       0                               0D0005506
     110    2759       0       0       0       0       0       000010000D0005507
     110       0       0       1       0                               0D0005508
     144    2760       0       0       0       0       0       000020000D0005509
     144       0       0       1       0                               0D0005510
     108    2761       0       0       0       0       0       000010000D0005511
     108       0       0       1       0                               0D0005512
     142    2762       0       0       0       0       0       000010500D0005513
     142       0       0       1       0                               0D0005514
     102    2763       0       0       0       0       0       000010000D0005515
     102       0       0       1       0                               0D0005516
     110    2764       0       0       0       0       0       000010000D0005517
     110       0       0       1       0                               0D0005518
     110    2765       0       0       0       0       0       000010000D0005519
     110       0       0       1       0                               0D0005520
     110    2766       0       0       0       0       0       000010000D0005521
     110       0       0       1       0                               0D0005522
     110    2767       0       0       0       0       0       000010000D0005523
     110       0       0       1       0                               0D0005524
     144    2768       0       0       0       0       0       000020000D0005525
     144       0       0       1       0                               0D0005526
     108    2769       0       0       0       0       0       000010000D0005527
     108       0       0       1       0                               0D0005528
     142    2770       0       0       0       0       0       000010500D0005529
     142       0       0       1       0                               0D0005530
     102    2771       0       0       0       0       0       000010000D0005531
     102       0       0       1       0                               0D0005532
     110    2772       0       0       0       0       0       000010000D0005533
     110       0       0       1       0                               0D0005534
     110    2773       0       0       0       0       0       000010000D0005535
     110       0       0       1       0                               0D0005536
     110    2774       0       0       0       0       0       000010000D0005537
     110       0       0       1       0                               0D0005538
     110    2775       0       0       0       0       0       000010000D0005539
     110       0       0       1       0                               0D0005540
     144    2776       0       0       0       0       0       000020000D0005541
     144       0       0       1       0                               0D0005542
     108    2777       0       0       0       0       0       000010000D0005543
     108       0       0       1       0                               0D0005544
     142    2778       0       0       0       0       0       000010500D0005545
     142       0       0       1       0                               0D0005546
     102    2779       0       0       0       0       0       000010000D0005547
     102       0       0       1       0                               0D0005548
     110    2780       0       0       0       0       0       000010000D0005549
     110       0       0       1       0                               0D0005550
     110    2781       0       0       0       0       0       000010000D0005551
     110       0       0       1       0                               0D0005552
     110    2782       0       0       0       0       0       000010000D0005553
     110       0       0       1       0                               0D0005554
     110    2783       0       0       0       0       0       000010000D0005555
     110       0       0       1       0                               0D0005556
     144    2784       0       0       0       0       0       000020000D0005557
     144       0       0       1       0                               0D0005558
     108    2785       0       0       0       0       0       000010000D0005559
     108       0       0       1       0                               0D0005560
     142    2786       0       0       0       0       0       000010500D0005561
     142       0       0       1       0                               0D0005562
     102    2787       0       0       0       0       0       000010000D0005563
     102       0       0       1       0                               0D0005564
     110    2788       0       0       0       0       0       000010000D0005565
     110       0       0       1       0                               0D0005566
     110    2789       0       0       0       0       0       000010000D0005567
     110       0       0       1       0                               0D0005568
     110    2790       0       0       0       0       0       000010000D0005569
     110       0       0       1       0                               0D0005570
     110    2791       0       0       0       0       0       000010000D0005571
     110       0       0       1       0                               0D0005572
     144    2792       0       0       0       0       0       000020000D0005573
     144       0       0       1       0                               0D0005574
     108    2793       0       0       0       0       0       000010000D0005575
     108       0       0       1       0                               0D0005576
     142    2794       0       0       0       0       0       000010500D0005577
     142       0       0       1       0                               0D0005578
     102    2795       0       0       0       0       0       000010000D0005579
     102       0       0       1       0                               0D0005580
     110    2796       0       0       0       0       0       000010000D0005581
     110       0       0       1       0                               0D0005582
     110    2797       0       0       0       0       0       000010000D0005583
     110       0       0       1       0                               0D0005584
     110    2798       0       0       0       0       0       000010000D0005585
     110       0       0       1       0                               0D0005586
     110    2799       0       0       0       0       0       000010000D0005587
     110       0       0       1       0                               0D0005588
     402    2800       0       0       0       0       0       000020000D0005589
     402       0       0       1       1                               0D0005590
     144    2801       0       0       0       0       0       000020000D0005591
     144       0       0       1       0                               0D0005592
     108    2802       0       0       0       0       0       000010000D0005593
     108       0       0       1       0                               0D0005594
     142    2803       0       0       0       0       0       000010500D0005595
     142       0       0       1       0                               0D0005596
     102    2804       0       0       0       0       0       000010000D0005597
     102       0       0       1       0                               0D0005598
     110    2805       0       0       0       0       0       000010000D0005599
     110       0       0       1       0                               0D0005600
     110    2806       0       0       0       0       0       000010000D0005601
     110       0       0       1       0                               0D0005602
     110    2807       0       0       0       0       0       000010000D0005603
     110       0       0       1       0                               0D0005604
     110    2808       0       0       0       0       0       000010000D0005605
     110       0       0       1       0                               0D0005606
     144    2809       0       0       0       0       0       000020000D0005607
     144       0       0       1       0                               0D0005608
     108    2810       0       0       0       0       0       000010000D0005609
     108       0       0       1       0                               0D0005610
     142    2811       0       0       0       0       0       000010500D0005611
     142       0       0       1       0                               0D0005612
     102    2812       0       0       0       0       0       000010000D0005613
     102       0       0       1       0                               0D0005614
     110    2813       0       0       0       0       0       000010000D0005615
     110       0       0       1       0                               0D0005616
     110    2814       0       0       0       0       0       000010000D0005617
     110       0       0       1       0                               0D0005618
     110    2815       0       0       0       0       0       000010000D0005619
     110       0       0       1       0                               0D0005620
     110    2816       0       0       0       0       0       000010000D0005621
     110       0       0       1       0                               0D0005622
     144    2817       0       0       0       0       0       000020000D0005623
     144       0       0       1       0                               0D0005624
     108    2818       0       0       0       0       0       000010000D0005625
     108       0       0       1       0                               0D0005626
     142    2819       0       0       0       0       0       000010500D0005627
     142       0       0       1       0                               0D0005628
     102    2820       0       0       0       0       0       000010000D0005629
     102       0       0       1       0                               0D0005630
     110    2821       0       0       0       0       0       000010000D0005631
     110       0       0       1       0                               0D0005632
     110    2822       0       0       0       0       0       000010000D0005633
     110       0       0       1       0                               0D0005634
     110    2823       0       0       0       0       0       000010000D0005635
     110       0       0       1       0                               0D0005636
     110    2824       0       0       0       0       0       000010000D0005637
     110       0       0       1       0                               0D0005638
     144    2825       0       0       0       0       0       000020000D0005639
     144       0       0       1       0                               0D0005640
     108    2826       0       0       0       0       0       000010000D0005641
     108       0       0       1       0                               0D0005642
     142    2827       0       0       0       0       0       000010500D0005643
     142       0       0       1       0                               0D0005644
     102    2828       0       0       0       0       0       000010000D0005645
     102       0       0       1       0                               0D0005646
     110    2829       0       0       0       0       0       000010000D0005647
     110       0       0       1       0                               0D0005648
     110    2830       0       0       0       0       0       000010000D0005649
     110       0       0       1       0                               0D0005650
     110    2831       0       0       0       0       0       000010000D0005651
     110       0       0       1       0                               0D0005652
     110    2832       0       0       0       0       0       000010000D0005653
     110       0       0       1       0                               0D0005654
     144    2833       0       0       0       0       0       000020000D0005655
     144       0       0       1       0                               0D0005656
     108    2834       0       0       0       0       0       000010000D0005657
     108       0       0       1       0                               0D0005658
     142    2835       0       0       0       0       0       000010500D0005659
     142       0       0       1       0                               0D0005660
     102    2836       0       0       0       0       0       000010000D0005661
     102       0       0       1       0                               0D0005662
     110    2837       0       0       0       0       0       000010000D0005663
     110       0       0       1       0                               0D0005664
     110    2838       0       0       0       0       0       000010000D0005665
     110       0       0       1       0                               0D0005666
     110    2839       0       0       0       0       0       000010000D0005667
     110       0       0       1       0                               0D0005668
     110    2840       0       0       0       0       0       000010000D0005669
     110       0       0       1       0                               0D0005670
     144    2841       0       0       0       0       0       000020000D0005671
     144       0       0       1       0                               0D0005672
     108    2842       0       0       0       0       0       000010000D0005673
     108       0       0       1       0                               0D0005674
     142    2843       0       0       0       0       0       000010500D0005675
     142       0       0       1       0                               0D0005676
     102    2844       0       0       0       0       0       000010000D0005677
     102       0       0       1       0                               0D0005678
     110    2845       0       0       0       0       0       000010000D0005679
     110       0       0       1       0                               0D0005680
     110    2846       0       0       0       0       0       000010000D0005681
     110       0       0       1       0                               0D0005682
     110    2847       0       0       0       0       0       000010000D0005683
     110       0       0       1       0                               0D0005684
     110    2848       0       0       0       0       0       000010000D0005685
     110       0       0       1       0                               0D0005686
     402    2849       0       0       0       0       0       000020000D0005687
     402       0       0       1       1                               0D0005688
     144    2850       0       0       0       0       0       000020000D0005689
     144       0       0       1       0                               0D0005690
     108    2851       0       0       0       0       0       000010000D0005691
     108       0       0       1       0                               0D0005692
     142    2852       0       0       0       0       0       000010500D0005693
     142       0       0       1       0                               0D0005694
     102    2853       0       0       0       0       0       000010000D0005695
     102       0       0       1       0                               0D0005696
     110    2854       0       0       0       0       0       000010000D0005697
     110       0       0       1       0                               0D0005698
     110    2855       0       0       0       0       0       000010000D0005699
     110       0       0       1       0                               0D0005700
     110    2856       0       0       0       0       0       000010000D0005701
     110       0       0       1       0                               0D0005702
     110    2857       0       0       0       0       0       000010000D0005703
     110       0       0       1       0                               0D0005704
     144    2858       0       0       0       0       0       000020000D0005705
     144       0       0       1       0                               0D0005706
     108    2859       0       0       0       0       0       000010000D0005707
     108       0       0       1       0                               0D0005708
     142    2860       0       0       0       0       0       000010500D0005709
     142       0       0       1       0                               0D0005710
     102    2861       0       0       0       0       0       000010000D0005711
     102       0       0       1       0                               0D0005712
     110    2862       0       0       0       0       0       000010000D0005713
     110       0       0       1       0                               0D0005714
     110    2863       0       0       0       0       0       000010000D0005715
     110       0       0       1       0                               0D0005716
     110    2864       0       0       0       0       0       000010000D0005717
     110       0       0       1       0                               0D0005718
     110    2865       0       0       0       0       0       000010000D0005719
     110       0       0       1       0                               0D0005720
     144    2866       0       0       0       0       0       000020000D0005721
     144       0       0       1       0                               0D0005722
     108    2867       0       0       0       0       0       000010000D0005723
     108       0       0       1       0                               0D0005724
     142    2868       0       0       0       0       0       000010500D0005725
     142       0       0       1       0                               0D0005726
     102    2869       0       0       0       0       0       000010000D0005727
     102       0       0       1       0                               0D0005728
     110    2870       0       0       0       0       0       000010000D0005729
     110       0       0       1       0                               0D0005730
     110    2871       0       0       0       0       0       000010000D0005731
     110       0       0       1       0                               0D0005732
     110    2872       0       0       0       0       0       000010000D0005733
     110       0       0       1       0                               0D0005734
     110    2873       0       0       0       0       0       000010000D0005735
     110       0       0       1       0                               0D0005736
     144    2874       0       0       0       0       0       000020000D0005737
     144       0       0       1       0                               0D0005738
     108    2875       0       0       0       0       0       000010000D0005739
     108       0       0       1       0                               0D0005740
     142    2876       0       0       0       0       0       000010500D0005741
     142       0       0       1       0                               0D0005742
     102    2877       0       0       0       0       0       000010000D0005743
     102       0       0       1       0                               0D0005744
     110    2878       0       0       0       0       0       000010000D0005745
     110       0       0       1       0                               0D0005746
     110    2879       0       0       0       0       0       000010000D0005747
     110       0       0       1       0                               0D0005748
     110    2880       0       0       0       0       0       000010000D0005749
     110       0       0       1       0                               0D0005750
     110    2881       0       0       0       0       0       000010000D0005751
     110       0       0       1       0                               0D0005752
     144    2882       0       0       0       0       0       000020000D0005753
     144       0       0       1       0                               0D0005754
     108    2883       0       0       0       0       0       000010000D0005755
     108       0       0       1       0                               0D0005756
     142    2884       0       0       0       0       0       000010500D0005757
     142       0       0       1       0                               0D0005758
     102    2885       0       0       0       0       0       000010000D0005759
     102       0       0       1       0                               0D0005760
     110    2886       0       0       0       0       0       000010000D0005761
     110       0       0       1       0                               0D0005762
     110    2887       0       0       0       0       0       000010000D0005763
     110       0       0       1       0                               0D0005764
     110    2888       0       0       0       0       0       000010000D0005765
     110       0       0       1       0                               0D0005766
     110    2889       0       0       0       0       0       000010000D0005767
     110       0       0       1       0                               0D0005768
     144    2890       0       0       0       0       0       000020000D0005769
     144       0       0       1       0                               0D0005770
     108    2891       0       0       0       0       0       000010000D0005771
     108       0       0       1       0                               0D0005772
     142    2892       0       0       0       0       0       000010500D0005773
     142       0       0       1       0                               0D0005774
     102    2893       0       0       0       0       0       000010000D0005775
     102       0       0       1       0                               0D0005776
     110    2894       0       0       0       0       0       000010000D0005777
     110       0       0       1       0                               0D0005778
     110    2895       0       0       0       0       0       000010000D0005779
     110       0       0       1       0                               0D0005780
     110    2896       0       0       0       0       0       000010000D0005781
     110       0       0       1       0                               0D0005782
     110    2897       0       0       0       0       0       000010000D0005783
     110       0       0       1       0                               0D0005784
     402    2898       0       0       0       0       0       000020000D0005785
     402       0       0       1       1                               0D0005786
     144    2899       0       0       0       0       0       000020000D0005787
     144       0       0       1       0                               0D0005788
     108    2900       0       0       0       0       0       000010000D0005789
     108       0       0       1       0                               0D0005790
     142    2901       0       0       0       0       0       000010500D0005791
     142       0       0       1       0                               0D0005792
     102    2902       0       0       0       0       0       000010000D0005793
     102       0       0       1       0                               0D0005794
     110    2903       0       0       0       0       0       000010000D0005795
     110       0       0       1       0                               0D0005796
     110    2904       0       0       0       0       0       000010000D0005797
     110       0       0       1       0                               0D0005798
     110    2905       0       0       0       0       0       000010000D0005799
     110       0       0       1       0                               0D0005800
     110    2906       0       0       0       0       0       000010000D0005801
     110       0       0       1       0                               0D0005802
     144    2907       0       0       0       0       0       000020000D0005803
     144       0       0       1       0                               0D0005804
     108    2908       0       0       0       0       0       000010000D0005805
     108       0       0       1       0                               0D0005806
     142    2909       0       0       0       0       0       000010500D0005807
     142       0       0       1       0                               0D0005808
     102    2910       0       0       0       0       0       000010000D0005809
     102       0       0       1       0                               0D0005810
     110    2911       0       0       0       0       0       000010000D0005811
     110       0       0       1       0                               0D0005812
     110    2912       0       0       0       0       0       000010000D0005813
     110       0       0       1       0                               0D0005814
     110    2913       0       0       0       0       0       000010000D0005815
     110       0       0       1       0                               0D0005816
     110    2914       0       0       0       0       0       000010000D0005817
     110       0       0       1       0                               0D0005818
     144    2915       0       0       0       0       0       000020000D0005819
     144       0       0       1       0                               0D0005820
     108    2916       0       0       0       0       0       000010000D0005821
     108       0       0       1       0                               0D0005822
     142    2917       0       0       0       0       0       000010500D0005823
     142       0       0       1       0                               0D0005824
     102    2918       0       0       0       0       0       000010000D0005825
     102       0       0       1       0                               0D0005826
     110    2919       0       0       0       0       0       000010000D0005827
     110       0       0       1       0                               0D0005828
     110    2920       0       0       0       0       0       000010000D0005829
     110       0       0       1       0                               0D0005830
     110    2921       0       0       0       0       0       000010000D0005831
     110       0       0       1       0                               0D0005832
     110    2922       0       0       0       0       0       000010000D0005833
     110       0       0       1       0                               0D0005834
     144    2923       0       0       0       0       0       000020000D0005835
     144       0       0       1       0                               0D0005836
     108    2924       0       0       0       0       0       000010000D0005837
     108       0       0       1       0                               0D0005838
     142    2925       0       0       0       0       0       000010500D0005839
     142       0       0       1       0                               0D0005840
     102    2926       0       0       0       0       0       000010000D0005841
     102       0       0       1       0                               0D0005842
     110    2927       0       0       0       0       0       000010000D0005843
     110       0       0       1       0                               0D0005844
     110    2928       0       0       0       0       0       000010000D0005845
     110       0       0       1       0                               0D0005846
     110    2929       0       0       0       0       0       000010000D0005847
     110       0       0       1       0                               0D0005848
     110    2930       0       0       0       0       0       000010000D0005849
     110       0       0       1       0                               0D0005850
     144    2931       0       0       0       0       0       000020000D0005851
     144       0       0       1       0                               0D0005852
     108    2932       0       0       0       0       0       000010000D0005853
     108       0       0       1       0                               0D0005854
     142    2933       0       0       0       0       0       000010500D0005855
     142       0       0       1       0                               0D0005856
     102    2934       0       0       0       0       0       000010000D0005857
     102       0       0       1       0                               0D0005858
     110    2935       0       0       0       0       0       000010000D0005859
     110       0       0       1       0                               0D0005860
     110    2936       0       0       0       0       0       000010000D0005861
     110       0       0       1       0                               0D0005862
     110    2937       0       0       0       0       0       000010000D0005863
     110       0       0       1       0                               0D0005864
     110    2938       0       0       0       0       0       000010000D0005865
     110       0       0       1       0                               0D0005866
     144    2939       0       0       0       0       0       000020000D0005867
     144       0       0       1       0                               0D0005868
     108    2940       0       0       0       0       0       000010000D0005869
     108       0       0       1       0                               0D0005870
     142    2941       0       0       0       0       0       000010500D0005871
     142       0       0       1       0                               0D0005872
     102    2942       0       0       0       0       0       000010000D0005873
     102       0       0       1       0                               0D0005874
     110    2943       0       0       0       0       0       000010000D0005875
     110       0       0       1       0                               0D0005876
     110    2944       0       0       0       0       0       000010000D0005877
     110       0       0       1       0                               0D0005878
     110    2945       0       0       0       0       0       000010000D0005879
     110       0       0       1       0                               0D0005880
     110    2946       0       0       0       0       0       000010000D0005881
     110       0       0       1       0                               0D0005882
     402    2947       0       0       0       0       0       000020000D0005883
     402       0       0       1       1                               0D0005884
     144    2948       0       0       0       0       0       000020000D0005885
     144       0       0       1       0                               0D0005886
     108    2949       0       0       0       0       0       000010000D0005887
     108       0       0       1       0                               0D0005888
     142    2950       0       0       0       0       0       000010500D0005889
     142       0       0       1       0                               0D0005890
     102    2951       0       0       0       0       0       000010000D0005891
     102       0       0       1       0                               0D0005892
     110    2952       0       0       0       0       0       000010000D0005893
     110       0       0       1       0                               0D0005894
     110    2953       0       0       0       0       0       000010000D0005895
     110       0       0       1       0                               0D0005896
     110    2954       0       0       0       0       0       000010000D0005897
     110       0       0       1       0                               0D0005898
     110    2955       0       0       0       0       0       000010000D0005899
     110       0       0       1       0                               0D0005900
     144    2956       0       0       0       0       0       000020000D0005901
     144       0       0       1       0                               0D0005902
     108    2957       0       0       0       0       0       000010000D0005903
     108       0       0       1       0                               0D0005904
     142    2958       0       0       0       0       0       000010500D0005905
     142       0       0       1       0                               0D0005906
     102    2959       0       0       0       0       0       000010000D0005907
     102       0       0       1       0                               0D0005908
     110    2960       0       0       0       0       0       000010000D0005909
     110       0       0       1       0                               0D0005910
     110    2961       0       0       0       0       0       000010000D0005911
     110       0       0       1       0                               0D0005912
     110    2962       0       0       0       0       0       000010000D0005913
     110       0       0       1       0                               0D0005914
     110    2963       0       0       0       0       0       000010000D0005915
     110       0       0       1       0                               0D0005916
     144    2964       0       0       0       0       0       000020000D0005917
     144       0       0       1       0                               0D0005918
     108    2965       0       0       0       0       0       000010000D0005919
     108       0       0       1       0                               0D0005920
     142    2966       0       0       0       0       0       000010500D0005921
     142       0       0       1       0                               0D0005922
     102    2967       0       0       0       0       0       000010000D0005923
     102       0       0       1       0                               0D0005924
     110    2968       0       0       0       0       0       000010000D0005925
     110       0       0       1       0                               0D0005926
     110    2969       0       0       0       0       0       000010000D0005927
     110       0       0       1       0                               0D0005928
     110    2970       0       0       0       0       0       000010000D0005929
     110       0       0       1       0                               0D0005930
     110    2971       0       0       0       0       0       000010000D0005931
     110       0       0       1       0                               0D0005932
     144    2972       0       0       0       0       0       000020000D0005933
     144       0       0       1       0                               0D0005934
     108    2973       0       0       0       0       0       000010000D0005935
     108       0       0       1       0                               0D0005936
     142    2974       0       0       0       0       0       000010500D0005937
     142       0       0       1       0                               0D0005938
     102    2975       0       0       0       0       0       000010000D0005939
     102       0       0       1       0                               0D0005940
     110    2976       0       0       0       0       0       000010000D0005941
     110       0       0       1       0                               0D0005942
     110    2977       0       0       0       0       0       000010000D0005943
     110       0       0       1       0                               0D0005944
     110    2978       0       0       0       0       0       000010000D0005945
     110       0       0       1       0                               0D0005946
     110    2979       0       0       0       0       0       000010000D0005947
     110       0       0       1       0                               0D0005948
     144    2980       0       0       0       0       0       000020000D0005949
     144       0       0       1       0                               0D0005950
     108    2981       0       0       0       0       0       000010000D0005951
     108       0       0       1       0                               0D0005952
     142    2982       0       0       0       0       0       000010500D0005953
     142       0       0       1       0                               0D0005954
     102    2983       0       0       0       0       0       000010000D0005955
     102       0       0       1       0                               0D0005956
     110    2984       0       0       0       0       0       000010000D0005957
     110       0       0       1       0                               0D0005958
     110    2985       0       0       0       0       0       000010000D0005959
     110       0       0       1       0                               0D0005960
     110    2986       0       0       0       0       0       000010000D0005961
     110       0       0       1       0                               0D0005962
     110    2987       0       0       0       0       0       000010000D0005963
     110       0       0       1       0                               0D0005964
     144    2988       0       0       0       0       0       000020000D0005965
     144       0       0       1       0                               0D0005966
     108    2989       0       0       0       0       0       000010000D0005967
     108       0       0       1       0                               0D0005968
     142    2990       0       0       0       0       0       000010500D0005969
     142       0       0       1       0                               0D0005970
     102    2991       0       0       0       0       0       000010000D0005971
     102       0       0       1       0                               0D0005972
     110    2992       0       0       0       0       0       000010000D0005973
     110       0       0       1       0                               0D0005974
     110    2993       0       0       0       0       0       000010000D0005975
     110       0       0       1       0                               0D0005976
     110    2994       0       0       0       0       0       000010000D0005977
     110       0       0       1       0                               0D0005978
     110    2995       0       0       0       0       0       000010000D0005979
     110       0       0       1       0                               0D0005980
     402    2996       0       0       0       0       0       000020000D0005981
     402       0       0       1       1                               0D0005982
     144    2997       0       0       0       0       0       000020000D0005983
     144       0       0       1       0                               0D0005984
     108    2998       0       0       0       0       0       000010000D0005985
     108       0       0       1       0                               0D0005986
     142    2999       0       0       0       0       0       000010500D0005987
     142       0       0       1       0                               0D0005988
     102    3000       0       0       0       0       0       000010000D0005989
     102       0       0       1       0                               0D0005990
     110    3001       0       0       0       0       0       000010000D0005991
     110       0       0       1       0                               0D0005992
     110    3002       0       0       0       0       0       000010000D0005993
     110       0       0       1       0                               0D0005994
     110    3003       0       0       0       0       0       000010000D0005995
     110       0       0       1       0                               0D0005996
     110    3004       0       0       0       0       0       000010000D0005997
     110       0       0       1       0                               0D0005998
     144    3005       0       0       0       0       0       000020000D0005999
     144       0       0       1       0                               0D0006000
     108    3006       0       0       0       0       0       000010000D0006001
     108       0       0       1       0                               0D0006002
     142    3007       0       0       0       0       0       000010500D0006003
     142       0       0       1       0                               0D0006004
     102    3008       0       0       0       0       0       000010000D0006005
     102       0       0       1       0                               0D0006006
     110    3009       0       0       0       0       0       000010000D0006007
     110       0       0       1       0                               0D0006008
     110    3010       0       0       0       0       0       000010000D0006009
     110       0       0       1       0                               0D0006010
     110    3011       0       0       0       0       0       000010000D0006011
     110       0       0       1       0                               0D0006012
     110    3012       0       0       0       0       0       000010000D0006013
     110       0       0       1       0                               0D0006014
     144    3013       0       0       0       0       0       000020000D0006015
     144       0       0       1       0                               0D0006016
     108    3014       0       0       0       0       0       000010000D0006017
     108       0       0       1       0                               0D0006018
     142    3015       0       0       0       0       0       000010500D0006019
     142       0       0       1       0                               0D0006020
     102    3016       0       0       0       0       0       000010000D0006021
     102       0       0       1       0                               0D0006022
     110    3017       0       0       0       0       0       000010000D0006023
     110       0       0       1       0                               0D0006024
     110    3018       0       0       0       0       0       000010000D0006025
     110       0       0       1       0                               0D0006026
     110    3019       0       0       0       0       0       000010000D0006027
     110       0       0       1       0                               0D0006028
     110    3020       0       0       0       0       0       000010000D0006029
     110       0       0       1       0                               0D0006030
     144    3021       0       0       0       0       0       000020000D0006031
     144       0       0       1       0                               0D0006032
     108    3022       0       0       0       0       0       000010000D0006033
     108       0       0       1       0                               0D0006034
     142    3023       0       0       0       0       0       000010500D0006035
     142       0       0       1       0                               0D0006036
     102    3024       0       0       0       0       0       000010000D0006037
     102       0       0       1       0                               0D0006038
     110    3025       0       0       0       0       0       000010000D0006039
     110       0       0       1       0                               0D0006040
     110    3026       0       0       0       0       0       000010000D0006041
     110       0       0       1       0                               0D0006042
     110    3027       0       0       0       0       0       000010000D0006043
     110       0       0       1       0                               0D0006044
     110    3028       0       0       0       0       0       000010000D0006045
     110       0       0       1       0                               0D0006046
     144    3029       0       0       0       0       0       000020000D0006047
     144       0       0       1       0                               0D0006048
     108    3030       0       0       0       0       0       000010000D0006049
     108       0       0       1       0                               0D0006050
     142    3031       0       0       0       0       0       000010500D0006051
     142       0       0       1       0                               0D0006052
     102    3032       0       0       0       0       0       000010000D0006053
     102       0       0       1       0                               0D0006054
     110    3033       0       0       0       0       0       000010000D0006055
     110       0       0       1       0                               0D0006056
     110    3034       0       0       0       0       0       000010000D0006057
     110       0       0       1       0                               0D0006058
     110    3035       0       0       0       0       0       000010000D0006059
     110       0       0       1       0                               0D0006060
     110    3036       0       0       0       0       0       000010000D0006061
     110       0       0       1       0                               0D0006062
     144    3037       0       0       0       0       0       000020000D0006063
     144       0       0       1       0                               0D0006064
     108    3038       0       0       0       0       0       000010000D0006065
     108       0       0       1       0                               0D0006066
     142    3039       0       0       0       0       0       000010500D0006067
     142       0       0       1       0                               0D0006068
     102    3040       0       0       0       0       0       000010000D0006069
     102       0       0       1       0                               0D0006070
     110    3041       0       0       0       0       0       000010000D0006071
     110       0       0       1       0                               0D0006072
     110    3042       0       0       0       0       0       000010000D0006073
     110       0       0       1       0                               0D0006074
     110    3043       0       0       0       0       0       000010000D0006075
     110       0       0       1       0                               0D0006076
     110    3044       0       0       0       0       0       000010000D0006077
     110       0       0       1       0                               0D0006078
     402    3045       0       0       0       0       0       000020000D0006079
     402       0       0       1       1                               0D0006080
     144    3046       0       0       0       0       0       000020000D0006081
     144       0       0       1       0                               0D0006082
     108    3047       0       0       0       0       0       000010000D0006083
     108       0       0       1       0                               0D0006084
     142    3048       0       0       0       0       0       000010500D0006085
     142       0       0       1       0                               0D0006086
     102    3049       0       0       0       0       0       000010000D0006087
     102       0       0       1       0                               0D0006088
     110    3050       0       0       0       0       0       000010000D0006089
     110       0       0       1       0                               0D0006090
     110    3051       0       0       0       0       0       000010000D0006091
     110       0       0       1       0                               0D0006092
     110    3052       0       0       0       0       0       000010000D0006093
     110       0       0       1       0                               0D0006094
     110    3053       0       0       0       0       0       000010000D0006095
     110       0       0       1       0                               0D0006096
     144    3054       0       0       0       0       0       000020000D0006097
     144       0       0       1       0                               0D0006098
     108    3055       0       0       0       0       0       000010000D0006099
     108       0       0       1       0                               0D0006100
     142    3056       0       0       0       0       0       000010500D0006101
     142       0       0       1       0                               0D0006102
     102    3057       0       0       0       0       0       000010000D0006103
     102       0       0       1       0                               0D0006104
     110    3058       0       0       0       0       0       000010000D0006105
     110       0       0       1       0                               0D0006106
     110    3059       0       0       0       0       0       000010000D0006107
     110       0       0       1       0                               0D0006108
     110    3060       0       0       0       0       0       000010000D0006109
     110       0       0       1       0                               0D0006110
     110    3061       0       0       0       0       0       000010000D0006111
     110       0       0       1       0                               0D0006112
     144    3062       0       0       0       0       0       000020000D0006113
     144       0       0       1       0                               0D0006114
     108    3063       0       0       0       0       0       000010000D0006115
     108       0       0       1       0                               0D0006116
     142    3064       0       0       0       0       0       000010500D0006117
     142       0       0       1       0                               0D0006118
     102    3065       0       0       0       0       0       000010000D0006119
     102       0       0       1       0                               0D0006120
     110    3066       0       0       0       0       0       000010000D0006121
     110       0       0       1       0                               0D0006122
     110    3067       0       0       0       0       0       000010000D0006123
     110       0       0       1       0                               0D0006124
     110    3068       0       0       0       0       0       000010000D0006125
     110       0       0       1       0                               0D0006126
     110    3069       0       0       0       0       0       000010000D0006127
     110       0       0       1       0                               0D0006128
     144    3070       0       0       0       0       0       000020000D0006129
     144       0       0       1       0                               0D0006130
     108    3071       0       0       0       0       0       000010000D0006131
     108       0       0       1       0                               0D0006132
     142    3072       0       0       0       0       0       000010500D0006133
     142       0       0       1       0                               0D0006134
     102    3073       0       0       0       0       0       000010000D0006135
     102       0       0       1       0                               0D0006136
     110    3074       0       0       0       0       0       000010000D0006137
     110       0       0       1       0                               0D0006138
     110    3075       0       0       0       0       0       000010000D0006139
     110       0       0       1       0                               0D0006140
     110    3076       0       0       0       0       0       000010000D0006141
     110       0       0       1       0                               0D0006142
     110    3077       0       0       0       0       0       000010000D0006143
     110       0       0       1       0                               0D0006144
     144    3078       0       0       0       0       0       000020000D0006145
     144       0       0       1       0                               0D0006146
     108    3079       0       0       0       0       0       000010000D0006147
     108       0       0       1       0                               0D0006148
     142    3080       0       0       0       0       0       000010500D0006149
     142       0       0       1       0                               0D0006150
     102    3081       0       0       0       0       0       000010000D0006151
     102       0       0       1       0                               0D0006152
     110    3082       0       0       0       0       0       000010000D0006153
     110       0       0       1       0                               0D0006154
     110    3083       0       0       0       0       0       000010000D0006155
     110       0       0       1       0                               0D0006156
     110    3084       0       0       0       0       0       000010000D0006157
     110       0       0       1       0                               0D0006158
     110    3085       0       0       0       0       0       000010000D0006159
     110       0       0       1       0                               0D0006160
     144    3086       0       0       0       0       0       000020000D0006161
     144       0       0       1       0                               0D0006162
     108    3087       0       0       0       0       0       000010000D0006163
     108       0       0       1       0                               0D0006164
     142    3088       0       0       0       0       0       000010500D0006165
     142       0       0       1       0                               0D0006166
     102    3089       0       0       0       0       0       000010000D0006167
     102       0       0       1       0                               0D0006168
     110    3090       0       0       0       0       0       000010000D0006169
     110       0       0       1       0                               0D0006170
     110    3091       0       0       0       0       0       000010000D0006171
     110       0       0       1       0                               0D0006172
     110    3092       0       0       0       0       0       000010000D0006173
     110       0       0       1       0                               0D0006174
     110    3093       0       0       0       0       0       000010000D0006175
     110       0       0       1       0                               0D0006176
     402    3094       0       0       0       0       0       000020000D0006177
     402       0       0       1       1                               0D0006178
     144    3095       0       0       0       0       0       000020000D0006179
     144       0       0       1       0                               0D0006180
     108    3096       0       0       0       0       0       000010000D0006181
     108       0       0       1       0                               0D0006182
     142    3097       0       0       0       0       0       000010500D0006183
     142       0       0       1       0                               0D0006184
     102    3098       0       0       0       0       0       000010000D0006185
     102       0       0       1       0                               0D0006186
     110    3099       0       0       0       0       0       000010000D0006187
     110       0       0       1       0                               0D0006188
     110    3100       0       0       0       0       0       000010000D0006189
     110       0       0       1       0                               0D0006190
     110    3101       0       0       0       0       0       000010000D0006191
     110       0       0       1       0                               0D0006192
     110    3102       0       0       0       0       0       000010000D0006193
     110       0       0       1       0                               0D0006194
     144    3103       0       0       0       0       0       000020000D0006195
     144       0       0       1       0                               0D0006196
     108    3104       0       0       0       0       0       000010000D0006197
     108       0       0       1       0                               0D0006198
     142    3105       0       0       0       0       0       000010500D0006199
     142       0       0       1       0                               0D0006200
     102    3106       0       0       0       0       0       000010000D0006201
     102       0       0       1       0                               0D0006202
     110    3107       0       0       0       0       0       000010000D0006203
     110       0       0       1       0                               0D0006204
     110    3108       0       0       0       0       0       000010000D0006205
     110       0       0       1       0                               0D0006206
     110    3109       0       0       0       0       0       000010000D0006207
     110       0       0       1       0                               0D0006208
     110    3110       0       0       0       0       0       000010000D0006209
     110       0       0       1       0                               0D0006210
     144    3111       0       0       0       0       0       000020000D0006211
     144       0       0       1       0                               0D0006212
     108    3112       0       0       0       0       0       000010000D0006213
     108       0       0       1       0                               0D0006214
     142    3113       0       0       0       0       0       000010500D0006215
     142       0       0       1       0                               0D0006216
     102    3114       0       0       0       0       0       000010000D0006217
     102       0       0       1       0                               0D0006218
     110    3115       0       0       0       0       0       000010000D0006219
     110       0       0       1       0                               0D0006220
     110    3116       0       0       0       0       0       000010000D0006221
     110       0       0       1       0                               0D0006222
     110    3117       0       0       0       0       0       000010000D0006223
     110       0       0       1       0                               0D0006224
     110    3118       0       0       0       0       0       000010000D0006225
     110       0       0       1       0                               0D0006226
     144    3119       0       0       0       0       0       000020000D0006227
     144       0       0       1       0                               0D0006228
     108    3120       0       0       0       0       0       000010000D0006229
     108       0       0       1       0                               0D0006230
     142    3121       0       0       0       0       0       000010500D0006231
     142       0       0       1       0                               0D0006232
     102    3122       0       0       0       0       0       000010000D0006233
     102       0       0       1       0                               0D0006234
     110    3123       0       0       0       0       0       000010000D0006235
     110       0       0       1       0                               0D0006236
     110    3124       0       0       0       0       0       000010000D0006237
     110       0       0       1       0                               0D0006238
     110    3125       0       0       0       0       0       000010000D0006239
     110       0       0       1       0                               0D0006240
     110    3126       0       0       0       0       0       000010000D0006241
     110       0       0       1       0                               0D0006242
     144    3127       0       0       0       0       0       000020000D0006243
     144       0       0       1       0                               0D0006244
     108    3128       0       0       0       0       0       000010000D0006245
     108       0       0       1       0                               0D0006246
     142    3129       0       0       0       0       0       000010500D0006247
     142       0       0       1       0                               0D0006248
     102    3130       0       0       0       0       0       000010000D0006249
     102       0       0       1       0                               0D0006250
     110    3131       0       0       0       0       0       000010000D0006251
     110       0       0       1       0                               0D0006252
     110    3132       0       0       0       0       0       000010000D0006253
     110       0       0       1       0                               0D0006254
     110    3133       0       0       0       0       0       000010000D0006255
     110       0       0       1       0                               0D0006256
     110    3134       0       0       0       0       0       000010000D0006257
     110       0       0       1       0                               0D0006258
     144    3135       0       0       0       0       0       000020000D0006259
     144       0       0       1       0                               0D0006260
     108    3136       0       0       0       0       0       000010000D0006261
     108       0       0       1       0                               0D0006262
     142    3137       0       0       0       0       0       000010500D0006263
     142       0       0       1       0                               0D0006264
     102    3138       0       0       0       0       0       000010000D0006265
     102       0       0       1       0                               0D0006266
     110    3139       0       0       0       0       0       000010000D0006267
     110       0       0       1       0                               0D0006268
     110    3140       0       0       0       0       0       000010000D0006269
     110       0       0       1       0                               0D0006270
     110    3141       0       0       0       0       0       000010000D0006271
     110       0       0       1       0                               0D0006272
     110    3142       0       0       0       0       0       000010000D0006273
     110       0       0       1       0                               0D0006274
     402    3143       0       0       0       0       0       000020000D0006275
     402       0       0       1       1                               0D0006276
     144    3144       0       0       0       0       0       000020000D0006277
     144       0       0       1       0                               0D0006278
     108    3145       0       0       0       0       0       000010000D0006279
     108       0       0       1       0                               0D0006280
     142    3146       0       0       0       0       0       000010500D0006281
     142       0       0       1       0                               0D0006282
     102    3147       0       0       0       0       0       000010000D0006283
     102       0       0       1       0                               0D0006284
     110    3148       0       0       0       0       0       000010000D0006285
     110       0       0       1       0                               0D0006286
     110    3149       0       0       0       0       0       000010000D0006287
     110       0       0       1       0                               0D0006288
     110    3150       0       0       0       0       0       000010000D0006289
     110       0       0       1       0                               0D0006290
     110    3151       0       0       0       0       0       000010000D0006291
     110       0       0       1       0                               0D0006292
     144    3152       0       0       0       0       0       000020000D0006293
     144       0       0       1       0                               0D0006294
     108    3153       0       0       0       0       0       000010000D0006295
     108       0       0       1       0                               0D0006296
     142    3154       0       0       0       0       0       000010500D0006297
     142       0       0       1       0                               0D0006298
     102    3155       0       0       0       0       0       000010000D0006299
     102       0       0       1       0                               0D0006300
     110    3156       0       0       0       0       0       000010000D0006301
     110       0       0       1       0                               0D0006302
     110    3157       0       0       0       0       0       000010000D0006303
     110       0       0       1       0                               0D0006304
     110    3158       0       0       0       0       0       000010000D0006305
     110       0       0       1       0                               0D0006306
     110    3159       0       0       0       0       0       000010000D0006307
     110       0       0       1       0                               0D0006308
     144    3160       0       0       0       0       0       000020000D0006309
     144       0       0       1       0                               0D0006310
     108    3161       0       0       0       0       0       000010000D0006311
     108       0       0       1       0                               0D0006312
     142    3162       0       0       0       0       0       000010500D0006313
     142       0       0       1       0                               0D0006314
     102    3163       0       0       0       0       0       000010000D0006315
     102       0       0       1       0                               0D0006316
     110    3164       0       0       0       0       0       000010000D0006317
     110       0       0       1       0                               0D0006318
     110    3165       0       0       0       0       0       000010000D0006319
     110       0       0       1       0                               0D0006320
     110    3166       0       0       0       0       0       000010000D0006321
     110       0       0       1       0                               0D0006322
     110    3167       0       0       0       0       0       000010000D0006323
     110       0       0       1       0                               0D0006324
     144    3168       0       0       0       0       0       000020000D0006325
     144       0       0       1       0                               0D0006326
     108    3169       0       0       0       0       0       000010000D0006327
     108       0       0       1       0                               0D0006328
     142    3170       0       0       0       0       0       000010500D0006329
     142       0       0       1       0                               0D0006330
     102    3171       0       0       0       0       0       000010000D0006331
     102       0       0       1       0                               0D0006332
     110    3172       0       0       0       0       0       000010000D0006333
     110       0       0       1       0                               0D0006334
     110    3173       0       0       0       0       0       000010000D0006335
     110       0       0       1       0                               0D0006336
     110    3174       0       0       0       0       0       000010000D0006337
     110       0       0       1       0                               0D0006338
     110    3175       0       0       0       0       0       000010000D0006339
     110       0       0       1       0                               0D0006340
     144    3176       0       0       0       0       0       000020000D0006341
     144       0       0       1       0                               0D0006342
     108    3177       0       0       0       0       0       000010000D0006343
     108       0       0       1       0                               0D0006344
     142    3178       0       0       0       0       0       000010500D0006345
     142       0       0       1       0                               0D0006346
     102    3179       0       0       0       0       0       000010000D0006347
     102       0       0       1       0                               0D0006348
     110    3180       0       0       0       0       0       000010000D0006349
     110       0       0       1       0                               0D0006350
     110    3181       0       0       0       0       0       000010000D0006351
     110       0       0       1       0                               0D0006352
     110    3182       0       0       0       0       0       000010000D0006353
     110       0       0       1       0                               0D0006354
     110    3183       0       0       0       0       0       000010000D0006355
     110       0       0       1       0                               0D0006356
     144    3184       0       0       0       0       0       000020000D0006357
     144       0       0       1       0                               0D0006358
     108    3185       0       0       0       0       0       000010000D0006359
     108       0       0       1       0                               0D0006360
     142    3186       0       0       0       0       0       000010500D0006361
     142       0       0       1       0                               0D0006362
     102    3187       0       0       0       0       0       000010000D0006363
     102       0       0       1       0                               0D0006364
     110    3188       0       0       0       0       0       000010000D0006365
     110       0       0       1       0                               0D0006366
     110    3189       0       0       0       0       0       000010000D0006367
     110       0       0       1       0                               0D0006368
     110    3190       0       0       0       0       0       000010000D0006369
     110       0       0       1       0                               0D0006370
     110    3191       0       0       0       0       0       000010000D0006371
     110       0       0       1       0                               0D0006372
     402    3192       0       0       0       0       0       000020000D0006373
     402       0       0       1       1                               0D0006374
     144    3193       0       0       0       0       0       000020000D0006375
     144       0       0       1       0                               0D0006376
     108    3194       0       0       0       0       0       000010000D0006377
     108       0       0       1       0                               0D0006378
     142    3195       0       0       0       0       0       000010500D0006379
     142       0       0       1       0                               0D0006380
     102    3196       0       0       0       0       0       000010000D0006381
     102       0       0       1       0                               0D0006382
     110    3197       0       0       0       0       0       000010000D0006383
     110       0       0       1       0                               0D0006384
     110    3198       0       0       0       0       0       000010000D0006385
     110       0       0       1       0                               0D0006386
     110    3199       0       0       0       0       0       000010000D0006387
     110       0       0       1       0                               0D0006388
     110    3200       0       0       0       0       0       000010000D0006389
     110       0       0       1       0                               0D0006390
     144    3201       0       0       0       0       0       000020000D0006391
     144       0       0       1       0                               0D0006392
     108    3202       0       0       0       0       0       000010000D0006393
     108       0       0       1       0                               0D0006394
     142    3203       0       0       0       0       0       000010500D0006395
     142       0       0       1       0                               0D0006396
     102    3204       0       0       0       0       0       000010000D0006397
     102       0       0       1       0                               0D0006398
     110    3205       0       0       0       0       0       000010000D0006399
     110       0       0       1       0                               0D0006400
     110    3206       0       0       0       0       0       000010000D0006401
     110       0       0       1       0                               0D0006402
     110    3207       0       0       0       0       0       000010000D0006403
     110       0       0       1       0                               0D0006404
     110    3208       0       0       0       0       0       000010000D0006405
     110       0       0       1       0                               0D0006406
     144    3209       0       0       0       0       0       000020000D0006407
     144       0       0       1       0                               0D0006408
     108    3210       0       0       0       0       0       000010000D0006409
     108       0       0       1       0                               0D0006410
     142    3211       0       0       0       0       0       000010500D0006411
     142       0       0       1       0                               0D0006412
     102    3212       0       0       0       0       0       000010000D0006413
     102       0       0       1       0                               0D0006414
     110    3213       0       0       0       0       0       000010000D0006415
     110       0       0       1       0                               0D0006416
     110    3214       0       0       0       0       0       000010000D0006417
     110       0       0       1       0                               0D0006418
     110    3215       0       0       0       0       0       000010000D0006419
     110       0       0       1       0                               0D0006420
     110    3216       0       0       0       0       0       000010000D0006421
     110       0       0       1       0                               0D0006422
     144    3217       0       0       0       0       0       000020000D0006423
     144       0       0       1       0                               0D0006424
     108    3218       0       0       0       0       0       000010000D0006425
     108       0       0       1       0                               0D0006426
     142    3219       0       0       0       0       0       000010500D0006427
     142       0       0       1       0                               0D0006428
     102    3220       0       0       0       0       0       000010000D0006429
     102       0       0       1       0                               0D0006430
     110    3221       0       0       0       0       0       000010000D0006431
     110       0       0       1       0                               0D0006432
     110    3222       0       0       0       0       0       000010000D0006433
     110       0       0       1       0                               0D0006434
     110    3223       0       0       0       0       0       000010000D0006435
     110       0       0       1       0                               0D0006436
     110    3224       0       0       0       0       0       000010000D0006437
     110       0       0       1       0                               0D0006438
     144    3225       0       0       0       0       0       000020000D0006439
     144       0       0       1       0                               0D0006440
     108    3226       0       0       0       0       0       000010000D0006441
     108       0       0       1       0                               0D0006442
     142    3227       0       0       0       0       0       000010500D0006443
     142       0       0       1       0                               0D0006444
     102    3228       0       0       0       0       0       000010000D0006445
     102       0       0       1       0                               0D0006446
     110    3229       0       0       0       0       0       000010000D0006447
     110       0       0       1       0                               0D0006448
     110    3230       0       0       0       0       0       000010000D0006449
     110       0       0       1       0                               0D0006450
     110    3231       0       0       0       0       0       000010000D0006451
     110       0       0       1       0                               0D0006452
     110    3232       0       0       0       0       0       000010000D0006453
     110       0       0       1       0                               0D0006454
     144    3233       0       0       0       0       0       000020000D0006455
     144       0       0       1       0                               0D0006456
     108    3234       0       0       0       0       0       000010000D0006457
     108       0       0       1       0                               0D0006458
     142    3235       0       0       0       0       0       000010500D0006459
     142       0       0       1       0                               0D0006460
     102    3236       0       0       0       0       0       000010000D0006461
     102       0       0       1       0                               0D0006462
     110    3237       0       0       0       0       0       000010000D0006463
     110       0       0       1       0                               0D0006464
     110    3238       0       0       0       0       0       000010000D0006465
     110       0       0       1       0                               0D0006466
     110    3239       0       0       0       0       0       000010000D0006467
     110       0       0       1       0                               0D0006468
     110    3240       0       0       0       0       0       000010000D0006469
     110       0       0       1       0                               0D0006470
     402    3241       0       0       0       0       0       000020000D0006471
     402       0       0       1       1                               0D0006472
     144    3242       0       0       0       0       0       000020000D0006473
     144       0       0       1       0                               0D0006474
     108    3243       0       0       0       0       0       000010000D0006475
     108       0       0       1       0                               0D0006476
     142    3244       0       0       0       0       0       000010500D0006477
     142       0       0       1       0                               0D0006478
     102    3245       0       0       0       0       0       000010000D0006479
     102       0       0       1       0                               0D0006480
     110    3246       0       0       0       0       0       000010000D0006481
     110       0       0       1       0                               0D0006482
     110    3247       0       0       0       0       0       000010000D0006483
     110       0       0       1       0                               0D0006484
     110    3248       0       0       0       0       0       000010000D0006485
     110       0       0       1       0                               0D0006486
     110    3249       0       0       0       0       0       000010000D0006487
     110       0       0       1       0                               0D0006488
     144    3250       0       0       0       0       0       000020000D0006489
     144       0       0       1       0                               0D0006490
     108    3251       0       0       0       0       0       000010000D0006491
     108       0       0       1       0                               0D0006492
     142    3252       0       0       0       0       0       000010500D0006493
     142       0       0       1       0                               0D0006494
     102    3253       0       0       0       0       0       000010000D0006495
     102       0       0       1       0                               0D0006496
     110    3254       0       0       0       0       0       000010000D0006497
     110       0       0       1       0                               0D0006498
     110    3255       0       0       0       0       0       000010000D0006499
     110       0       0       1       0                               0D0006500
     110    3256       0       0       0       0       0       000010000D0006501
     110       0       0       1       0                               0D0006502
     110    3257       0       0       0       0       0       000010000D0006503
     110       0       0       1       0                               0D0006504
     144    3258       0       0       0       0       0       000020000D0006505
     144       0       0       1       0                               0D0006506
     108    3259       0       0       0       0       0       000010000D0006507
     108       0       0       1       0                               0D0006508
     142    3260       0       0       0       0       0       000010500D0006509
     142       0       0       1       0                               0D0006510
     102    3261       0       0       0       0       0       000010000D0006511
     102       0       0       1       0                               0D0006512
     110    3262       0       0       0       0       0       000010000D0006513
     110       0       0       1       0                               0D0006514
     110    3263       0       0       0       0       0       000010000D0006515
     110       0       0       1       0                               0D0006516
     110    3264       0       0       0       0       0       000010000D0006517
     110       0       0       1       0                               0D0006518
     110    3265       0       0       0       0       0       000010000D0006519
     110       0       0       1       0                               0D0006520
     144    3266       0       0       0       0       0       000020000D0006521
     144       0       0       1       0                               0D0006522
     108    3267       0       0       0       0       0       000010000D0006523
     108       0       0       1       0                               0D0006524
     142    3268       0       0       0       0       0       000010500D0006525
     142       0       0       1       0                               0D0006526
     102    3269       0       0       0       0       0       000010000D0006527
     102       0       0       1       0                               0D0006528
     110    3270       0       0       0       0       0       000010000D0006529
     110       0       0       1       0                               0D0006530
     110    3271       0       0       0       0       0       000010000D0006531
     110       0       0       1       0                               0D0006532
     110    3272       0       0       0       0       0       000010000D0006533
     110       0       0       1       0                               0D0006534
     110    3273       0       0       0       0       0       000010000D0006535
     110       0       0       1       0                               0D0006536
     144    3274       0       0       0       0       0       000020000D0006537
     144       0       0       1       0                               0D0006538
     108    3275       0       0       0       0       0       000010000D0006539
     108       0       0       1       0                               0D0006540
     142    3276       0       0       0       0       0       000010500D0006541
     142       0       0       1       0                               0D0006542
     102    3277       0       0       0       0       0       000010000D0006543
     102       0       0       1       0                               0D0006544
     110    3278       0       0       0       0       0       000010000D0006545
     110       0       0       1       0                               0D0006546
     110    3279       0       0       0       0       0       000010000D0006547
     110       0       0       1       0                               0D0006548
     110    3280       0       0       0       0       0       000010000D0006549
     110       0       0       1       0                               0D0006550
     110    3281       0       0       0       0       0       000010000D0006551
     110       0       0       1       0                               0D0006552
     144    3282       0       0       0       0       0       000020000D0006553
     144       0       0       1       0                               0D0006554
     108    3283       0       0       0       0       0       000010000D0006555
     108       0       0       1       0                               0D0006556
     142    3284       0       0       0       0       0       000010500D0006557
     142       0       0       1       0                               0D0006558
     102    3285       0       0       0       0       0       000010000D0006559
     102       0       0       1       0                               0D0006560
     110    3286       0       0       0       0       0       000010000D0006561
     110       0       0       1       0                               0D0006562
     110    3287       0       0       0       0       0       000010000D0006563
     110       0       0       1       0                               0D0006564
     110    3288       0       0       0       0       0       000010000D0006565
     110       0       0       1       0                               0D0006566
     110    3289       0       0       0       0       0       000010000D0006567
     110       0       0       1       0                               0D0006568
     402    3290       0       0       0       0       0       000020000D0006569
     402       0       0       1       1                               0D0006570
     144    3291       0       0       0       0       0       000020000D0006571
     144       0       0       1       0                               0D0006572
     108    3292       0       0       0       0       0       000010000D0006573
     108       0       0       1       0                               0D0006574
     142    3293       0       0       0       0       0       000010500D0006575
     142       0       0       1       0                               0D0006576
     102    3294       0       0       0       0       0       000010000D0006577
     102       0       0       1       0                               0D0006578
     110    3295       0       0       0       0       0       000010000D0006579
     110       0       0       1       0                               0D0006580
     110    3296       0       0       0       0       0       000010000D0006581
     110       0       0       1       0                               0D0006582
     110    3297       0       0       0       0       0       000010000D0006583
     110       0       0       1       0                               0D0006584
     110    3298       0       0       0       0       0       000010000D0006585
     110       0       0       1       0                               0D0006586
     144    3299       0       0       0       0       0       000020000D0006587
     144       0       0       1       0                               0D0006588
     108    3300       0       0       0       0       0       000010000D0006589
     108       0       0       1       0                               0D0006590
     142    3301       0       0       0       0       0       000010500D0006591
     142       0       0       1       0                               0D0006592
     102    3302       0       0       0       0       0       000010000D0006593
     102       0       0       1       0                               0D0006594
     110    3303       0       0       0       0       0       000010000D0006595
     110       0       0       1       0                               0D0006596
     110    3304       0       0       0       0       0       000010000D0006597
     110       0       0       1       0                               0D0006598
     110    3305       0       0       0       0       0       000010000D0006599
     110       0       0       1       0                               0D0006600
     110    3306       0       0       0       0       0       000010000D0006601
     110       0       0       1       0                               0D0006602
     144    3307       0       0       0       0       0       000020000D0006603
     144       0       0       1       0                               0D0006604
     108    3308       0       0       0       0       0       000010000D0006605
     108       0       0       1       0                               0D0006606
     142    3309       0       0       0       0       0       000010500D0006607
     142       0       0       1       0                               0D0006608
     102    3310       0       0       0       0       0       000010000D0006609
     102       0       0       1       0                               0D0006610
     110    3311       0       0       0       0       0       000010000D0006611
     110       0       0       1       0                               0D0006612
     110    3312       0       0       0       0       0       000010000D0006613
     110       0       0       1       0                               0D0006614
     110    3313       0       0       0       0       0       000010000D0006615
     110       0       0       1       0                               0D0006616
     110    3314       0       0       0       0       0       000010000D0006617
     110       0       0       1       0                               0D0006618
     144    3315       0       0       0       0       0       000020000D0006619
     144       0       0       1       0                               0D0006620
     108    3316       0       0       0       0       0       000010000D0006621
     108       0       0       1       0                               0D0006622
     142    3317       0       0       0       0       0       000010500D0006623
     142       0       0       1       0                               0D0006624
     102    3318       0       0       0       0       0       000010000D0006625
     102       0       0       1       0                               0D0006626
     110    3319       0       0       0       0       0       000010000D0006627
     110       0       0       1       0                               0D0006628
     110    3320       0       0       0       0       0       000010000D0006629
     110       0       0       1       0                               0D0006630
     110    3321       0       0       0       0       0       000010000D0006631
     110       0       0       1       0                               0D0006632
     110    3322       0       0       0       0       0       000010000D0006633
     110       0       0       1       0                               0D0006634
     144    3323       0       0       0       0       0       000020000D0006635
     144       0       0       1       0                               0D0006636
     108    3324       0       0       0       0       0       000010000D0006637
     108       0       0       1       0                               0D0006638
     142    3325       0       0       0       0       0       000010500D0006639
     142       0       0       1       0                               0D0006640
     102    3326       0       0       0       0       0       000010000D0006641
     102       0       0       1       0                               0D0006642
     110    3327       0       0       0       0       0       000010000D0006643
     110       0       0       1       0                               0D0006644
     110    3328       0       0       0       0       0       000010000D0006645
     110       0       0       1       0                               0D0006646
     110    3329       0       0       0       0       0       000010000D0006647
     110       0       0       1       0                               0D0006648
     110    3330       0       0       0       0       0       000010000D0006649
     110       0       0       1       0                               0D0006650
     144    3331       0       0       0       0       0       000020000D0006651
     144       0       0       1       0                               0D0006652
     108    3332       0       0       0       0       0       000010000D0006653
     108       0       0       1       0                               0D0006654
     142    3333       0       0       0       0       0       000010500D0006655
     142       0       0       1       0                               0D0006656
     102    3334       0       0       0       0       0       000010000D0006657
     102       0       0       1       0                               0D0006658
     110    3335       0       0       0       0       0       000010000D0006659
     110       0       0       1       0                               0D0006660
     110    3336       0       0       0       0       0       000010000D0006661
     110       0       0       1       0                               0D0006662
     110    3337       0       0       0       0       0       000010000D0006663
     110       0       0       1       0                               0D0006664
     110    3338       0       0       0       0       0       000010000D0006665
     110       0       0       1       0                               0D0006666
     402    3339       0       0       0       0       0       000020000D0006667
     402       0       0       1       1                               0D0006668
     144    3340       0       0       0       0       0       000020000D0006669
     144       0       0       1       0                               0D0006670
     108    3341       0       0       0       0       0       000010000D0006671
     108       0       0       1       0                               0D0006672
     142    3342       0       0       0       0       0       000010500D0006673
     142       0       0       1       0                               0D0006674
     102    3343       0       0       0       0       0       000010000D0006675
     102       0       0       1       0                               0D0006676
     110    3344       0       0       0       0       0       000010000D0006677
     110       0       0       1       0                               0D0006678
     110    3345       0       0       0       0       0       000010000D0006679
     110       0       0       1       0                               0D0006680
     110    3346       0       0       0       0       0       000010000D0006681
     110       0       0       1       0                               0D0006682
     110    3347       0       0       0       0       0       000010000D0006683
     110       0       0       1       0                               0D0006684
     144    3348       0       0       0       0       0       000020000D0006685
     144       0       0       1       0                               0D0006686
     108    3349       0       0       0       0       0       000010000D0006687
     108       0       0       1       0                               0D0006688
     142    3350       0       0       0       0       0       000010500D0006689
     142       0       0       1       0                               0D0006690
     102    3351       0       0       0       0       0       000010000D0006691
     102       0       0       1       0                               0D0006692
     110    3352       0       0       0       0       0       000010000D0006693
     110       0       0       1       0                               0D0006694
     110    3353       0       0       0       0       0       000010000D0006695
     110       0       0       1       0                               0D0006696
     110    3354       0       0       0       0       0       000010000D0006697
     110       0       0       1       0                               0D0006698
     110    3355       0       0       0       0       0       000010000D0006699
     110       0       0       1       0                               0D0006700
     144    3356       0       0       0       0       0       000020000D0006701
     144       0       0       1       0                               0D0006702
     108    3357       0       0       0       0       0       000010000D0006703
     108       0       0       1       0                               0D0006704
     142    3358       0       0       0       0       0       000010500D0006705
     142       0       0       1       0                               0D0006706
     102    3359       0       0       0       0       0       000010000D0006707
     102       0       0       1       0                               0D0006708
     110    3360       0       0       0       0       0       000010000D0006709
     110       0       0       1       0                               0D0006710
     110    3361       0       0       0       0       0       000010000D0006711
     110       0       0       1       0                               0D0006712
     110    3362       0       0       0       0       0       000010000D0006713
     110       0       0       1       0                               0D0006714
     110    3363       0       0       0       0       0       000010000D0006715
     110       0       0       1       0                               0D0006716
     144    3364       0       0       0       0       0       000020000D0006717
     144       0       0       1       0                               0D0006718
     108    3365       0       0       0       0       0       000010000D0006719
     108       0       0       1       0                               0D0006720
     142    3366       0       0       0       0       0       000010500D0006721
     142       0       0       1       0                               0D0006722
     102    3367       0       0       0       0       0       000010000D0006723
     102       0       0       1       0                               0D0006724
     110    3368       0       0       0       0       0       000010000D0006725
     110       0       0       1       0                               0D0006726
     110    3369       0       0       0       0       0       000010000D0006727
     110       0       0       1       0                               0D0006728
     110    3370       0       0       0       0       0       000010000D0006729
     110       0       0       1       0                               0D0006730
     110    3371       0       0       0       0       0       000010000D0006731
     110       0       0       1       0                               0D0006732
     144    3372       0       0       0       0       0       000020000D0006733
     144       0       0       1       0                               0D0006734
     108    3373       0       0       0       0       0       000010000D0006735
     108       0       0       1       0                               0D0006736
     142    3374       0       0       0       0       0       000010500D0006737
     142       0       0       1       0                               0D0006738
     102    3375       0       0       0       0       0       000010000D0006739
     102       0       0       1       0                               0D0006740
     110    3376       0       0       0       0       0       000010000D0006741
     110       0       0       1       0                               0D0006742
     110    3377       0       0       0       0       0       000010000D0006743
     110       0       0       1       0                               0D0006744
     110    3378       0       0       0       0       0       000010000D0006745
     110       0       0       1       0                               0D0006746
     110    3379       0       0       0       0       0       000010000D0006747
     110       0       0       1       0                               0D0006748
     144    3380       0       0       0       0       0       000020000D0006749
     144       0       0       1       0                               0D0006750
     108    3381       0       0       0       0       0       000010000D0006751
     108       0       0       1       0                               0D0006752
     142    3382       0       0       0       0       0       000010500D0006753
     142       0       0       1       0                               0D0006754
     102    3383       0       0       0       0       0       000010000D0006755
     102       0       0       1       0                               0D0006756
     110    3384       0       0       0       0       0       000010000D0006757
     110       0       0       1       0                               0D0006758
     110    3385       0       0       0       0       0       000010000D0006759
     110       0       0       1       0                               0D0006760
     110    3386       0       0       0       0       0       000010000D0006761
     110       0       0       1       0                               0D0006762
     110    3387       0       0       0       0       0       000010000D0006763
     110       0       0       1       0                               0D0006764
     402    3388       0       0       0       0       0       000020000D0006765
     402       0       0       1       1                               0D0006766
     144    3389       0       0       0       0       0       000020000D0006767
     144       0       0       1       0                               0D0006768
     108    3390       0       0       0       0       0       000010000D0006769
     108       0       0       1       0                               0D0006770
     142    3391       0       0       0       0       0       000010500D0006771
     142       0       0       1       0                               0D0006772
     102    3392       0       0       0       0       0       000010000D0006773
     102       0       0       1       0                               0D0006774
     110    3393       0       0       0       0       0       000010000D0006775
     110       0       0       1       0                               0D0006776
     110    3394       0       0       0       0       0       000010000D0006777
     110       0       0       1       0                               0D0006778
     110    3395       0       0       0       0       0       000010000D0006779
     110       0       0       1       0                               0D0006780
     110    3396       0       0       0       0       0       000010000D0006781
     110       0       0       1       0                               0D0006782
     144    3397       0       0       0       0       0       000020000D0006783
     144       0       0       1       0                               0D0006784
     108    3398       0       0       0       0       0       000010000D0006785
     108       0       0       1       0                               0D0006786
     142    3399       0       0       0       0       0       000010500D0006787
     142       0       0       1       0                               0D0006788
     102    3400       0       0       0       0       0       000010000D0006789
     102       0       0       1       0                               0D0006790
     110    3401       0       0       0       0       0       000010000D0006791
     110       0       0       1       0                               0D0006792
     110    3402       0       0       0       0       0       000010000D0006793
     110       0       0       1       0                               0D0006794
     110    3403       0       0       0       0       0       000010000D0006795
     110       0       0       1       0                               0D0006796
     110    3404       0       0       0       0       0       000010000D0006797
     110       0       0       1       0                               0D0006798
     144    3405       0       0       0       0       0       000020000D0006799
     144       0       0       1       0                               0D0006800
     108    3406       0       0       0       0       0       000010000D0006801
     108       0       0       1       0                               0D0006802
     142    3407       0       0       0       0       0       000010500D0006803
     142       0       0       1       0                               0D0006804
     102    3408       0       0       0       0       0       000010000D0006805
     102       0       0       1       0                               0D0006806
     110    3409       0       0       0       0       0       000010000D0006807
     110       0       0       1       0                               0D0006808
     110    3410       0       0       0       0       0       000010000D0006809
     110       0       0       1       0                               0D0006810
     110    3411       0       0       0       0       0       000010000D0006811
     110       0       0       1       0                               0D0006812
     110    3412       0       0       0       0       0       000010000D0006813
     110       0       0       1       0                               0D0006814
     144    3413       0       0       0       0       0       000020000D0006815
     144       0       0       1       0                               0D0006816
     108    3414       0       0       0       0       0       000010000D0006817
     108       0       0       1       0                               0D0006818
     142    3415       0       0       0       0       0       000010500D0006819
     142       0       0       1       0                               0D0006820
     102    3416       0       0       0       0       0       000010000D0006821
     102       0       0       1       0                               0D0006822
     110    3417       0       0       0       0       0       000010000D0006823
     110       0       0       1       0                               0D0006824
     110    3418       0       0       0       0       0       000010000D0006825
     110       0       0       1       0                               0D0006826
     110    3419       0       0       0       0       0       000010000D0006827
     110       0       0       1       0                               0D0006828
     110    3420       0       0       0       0       0       000010000D0006829
     110       0       0       1       0                               0D0006830
     144    3421       0       0       0       0       0       000020000D0006831
     144       0       0       1       0                               0D0006832
     108    3422       0       0       0       0       0       000010000D0006833
     108       0       0       1       0                               0D0006834
     142    3423       0       0       0       0       0       000010500D0006835
     142       0       0       1       0                               0D0006836
     102    3424       0       0       0       0       0       000010000D0006837
     102       0       0       1       0                               0D0006838
     110    3425       0       0       0       0       0       000010000D0006839
     110       0       0       1       0                               0D0006840
     110    3426       0       0       0       0       0       000010000D0006841
     110       0       0       1       0                               0D0006842
     110    3427       0       0       0       0       0       000010000D0006843
     110       0       0       1       0                               0D0006844
     110    3428       0       0       0       0       0       000010000D0006845
     110       0       0       1       0                               0D0006846
     144    3429       0       0       0       0       0       000020000D0006847
     144       0       0       1       0                               0D0006848
     108    3430       0       0       0       0       0       000010000D0006849
     108       0       0       1       0                               0D0006850
     142    3431       0       0       0       0       0       000010500D0006851
     142       0       0       1       0                               0D0006852
     102    3432       0       0       0       0       0       000010000D0006853
     102       0       0       1       0                               0D0006854
     110    3433       0       0       0       0       0       000010000D0006855
     110       0       0       1       0                               0D0006856
     110    3434       0       0       0       0       0       000010000D0006857
     110       0       0       1       0                               0D0006858
     110    3435       0       0       0       0       0       000010000D0006859
     110       0       0       1       0                               0D0006860
     110    3436       0       0       0       0       0       000010000D0006861
     110       0       0       1       0                               0D0006862
     402    3437       0       0       0       0       0       000020000D0006863
     402       0       0       1       1                               0D0006864
     144    3438       0       0       0       0       0       000020000D0006865
     144       0       0       1       0                               0D0006866
     108    3439       0       0       0       0       0       000010000D0006867
     108       0       0       1       0                               0D0006868
     142    3440       0       0       0       0       0       000010500D0006869
     142       0       0       1       0                               0D0006870
     102    3441       0       0       0       0       0       000010000D0006871
     102       0       0       1       0                               0D0006872
     110    3442       0       0       0       0       0       000010000D0006873
     110       0       0       1       0                               0D0006874
     110    3443       0       0       0       0       0       000010000D0006875
     110       0       0       1       0                               0D0006876
     110    3444       0       0       0       0       0       000010000D0006877
     110       0       0       1       0                               0D0006878
     110    3445       0       0       0       0       0       000010000D0006879
     110       0       0       1       0                               0D0006880
     144    3446       0       0       0       0       0       000020000D0006881
     144       0       0       1       0                               0D0006882
     108    3447       0       0       0       0       0       000010000D0006883
     108       0       0       1       0                               0D0006884
     142    3448       0       0       0       0       0       000010500D0006885
     142       0       0       1       0                               0D0006886
     102    3449       0       0       0       0       0       000010000D0006887
     102       0       0       1       0                               0D0006888
     110    3450       0       0       0       0       0       000010000D0006889
     110       0       0       1       0                               0D0006890
     110    3451       0       0       0       0       0       000010000D0006891
     110       0       0       1       0                               0D0006892
     110    3452       0       0       0       0       0       000010000D0006893
     110       0       0       1       0                               0D0006894
     110    3453       0       0       0       0       0       000010000D0006895
     110       0       0       1       0                               0D0006896
     144    3454       0       0       0       0       0       000020000D0006897
     144       0       0       1       0                               0D0006898
     108    3455       0       0       0       0       0       000010000D0006899
     108       0       0       1       0                               0D0006900
     142    3456       0       0       0       0       0       000010500D0006901
     142       0       0       1       0                               0D0006902
     102    3457       0       0       0       0       0       000010000D0006903
     102       0       0       1       0                               0D0006904
     110    3458       0       0       0       0       0       000010000D0006905
     110       0       0       1       0                               0D0006906
     110    3459       0       0       0       0       0       000010000D0006907
     110       0       0       1       0                               0D0006908
     110    3460       0       0       0       0       0       000010000D0006909
     110       0       0       1       0                               0D0006910
     110    3461       0       0       0       0       0       000010000D0006911
     110       0       0       1       0                               0D0006912
     144    3462       0       0       0       0       0       000020000D0006913
     144       0       0       1       0                               0D0006914
     108    3463       0       0       0       0       0       000010000D0006915
     108       0       0       1       0                               0D0006916
     142    3464       0       0       0       0       0       000010500D0006917
     142       0       0       1       0                               0D0006918
     102    3465       0       0       0       0       0       000010000D0006919
     102       0       0       1       0                               0D0006920
     110    3466       0       0       0       0       0       000010000D0006921
     110       0       0       1       0                               0D0006922
     110    3467       0       0       0       0       0       000010000D0006923
     110       0       0       1       0                               0D0006924
     110    3468       0       0       0       0       0       000010000D0006925
     110       0       0       1       0                               0D0006926
     110    3469       0       0       0       0       0       000010000D0006927
     110       0       0       1       0                               0D0006928
     144    3470       0       0       0       0       0       000020000D0006929
     144       0       0       1       0                               0D0006930
     108    3471       0       0       0       0       0       000010000D0006931
     108       0       0       1       0                               0D0006932
     142    3472       0       0       0       0       0       000010500D0006933
     142       0       0       1       0                               0D0006934
     102    3473       0       0       0       0       0       000010000D0006935
     102       0       0       1       0                               0D0006936
     110    3474       0       0       0       0       0       000010000D0006937
     110       0       0       1       0                               0D0006938
     110    3475       0       0       0       0       0       000010000D0006939
     110       0       0       1       0                               0D0006940
     110    3476       0       0       0       0       0       000010000D0006941
     110       0       0       1       0                               0D0006942
     110    3477       0       0       0       0       0       000010000D0006943
     110       0       0       1       0                               0D0006944
     144    3478       0       0       0       0       0       000020000D0006945
     144       0       0       1       0                               0D0006946
     108    3479       0       0       0       0       0       000010000D0006947
     108       0       0       1       0                               0D0006948
     142    3480       0       0       0       0       0       000010500D0006949
     142       0       0       1       0                               0D0006950
     102    3481       0       0       0       0       0       000010000D0006951
     102       0       0       1       0                               0D0006952
     110    3482       0       0       0       0       0       000010000D0006953
     110       0       0       1       0                               0D0006954
     110    3483       0       0       0       0       0       000010000D0006955
     110       0       0       1       0                               0D0006956
     110    3484       0       0       0       0       0       000010000D0006957
     110       0       0       1       0                               0D0006958
     110    3485       0       0       0       0       0       000010000D0006959
     110       0       0       1       0                               0D0006960
     402    3486       0       0       0       0       0       000020000D0006961
     402       0       0       1       1                               0D0006962
     144    3487       0       0       0       0       0       000020000D0006963
     144       0       0       1       0                               0D0006964
     108    3488       0       0       0       0       0       000010000D0006965
     108       0       0       1       0                               0D0006966
     142    3489       0       0       0       0       0       000010500D0006967
     142       0       0       1       0                               0D0006968
     102    3490       0       0       0       0       0       000010000D0006969
     102       0       0       1       0                               0D0006970
     110    3491       0       0       0       0       0       000010000D0006971
     110       0       0       1       0                               0D0006972
     110    3492       0       0       0       0       0       000010000D0006973
     110       0       0       1       0                               0D0006974
     110    3493       0       0       0       0       0       000010000D0006975
     110       0       0       1       0                               0D0006976
     110    3494       0       0       0       0       0       000010000D0006977
     110       0       0       1       0                               0D0006978
     144    3495       0       0       0       0       0       000020000D0006979
     144       0       0       1       0                               0D0006980
     108    3496       0       0       0       0       0       000010000D0006981
     108       0       0       1       0                               0D0006982
     142    3497       0       0       0       0       0       000010500D0006983
     142       0       0       1       0                               0D0006984
     102    3498       0       0       0       0       0       000010000D0006985
     102       0       0       1       0                               0D0006986
     110    3499       0       0       0       0       0       000010000D0006987
     110       0       0       1       0                               0D0006988
     110    3500       0       0       0       0       0       000010000D0006989
     110       0       0       1       0                               0D0006990
     110    3501       0       0       0       0       0       000010000D0006991
     110       0       0       1       0                               0D0006992
     110    3502       0       0       0       0       0       000010000D0006993
     110       0       0       1       0                               0D0006994
     144    3503       0       0       0       0       0       000020000D0006995
     144       0       0       1       0                               0D0006996
     108    3504       0       0       0       0       0       000010000D0006997
     108       0       0       1       0                               0D0006998
     142    3505       0       0       0       0       0       000010500D0006999
     142       0       0       1       0                               0D0007000
     102    3506       0       0       0       0       0       000010000D0007001
     102       0       0       1       0                               0D0007002
     110    3507       0       0       0       0       0       000010000D0007003
     110       0       0       1       0                               0D0007004
     110    3508       0       0       0       0       0       000010000D0007005
     110       0       0       1       0                               0D0007006
     110    3509       0       0       0       0       0       000010000D0007007
     110       0       0       1       0                               0D0007008
     110    3510       0       0       0       0       0       000010000D0007009
     110       0       0       1       0                               0D0007010
     144    3511       0       0       0       0       0       000020000D0007011
     144       0       0       1       0                               0D0007012
     108    3512       0       0       0       0       0       000010000D0007013
     108       0       0       1       0                               0D0007014
     142    3513       0       0       0       0       0       000010500D0007015
     142       0       0       1       0                               0D0007016
     102    3514       0       0       0       0       0       000010000D0007017
     102       0       0       1       0                               0D0007018
     110    3515       0       0       0       0       0       000010000D0007019
     110       0       0       1       0                               0D0007020
     110    3516       0       0       0       0       0       000010000D0007021
     110       0       0       1       0                               0D0007022
     110    3517       0       0       0       0       0       000010000D0007023
     110       0       0       1       0                               0D0007024
     110    3518       0       0       0       0       0       000010000D0007025
     110       0       0       1       0                               0D0007026
     144    3519       0       0       0       0       0       000020000D0007027
     144       0       0       1       0                               0D0007028
     108    3520       0       0       0       0       0       000010000D0007029
     108       0       0       1       0                               0D0007030
     142    3521       0       0       0       0       0       000010500D0007031
     142       0       0       1       0                               0D0007032
     102    3522       0       0       0       0       0       000010000D0007033
     102       0       0       1       0                               0D0007034
     110    3523       0       0       0       0       0       000010000D0007035
     110       0       0       1       0                               0D0007036
     110    3524       0       0       0       0       0       000010000D0007037
     110       0       0       1       0                               0D0007038
     110    3525       0       0       0       0       0       000010000D0007039
     110       0       0       1       0                               0D0007040
     110    3526       0       0       0       0       0       000010000D0007041
     110       0       0       1       0                               0D0007042
     144    3527       0       0       0       0       0       000020000D0007043
     144       0       0       1       0                               0D0007044
     108    3528       0       0       0       0       0       000010000D0007045
     108       0       0       1       0                               0D0007046
     142    3529       0       0       0       0       0       000010500D0007047
     142       0       0       1       0                               0D0007048
     102    3530       0       0       0       0       0       000010000D0007049
     102       0       0       1       0                               0D0007050
     110    3531       0       0       0       0       0       000010000D0007051
     110       0       0       1       0                               0D0007052
     110    3532       0       0       0       0       0       000010000D0007053
     110       0       0       1       0                               0D0007054
     110    3533       0       0       0       0       0       000010000D0007055
     110       0       0       1       0                               0D0007056
     110    3534       0       0       0       0       0       000010000D0007057
     110       0       0       1       0                               0D0007058
     402    3535       0       0       0       0       0       000020000D0007059
     402       0       0       1       1                               0D0007060
     144    3536       0       0       0       0       0       000020000D0007061
     144       0       0       1       0                               0D0007062
     108    3537       0       0       0       0       0       000010000D0007063
     108       0       0       1       0                               0D0007064
     142    3538       0       0       0       0       0       000010500D0007065
     142       0       0       1       0                               0D0007066
     102    3539       0       0       0       0       0       000010000D0007067
     102       0       0       1       0                               0D0007068
     110    3540       0       0       0       0       0       000010000D0007069
     110       0       0       1       0                               0D0007070
     110    3541       0       0       0       0       0       000010000D0007071
     110       0       0       1       0                               0D0007072
     110    3542       0       0       0       0       0       000010000D0007073
     110       0       0       1       0                               0D0007074
     110    3543       0       0       0       0       0       000010000D0007075
     110       0       0       1       0                               0D0007076
     144    3544       0       0       0       0       0       000020000D0007077
     144       0       0       1       0                               0D0007078
     108    3545       0       0       0       0       0       000010000D0007079
     108       0       0       1       0                               0D0007080
     142    3546       0       0       0       0       0       000010500D0007081
     142       0       0       1       0                               0D0007082
     102    3547       0       0       0       0       0       000010000D0007083
     102       0       0       1       0                               0D0007084
     110    3548       0       0       0       0       0       000010000D0007085
     110       0       0       1       0                               0D0007086
     110    3549       0       0       0       0       0       000010000D0007087
     110       0       0       1       0                               0D0007088
     110    3550       0       0       0       0       0       000010000D0007089
     110       0       0       1       0                               0D0007090
     110    3551       0       0       0       0       0       000010000D0007091
     110       0       0       1       0                               0D0007092
     144    3552       0       0       0       0       0       000020000D0007093
     144       0       0       1       0                               0D0007094
     108    3553       0       0       0       0       0       000010000D0007095
     108       0       0       1       0                               0D0007096
     142    3554       0       0       0       0       0       000010500D0007097
     142       0       0       1       0                               0D0007098
     102    3555       0       0       0       0       0       000010000D0007099
     102       0       0       1       0                               0D0007100
     110    3556       0       0       0       0       0       000010000D0007101
     110       0       0       1       0                               0D0007102
     110    3557       0       0       0       0       0       000010000D0007103
     110       0       0       1       0                               0D0007104
     110    3558       0       0       0       0       0       000010000D0007105
     110       0       0       1       0                               0D0007106
     110    3559       0       0       0       0       0       000010000D0007107
     110       0       0       1       0                               0D0007108
     144    3560       0       0       0       0       0       000020000D0007109
     144       0       0       1       0                               0D0007110
     108    3561       0       0       0       0       0       000010000D0007111
     108       0       0       1       0                               0D0007112
     142    3562       0       0       0       0       0       000010500D0007113
     142       0       0       1       0                               0D0007114
     102    3563       0       0       0       0       0       000010000D0007115
     102       0       0       1       0                               0D0007116
     110    3564       0       0       0       0       0       000010000D0007117
     110       0       0       1       0                               0D0007118
     110    3565       0       0       0       0       0       000010000D0007119
     110       0       0       1       0                               0D0007120
     110    3566       0       0       0       0       0       000010000D0007121
     110       0       0       1       0                               0D0007122
     110    3567       0       0       0       0       0       000010000D0007123
     110       0       0       1       0                               0D0007124
     144    3568       0       0       0       0       0       000020000D0007125
     144       0       0       1       0                               0D0007126
     108    3569       0       0       0       0       0       000010000D0007127
     108       0       0       1       0                               0D0007128
     142    3570       0       0       0       0       0       000010500D0007129
     142       0       0       1       0                               0D0007130
     102    3571       0       0       0       0       0       000010000D0007131
     102       0       0       1       0                               0D0007132
     110    3572       0       0       0       0       0       000010000D0007133
     110       0       0       1       0                               0D0007134
     110    3573       0       0       0       0       0       000010000D0007135
     110       0       0       1       0                               0D0007136
     110    3574       0       0       0       0       0       000010000D0007137
     110       0       0       1       0                               0D0007138
     110    3575       0       0       0       0       0       000010000D0007139
     110       0       0       1       0                               0D0007140
     144    3576       0       0       0       0       0       000020000D0007141
     144       0       0       1       0                               0D0007142
     108    3577       0       0       0       0       0       000010000D0007143
     108       0       0       1       0                               0D0007144
     142    3578       0       0       0       0       0       000010500D0007145
     142       0       0       1       0                               0D0007146
     102    3579       0       0       0       0       0       000010000D0007147
     102       0       0       1       0                               0D0007148
     110    3580       0       0       0       0       0       000010000D0007149
     110       0       0       1       0                               0D0007150
     110    3581       0       0       0       0       0       000010000D0007151
     110       0       0       1       0                               0D0007152
     110    3582       0       0       0       0       0       000010000D0007153
     110       0       0       1       0                               0D0007154
     110    3583       0       0       0       0       0       000010000D0007155
     110       0       0       1       0                               0D0007156
402,73,3,101,199,297,395,493,591,689,787,885,983,1081,1179,1277, 0000001P0000001
1375,1473,1571,1669,1767,1865,1963,2061,2159,2257,2355,2453,     0000001P0000002
2551,2649,2747,2845,2943,3041,3139,3237,3335,3433,3531,3629,     0000001P0000003
3727,3825,3923,4021,4119,4217,4315,4413,4511,4609,4707,4805,     0000001P0000004
4903,5001,5099,5197,5295,5393,5491,5589,5687,5785,5883,5981,     0000001P0000005
6079,6177,6275,6373,6471,6569,6667,6765,6863,6961,7059;          0000001P0000006
402,6,5,21,37,53,69,85;                                          0000003P0000007
144,7,1,0,9;                                                     0000005P0000008
108,-1.,-0.,-0.,25.,0,-25.,-25.,0.,0.;                           0000007P0000009
142,0,7,0,11,2;                                                  0000009P0000010
102,4,13,15,17,19;                                               0000011P0000011
110,-25.,775.,0.,-25.,-25.,0.;                                   0000013P0000012
110,-25.,-25.,0.,-25.,-25.,3.;                                   0000015P0000013
110,-25.,-25.,3.,-25.,775.,3.;                                   0000017P0000014
110,-25.,775.,3.,-25.,775.,0.;                                   0000019P0000015
144,23,1,0,25;                                                   0000021P0000016
108,1.,0.,0.,775.,0,775.,-25.,0.,0.;                             0000023P0000017
142,0,23,0,27,2;                                                 0000025P0000018
102,4,29,31,33,35;                                               0000027P0000019
110,775.,-25.,3.,775.,-25.,0.;                                   0000029P0000020
110,775.,-25.,0.,775.,775.,0.;                                   0000031P0000021
110,775.,775.,0.,775.,775.,3.;                                   0000033P0000022
110,775.,775.,3.,775.,-25.,3.;                                   0000035P0000023
144,39,1,0,41;                                                   0000037P0000024
108,-0.,-1.,-0.,25.,0,-25.,-25.,0.,0.;                           0000039P0000025
142,0,39,0,43,2;                                                 0000041P0000026
102,4,45,47,49,51;                                               0000043P0000027
110,-25.,-25.,3.,-25.,-25.,0.;                                   0000045P0000028
110,-25.,-25.,0.,775.,-25.,0.;                                   0000047P0000029
110,775.,-25.,0.,775.,-25.,3.;                                   0000049P0000030
110,775.,-25.,3.,-25.,-25.,3.;                                   0000051P0000031
144,55,1,0,57;                                                   0000053P0000032
108,0.,1.,0.,775.,0,-25.,775.,0.,0.;                             0000055P0000033
142,0,55,0,59,2;                                                 0000057P0000034
102,4,61,63,65,67;                                               0000059P0000035
110,775.,775.,0.,-25.,775.,0.;                                   0000061P0000036
110,-25.,775.,0.,-25.,775.,3.;                                   0000063P0000037
110,-25.,775.,3.,775.,775.,3.;                                   0000065P0000038
110,775.,775.,3.,775.,775.,0.;                                   0000067P0000039
144,71,1,0,73;                                                   0000069P0000040
108,-0.,-0.,-1.,0.,0,-25.,-25.,0.,0.;                            0000071P0000041
142,0,71,0,75,2;                                                 0000073P0000042
102,4,77,79,81,83;                                               0000075P0000043
110,775.,-25.,0.,-25.,-25.,0.;                                   0000077P0000044
110,-25.,-25.,0.,-25.,775.,0.;                                   0000079P0000045
110,-25.,775.,0.,775.,775.,0.;                                   0000081P0000046
110,775.,775.,0.,775.,-25.,0.;                                   0000083P0000047
144,87,1,0,89;                                                   0000085P0000048
108,0.,0.,1.,3.,0,-25.,-25.,3.,0.;                               0000087P0000049
142,0,87,0,91,2;                                                 0000089P0000050
102,4,93,95,97,99;                                               0000091P0000051
110,-25.,775.,3.,-25.,-25.,3.;                                   0000093P0000052
110,-25.,-25.,3.,775.,-25.,3.;                                   0000095P0000053
110,775.,-25.,3.,775.,775.,3.;                                   0000097P0000054
110,775.,775.,3.,-25.,775.,3.;                                   0000099P0000055
402,6,103,119,135,151,167,183;                                   0000101P0000056
144,105,1,0,107;                                                 0000103P0000057
108,-1.,-0.,-0.,25.,0,-25.,-25.,0.,0.;                           0000105P0000058
142,0,105,0,109,2;                                               0000107P0000059
102,4,111,113,115,117;                                           0000109P0000060
110,-25.,775.,0.,-25.,-25.,0.;                                   0000111P0000061
110,-25.,-25.,0.,-25.,-25.,300.;                                 0000113P0000062
110,-25.,-25.,300.,-25.,775.,300.;                               0000115P0000063
110,-25.,775.,300.,-25.,775.,0.;                                 0000117P0000064
144,121,1,0,123;                                                 0000119P0000065
108,1.,0.,0.,-22.,0,-22.,-25.,0.,0.;                             0000121P0000066
142,0,121,0,125,2;                                               0000123P0000067
102,4,127,129,131,133;                                           0000125P0000068
110,-22.,-25.,300.,-22.,-25.,0.;                                 0000127P0000069
110,-22.,-25.,0.,-22.,775.,0.;                                   0000129P0000070
110,-22.,775.,0.,-22.,775.,300.;                                 0000131P0000071
110,-22.,775.,300.,-22.,-25.,300.;                               0000133P0000072
144,137,1,0,139;                                                 0000135P0000073
108,-0.,-1.,-0.,25.,0,-25.,-25.,0.,0.;                           0000137P0000074
142,0,137,0,141,2;                                               0000139P0000075
102,4,143,145,147,149;                                           0000141P0000076
110,-25.,-25.,300.,-25.,-25.,0.;                                 0000143P0000077
110,-25.,-25.,0.,-22.,-25.,0.;                                   0000145P0000078
110,-22.,-25.,0.,-22.,-25.,300.;                                 0000147P0000079
110,-22.,-25.,300.,-25.,-25.,300.;                               0000149P0000080
144,153,1,0,155;                                                 0000151P0000081
108,0.,1.,0.,775.,0,-25.,775.,0.,0.;                             0000153P0000082
142,0,153,0,157,2;                                               0000155P0000083
102,4,159,161,163,165;                                           0000157P0000084
110,-22.,775.,0.,-25.,775.,0.;                                   0000159P0000085
110,-25.,775.,0.,-25.,775.,300.;                                 0000161P0000086
110,-25.,775.,300.,-22.,775.,300.;                               0000163P0000087
110,-22.,775.,300.,-22.,775.,0.;                                 0000165P0000088
144,169,1,0,171;                                                 0000167P0000089
108,-0.,-0.,-1.,0.,0,-25.,-25.,0.,0.;                            0000169P0000090
142,0,169,0,173,2;                                               0000171P0000091
102,4,175,177,179,181;                                           0000173P0000092
110,-22.,-25.,0.,-25.,-25.,0.;                                   0000175P0000093
110,-25.,-25.,0.,-25.,775.,0.;                                   0000177P0000094
110,-25.,775.,0.,-22.,775.,0.;                                   0000179P0000095
110,-22.,775.,0.,-22.,-25.,0.;                                   0000181P0000096
144,185,1,0,187;                                                 0000183P0000097
108,0.,0.,1.,300.,0,-25.,-25.,300.,0.;                           0000185P0000098
142,0,185,0,189,2;                                               0000187P0000099
102,4,191,193,195,197;                                           0000189P0000100
110,-25.,775.,300.,-25.,-25.,300.;                               0000191P0000101
110,-25.,-25.,300.,-22.,-25.,300.;                               0000193P0000102
110,-22.,-25.,300.,-22.,775.,300.;                               0000195P0000103
110,-22.,775.,300.,-25.,775.,300.;                               0000197P0000104
402,6,201,217,233,249,265,281;                                   0000199P0000105
144,203,1,0,205;                                                 0000201P0000106
108,-1.,-0.,-0.,-772.,0,772.,-25.,0.,0.;                         0000203P0000107
142,0,203,0,207,2;                                               0000205P0000108
102,4,209,211,213,215;                                           0000207P0000109
110,772.,775.,0.,772.,-25.,0.;                                   0000209P0000110
110,772.,-25.,0.,772.,-25.,300.;                                 0000211P0000111
110,772.,-25.,300.,772.,775.,300.;                               0000213P0000112
110,772.,775.,300.,772.,775.,0.;                                 0000215P0000113
144,219,1,0,221;                                                 0000217P0000114
108,1.,0.,0.,775.,0,775.,-25.,0.,0.;                             0000219P0000115
142,0,219,0,223,2;                                               0000221P0000116
102,4,225,227,229,231;                                           0000223P0000117
110,775.,-25.,300.,775.,-25.,0.;                                 0000225P0000118
110,775.,-25.,0.,775.,775.,0.;                                   0000227P0000119
110,775.,775.,0.,775.,775.,300.;                                 0000229P0000120
110,775.,775.,300.,775.,-25.,300.;                               0000231P0000121
144,235,1,0,237;                                                 0000233P0000122
108,-0.,-1.,-0.,25.,0,772.,-25.,0.,0.;                           0000235P0000123
142,0,235,0,239,2;                                               0000237P0000124
102,4,241,243,245,247;                                           0000239P0000125
110,772.,-25.,300.,772.,-25.,0.;                                 0000241P0000126
110,772.,-25.,0.,775.,-25.,0.;                                   0000243P0000127
110,775.,-25.,0.,775.,-25.,300.;                                 0000245P0000128
110,775.,-25.,300.,772.,-25.,300.;                               0000247P0000129
144,251,1,0,253;                                                 0000249P0000130
108,0.,1.,0.,775.,0,772.,775.,0.,0.;                             0000251P0000131
142,0,251,0,255,2;                                               0000253P0000132
102,4,257,259,261,263;                                           0000255P0000133
110,775.,775.,0.,772.,775.,0.;                                   0000257P0000134
110,772.,775.,0.,772.,775.,300.;                                 0000259P0000135
110,772.,775.,300.,775.,775.,300.;                               0000261P0000136
110,775.,775.,300.,775.,775.,0.;                                 0000263P0000137
144,267,1,0,269;                                                 0000265P0000138
108,-0.,-0.,-1.,0.,0,772.,-25.,0.,0.;                            0000267P0000139
142,0,267,0,271,2;                                               0000269P0000140
102,4,273,275,277,279;                                           0000271P0000141
110,775.,-25.,0.,772.,-25.,0.;                                   0000273P0000142
110,772.,-25.,0.,772.,775.,0.;                                   0000275P0000143
110,772.,775.,0.,775.,775.,0.;                                   0000277P0000144
110,775.,775.,0.,775.,-25.,0.;                                   0000279P0000145
144,283,1,0,285;                                                 0000281P0000146
108,0.,0.,1.,300.,0,772.,-25.,300.,0.;                           0000283P0000147
142,0,283,0,287,2;                                               0000285P0000148
102,4,289,291,293,295;                                           0000287P0000149
110,772.,775.,300.,772.,-25.,300.;                               0000289P0000150
110,772.,-25.,300.,775.,-25.,300.;                               0000291P0000151
110,775.,-25.,300.,775.,775.,300.;                               0000293P0000152
110,775.,775.,300.,772.,775.,300.;                               0000295P0000153
402,6,299,315,331,347,363,379;                                   0000297P0000154
144,301,1,0,303;                                                 0000299P0000155
108,-1.,-0.,-0.,25.,0,-25.,-25.,0.,0.;                           0000301P0000156
142,0,301,0,305,2;                                               0000303P0000157
102,4,307,309,311,313;                                           0000305P0000158
110,-25.,-22.,0.,-25.,-25.,0.;                                   0000307P0000159
110,-25.,-25.,0.,-25.,-25.,300.;                                 0000309P0000160
110,-25.,-25.,300.,-25.,-22.,300.;                               0000311P0000161
110,-25.,-22.,300.,-25.,-22.,0.;                                 0000313P0000162
144,317,1,0,319;                                                 0000315P0000163
108,1.,0.,0.,775.,0,775.,-25.,0.,0.;                             0000317P0000164
142,0,317,0,321,2;                                               0000319P0000165
102,4,323,325,327,329;                                           0000321P0000166
110,775.,-25.,300.,775.,-25.,0.;                                 0000323P0000167
110,775.,-25.,0.,775.,-22.,0.;                                   0000325P0000168
110,775.,-22.,0.,775.,-22.,300.;                                 0000327P0000169
110,775.,-22.,300.,775.,-25.,300.;                               0000329P0000170
144,333,1,0,335;                                                 0000331P0000171
108,-0.,-1.,-0.,25.,0,-25.,-25.,0.,0.;                           0000333P0000172
142,0,333,0,337,2;                                               0000335P0000173
102,4,339,341,343,345;                                           0000337P0000174
110,-25.,-25.,300.,-25.,-25.,0.;                                 0000339P0000175
110,-25.,-25.,0.,775.,-25.,0.;                                   0000341P0000176
110,775.,-25.,0.,775.,-25.,300.;                                 0000343P0000177
110,775.,-25.,300.,-25.,-25.,300.;                               0000345P0000178
144,349,1,0,351;                                                 0000347P0000179
108,0.,1.,0.,-22.,0,-25.,-22.,0.,0.;                             0000349P0000180
142,0,349,0,353,2;                                               0000351P0000181
102,4,355,357,359,361;                                           0000353P0000182
110,775.,-22.,0.,-25.,-22.,0.;                                   0000355P0000183
110,-25.,-22.,0.,-25.,-22.,300.;                                 0000357P0000184
110,-25.,-22.,300.,775.,-22.,300.;                               0000359P0000185
110,775.,-22.,300.,775.,-22.,0.;                                 0000361P0000186
144,365,1,0,367;                                                 0000363P0000187
108,-0.,-0.,-1.,0.,0,-25.,-25.,0.,0.;                            0000365P0000188
142,0,365,0,369,2;                                               0000367P0000189
102,4,371,373,375,377;                                           0000369P0000190
110,775.,-25.,0.,-25.,-25.,0.;                                   0000371P0000191
110,-25.,-25.,0.,-25.,-22.,0.;                                   0000373P0000192
110,-25.,-22.,0.,775.,-22.,0.;                                   0000375P0000193
110,775.,-22.,0.,775.,-25.,0.;                                   0000377P0000194
144,381,1,0,383;                                                 0000379P0000195
108,0.,0.,1.,300.,0,-25.,-25.,300.,0.;                           0000381P0000196
142,0,381,0,385,2;                                               0000383P0000197
102,4,387,389,391,393;                                           0000385P0000198
110,-25.,-22.,300.,-25.,-25.,300.;                               0000387P0000199
110,-25.,-25.,300.,775.,-25.,300.;                               0000389P0000200
110,775.,-25.,300.,775.,-22.,300.;                               0000391P0000201
110,775.,-22.,300.,-25.,-22.,300.;                               0000393P0000202
402,6,397,413,429,445,461,477;                                   0000395P0000203
144,399,1,0,401;                                                 0000397P0000204
108,-1.,-0.,-0.,25.,0,-25.,772.,0.,0.;                           0000399P0000205
142,0,399,0,403,2;                                               0000401P0000206
102,4,405,407,409,411;                                           0000403P0000207
110,-25.,775.,0.,-25.,772.,0.;                                   0000405P0000208
110,-25.,772.,0.,-25.,772.,300.;                                 0000407P0000209
110,-25.,772.,300.,-25.,775.,300.;                               0000409P0000210
110,-25.,775.,300.,-25.,775.,0.;                                 0000411P0000211
144,415,1,0,417;                                                 0000413P0000212
108,1.,0.,0.,775.,0,775.,772.,0.,0.;                             0000415P0000213
142,0,415,0,419,2;                                               0000417P0000214
102,4,421,423,425,427;                                           0000419P0000215
110,775.,772.,300.,775.,772.,0.;                                 0000421P0000216
110,775.,772.,0.,775.,775.,0.;                                   0000423P0000217
110,775.,775.,0.,775.,775.,300.;                                 0000425P0000218
110,775.,775.,300.,775.,772.,300.;                               0000427P0000219
144,431,1,0,433;                                                 0000429P0000220
108,-0.,-1.,-0.,-772.,0,-25.,772.,0.,0.;                         0000431P0000221
142,0,431,0,435,2;                                               0000433P0000222
102,4,437,439,441,443;                                           0000435P0000223
110,-25.,772.,300.,-25.,772.,0.;                                 0000437P0000224
110,-25.,772.,0.,775.,772.,0.;                                   0000439P0000225
110,775.,772.,0.,775.,772.,300.;                                 0000441P0000226
110,775.,772.,300.,-25.,772.,300.;                               0000443P0000227
144,447,1,0,449;                                                 0000445P0000228
108,0.,1.,0.,775.,0,-25.,775.,0.,0.;                             0000447P0000229
142,0,447,0,451,2;                                               0000449P0000230
102,4,453,455,457,459;                                           0000451P0000231
110,775.,775.,0.,-25.,775.,0.;                                   0000453P0000232
110,-25.,775.,0.,-25.,775.,300.;                                 0000455P0000233
110,-25.,775.,300.,775.,775.,300.;                               0000457P0000234
110,775.,775.,300.,775.,775.,0.;                                 0000459P0000235
144,463,1,0,465;                                                 0000461P0000236
108,-0.,-0.,-1.,0.,0,-25.,772.,0.,0.;                            0000463P0000237
142,0,463,0,467,2;                                               0000465P0000238
102,4,469,471,473,475;                                           0000467P0000239
110,775.,772.,0.,-25.,772.,0.;                                   0000469P0000240
110,-25.,772.,0.,-25.,775.,0.;                                   0000471P0000241
110,-25.,775.,0.,775.,775.,0.;                                   0000473P0000242
110,775.,775.,0.,775.,772.,0.;                                   0000475P0000243
144,479,1,0,481;                                                 0000477P0000244
108,0.,0.,1.,300.,0,-25.,772.,300.,0.;                           0000479P0000245
142,0,479,0,483,2;                                               0000481P0000246
102,4,485,487,489,491;                                           0000483P0000247
110,-25.,775.,300.,-25.,772.,300.;                               0000485P0000248
110,-25.,772.,300.,775.,772.,300.;                               0000487P0000249
110,775.,772.,300.,775.,775.,300.;                               0000489P0000250
110,775.,775.,300.,-25.,775.,300.;                               0000491P0000251
402,6,495,511,527,543,559,575;                                   0000493P0000252
144,497,1,0,499;                                                 0000495P0000253
108,-1.,-0.,-0.,25.,0,-25.,-25.,297.,0.;                         0000497P0000254
142,0,497,0,501,2;                                               0000499P0000255
102,4,503,505,507,509;                                           0000501P0000256
110,-25.,775.,297.,-25.,-25.,297.;                               0000503P0000257
110,-25.,-25.,297.,-25.,-25.,300.;                               0000505P0000258
110,-25.,-25.,300.,-25.,775.,300.;                               0000507P0000259
110,-25.,775.,300.,-25.,775.,297.;                               0000509P0000260
144,513,1,0,515;                                                 0000511P0000261
108,1.,0.,0.,775.,0,775.,-25.,297.,0.;                           0000513P0000262
142,0,513,0,517,2;                                               0000515P0000263
102,4,519,521,523,525;                                           0000517P0000264
110,775.,-25.,300.,775.,-25.,297.;                               0000519P0000265
110,775.,-25.,297.,775.,775.,297.;                               0000521P0000266
110,775.,775.,297.,775.,775.,300.;                               0000523P0000267
110,775.,775.,300.,775.,-25.,300.;                               0000525P0000268
144,529,1,0,531;                                                 0000527P0000269
108,-0.,-1.,-0.,25.,0,-25.,-25.,297.,0.;                         0000529P0000270
142,0,529,0,533,2;                                               0000531P0000271
102,4,535,537,539,541;                                           0000533P0000272
110,-25.,-25.,300.,-25.,-25.,297.;                               0000535P0000273
110,-25.,-25.,297.,775.,-25.,297.;                               0000537P0000274
110,775.,-25.,297.,775.,-25.,300.;                               0000539P0000275
110,775.,-25.,300.,-25.,-25.,300.;                               0000541P0000276
144,545,1,0,547;                                                 0000543P0000277
108,0.,1.,0.,775.,0,-25.,775.,297.,0.;                           0000545P0000278
142,0,545,0,549,2;                                               0000547P0000279
102,4,551,553,555,557;                                           0000549P0000280
110,775.,775.,297.,-25.,775.,297.;                               0000551P0000281
110,-25.,775.,297.,-25.,775.,300.;                               0000553P0000282
110,-25.,775.,300.,775.,775.,300.;                               0000555P0000283
110,775.,775.,300.,775.,775.,297.;                               0000557P0000284
144,561,1,0,563;                                                 0000559P0000285
108,-0.,-0.,-1.,-297.,0,-25.,-25.,297.,0.;                       0000561P0000286
142,0,561,0,565,2;                                               0000563P0000287
102,4,567,569,571,573;                                           0000565P0000288
110,775.,-25.,297.,-25.,-25.,297.;                               0000567P0000289
110,-25.,-25.,297.,-25.,775.,297.;                               0000569P0000290
110,-25.,775.,297.,775.,775.,297.;                               0000571P0000291
110,775.,775.,297.,775.,-25.,297.;                               0000573P0000292
144,577,1,0,579;                                                 0000575P0000293
108,0.,0.,1.,300.,0,-25.,-25.,300.,0.;                           0000577P0000294
142,0,577,0,581,2;                                               0000579P0000295
102,4,583,585,587,589;                                           0000581P0000296
110,-25.,775.,300.,-25.,-25.,300.;                               0000583P0000297
110,-25.,-25.,300.,775.,-25.,300.;                               0000585P0000298
110,775.,-25.,300.,775.,775.,300.;                               0000587P0000299
110,775.,775.,300.,-25.,775.,300.;                               0000589P0000300
402,6,593,609,625,641,657,673;                                   0000591P0000301
144,595,1,0,597;                                                 0000593P0000302
108,-1.,-0.,-0.,-0.,0,0.,0.,15.,0.;                              0000595P0000303
142,0,595,0,599,2;                                               0000597P0000304
102,4,601,603,605,607;                                           0000599P0000305
110,0.,750.,15.,0.,0.,15.;                                       0000601P0000306
110,0.,0.,15.,0.,0.,18.;                                         0000603P0000307
110,0.,0.,18.,0.,750.,18.;                                       0000605P0000308
110,0.,750.,18.,0.,750.,15.;                                     0000607P0000309
144,611,1,0,613;                                                 0000609P0000310
108,1.,0.,0.,750.,0,750.,0.,15.,0.;                              0000611P0000311
142,0,611,0,615,2;                                               0000613P0000312
102,4,617,619,621,623;                                           0000615P0000313
110,750.,0.,18.,750.,0.,15.;                                     0000617P0000314
110,750.,0.,15.,750.,750.,15.;                                   0000619P0000315
110,750.,750.,15.,750.,750.,18.;                                 0000621P0000316
110,750.,750.,18.,750.,0.,18.;                                   0000623P0000317
144,627,1,0,629;                                                 0000625P0000318
108,-0.,-1.,-0.,-0.,0,0.,0.,15.,0.;                              0000627P0000319
142,0,627,0,631,2;                                               0000629P0000320
102,4,633,635,637,639;                                           0000631P0000321
110,0.,0.,18.,0.,0.,15.;                                         0000633P0000322
110,0.,0.,15.,750.,0.,15.;                                       0000635P0000323
110,750.,0.,15.,750.,0.,18.;                                     0000637P0000324
110,750.,0.,18.,0.,0.,18.;                                       0000639P0000325
144,643,1,0,645;                                                 0000641P0000326
108,0.,1.,0.,750.,0,0.,750.,15.,0.;                              0000643P0000327
142,0,643,0,647,2;                                               0000645P0000328
102,4,649,651,653,655;                                           0000647P0000329
110,750.,750.,15.,0.,750.,15.;                                   0000649P0000330
110,0.,750.,15.,0.,750.,18.;                                     0000651P0000331
110,0.,750.,18.,750.,750.,18.;                                   0000653P0000332
110,750.,750.,18.,750.,750.,15.;                                 0000655P0000333
144,659,1,0,661;                                                 0000657P0000334
108,-0.,-0.,-1.,-15.,0,0.,0.,15.,0.;                             0000659P0000335
142,0,659,0,663,2;                                               0000661P0000336
102,4,665,667,669,671;                                           0000663P0000337
110,750.,0.,15.,0.,0.,15.;                                       0000665P0000338
110,0.,0.,15.,0.,750.,15.;                                       0000667P0000339
110,0.,750.,15.,750.,750.,15.;                                   0000669P0000340
110,750.,750.,15.,750.,0.,15.;                                   0000671P0000341
144,675,1,0,677;                                                 0000673P0000342
108,0.,0.,1.,18.,0,0.,0.,18.,0.;                                 0000675P0000343
142,0,675,0,679,2;                                               0000677P0000344
102,4,681,683,685,687;                                           0000679P0000345
110,0.,750.,18.,0.,0.,18.;                                       0000681P0000346
110,0.,0.,18.,750.,0.,18.;                                       0000683P0000347
110,750.,0.,18.,750.,750.,18.;                                   0000685P0000348
110,750.,750.,18.,0.,750.,18.;                                   0000687P0000349
402,6,691,707,723,739,755,771;                                   0000689P0000350
144,693,1,0,695;                                                 0000691P0000351
108,-1.,-0.,-0.,-35.,0,35.,640.,20.,0.;                          0000693P0000352
142,0,693,0,697,2;                                               0000695P0000353
102,4,699,701,703,705;                                           0000697P0000354
110,35.,647.5,20.,35.,640.,20.;                                  0000699P0000355
110,35.,640.,20.,35.,640.,27.5;                                  0000701P0000356
110,35.,640.,27.5,35.,647.5,27.5;                                0000703P0000357
110,35.,647.5,27.5,35.,647.5,20.;                                0000705P0000358
144,709,1,0,711;                                                 0000707P0000359
108,1.,0.,0.,720.,0,720.,640.,20.,0.;                            0000709P0000360
142,0,709,0,713,2;                                               0000711P0000361
102,4,715,717,719,721;                                           0000713P0000362
110,720.,640.,27.5,720.,640.,20.;                                0000715P0000363
110,720.,640.,20.,720.,647.5,20.;                                0000717P0000364
110,720.,647.5,20.,720.,647.5,27.5;                              0000719P0000365
110,720.,647.5,27.5,720.,640.,27.5;                              0000721P0000366
144,725,1,0,727;                                                 0000723P0000367
108,-0.,-1.,-0.,-640.,0,35.,640.,20.,0.;                         0000725P0000368
142,0,725,0,729,2;                                               0000727P0000369
102,4,731,733,735,737;                                           0000729P0000370
110,35.,640.,27.5,35.,640.,20.;                                  0000731P0000371
110,35.,640.,20.,720.,640.,20.;                                  0000733P0000372
110,720.,640.,20.,720.,640.,27.5;                                0000735P0000373
110,720.,640.,27.5,35.,640.,27.5;                                0000737P0000374
144,741,1,0,743;                                                 0000739P0000375
108,0.,1.,0.,647.5,0,35.,647.5,20.,0.;                           0000741P0000376
142,0,741,0,745,2;                                               0000743P0000377
102,4,747,749,751,753;                                           0000745P0000378
110,720.,647.5,20.,35.,647.5,20.;                                0000747P0000379
110,35.,647.5,20.,35.,647.5,27.5;                                0000749P0000380
110,35.,647.5,27.5,720.,647.5,27.5;                              0000751P0000381
110,720.,647.5,27.5,720.,647.5,20.;                              0000753P0000382
144,757,1,0,759;                                                 0000755P0000383
108,-0.,-0.,-1.,-20.,0,35.,640.,20.,0.;                          0000757P0000384
142,0,757,0,761,2;                                               0000759P0000385
102,4,763,765,767,769;                                           0000761P0000386
110,720.,640.,20.,35.,640.,20.;                                  0000763P0000387
110,35.,640.,20.,35.,647.5,20.;                                  0000765P0000388
110,35.,647.5,20.,720.,647.5,20.;                                0000767P0000389
110,720.,647.5,20.,720.,640.,20.;                                0000769P0000390
144,773,1,0,775;                                                 0000771P0000391
108,0.,0.,1.,27.5,0,35.,640.,27.5,0.;                            0000773P0000392
142,0,773,0,777,2;                                               0000775P0000393
102,4,779,781,783,785;                                           0000777P0000394
110,35.,647.5,27.5,35.,640.,27.5;                                0000779P0000395
110,35.,640.,27.5,720.,640.,27.5;                                0000781P0000396
110,720.,640.,27.5,720.,647.5,27.5;                              0000783P0000397
110,720.,647.5,27.5,35.,647.5,27.5;                              0000785P0000398
402,6,789,805,821,837,853,869;                                   0000787P0000399
144,791,1,0,793;                                                 0000789P0000400
108,-1.,-0.,-0.,-35.,0,35.,480.,20.,0.;                          0000791P0000401
142,0,791,0,795,2;                                               0000793P0000402
102,4,797,799,801,803;                                           0000795P0000403
110,35.,487.5,20.,35.,480.,20.;                                  0000797P0000404
110,35.,480.,20.,35.,480.,27.5;                                  0000799P0000405
110,35.,480.,27.5,35.,487.5,27.5;                                0000801P0000406
110,35.,487.5,27.5,35.,487.5,20.;                                0000803P0000407
144,807,1,0,809;                                                 0000805P0000408
108,1.,0.,0.,720.,0,720.,480.,20.,0.;                            0000807P0000409
142,0,807,0,811,2;                                               0000809P0000410
102,4,813,815,817,819;                                           0000811P0000411
110,720.,480.,27.5,720.,480.,20.;                                0000813P0000412
110,720.,480.,20.,720.,487.5,20.;                                0000815P0000413
110,720.,487.5,20.,720.,487.5,27.5;                              0000817P0000414
110,720.,487.5,27.5,720.,480.,27.5;                              0000819P0000415
144,823,1,0,825;                                                 0000821P0000416
108,-0.,-1.,-0.,-480.,0,35.,480.,20.,0.;                         0000823P0000417
142,0,823,0,827,2;                                               0000825P0000418
102,4,829,831,833,835;                                           0000827P0000419
110,35.,480.,27.5,35.,480.,20.;                                  0000829P0000420
110,35.,480.,20.,720.,480.,20.;                                  0000831P0000421
110,720.,480.,20.,720.,480.,27.5;                                0000833P0000422
110,720.,480.,27.5,35.,480.,27.5;                                0000835P0000423
144,839,1,0,841;                                                 0000837P0000424
108,0.,1.,0.,487.5,0,35.,487.5,20.,0.;                           0000839P0000425
142,0,839,0,843,2;                                               0000841P0000426
102,4,845,847,849,851;                                           0000843P0000427
110,720.,487.5,20.,35.,487.5,20.;                                0000845P0000428
110,35.,487.5,20.,35.,487.5,27.5;                                0000847P0000429
110,35.,487.5,27.5,720.,487.5,27.5;                              0000849P0000430
110,720.,487.5,27.5,720.,487.5,20.;                              0000851P0000431
144,855,1,0,857;                                                 0000853P0000432
108,-0.,-0.,-1.,-20.,0,35.,480.,20.,0.;                          0000855P0000433
142,0,855,0,859,2;                                               0000857P0000434
102,4,861,863,865,867;                                           0000859P0000435
110,720.,480.,20.,35.,480.,20.;                                  0000861P0000436
110,35.,480.,20.,35.,487.5,20.;                                  0000863P0000437
110,35.,487.5,20.,720.,487.5,20.;                                0000865P0000438
110,720.,487.5,20.,720.,480.,20.;                                0000867P0000439
144,871,1,0,873;                                                 0000869P0000440
108,0.,0.,1.,27.5,0,35.,480.,27.5,0.;                            0000871P0000441
142,0,871,0,875,2;                                               0000873P0000442
102,4,877,879,881,883;                                           0000875P0000443
110,35.,487.5,27.5,35.,480.,27.5;                                0000877P0000444
110,35.,480.,27.5,720.,480.,27.5;                                0000879P0000445
110,720.,480.,27.5,720.,487.5,27.5;                              0000881P0000446
110,720.,487.5,27.5,35.,487.5,27.5;                              0000883P0000447
402,6,887,903,919,935,951,967;                                   0000885P0000448
144,889,1,0,891;                                                 0000887P0000449
108,-1.,-0.,-0.,-35.,0,35.,235.,20.,0.;                          0000889P0000450
142,0,889,0,893,2;                                               0000891P0000451
102,4,895,897,899,901;                                           0000893P0000452
110,35.,242.5,20.,35.,235.,20.;                                  0000895P0000453
110,35.,235.,20.,35.,235.,27.5;                                  0000897P0000454
110,35.,235.,27.5,35.,242.5,27.5;                                0000899P0000455
110,35.,242.5,27.5,35.,242.5,20.;                                0000901P0000456
144,905,1,0,907;                                                 0000903P0000457
108,1.,0.,0.,720.,0,720.,235.,20.,0.;                            0000905P0000458
142,0,905,0,909,2;                                               0000907P0000459
102,4,911,913,915,917;                                           0000909P0000460
110,720.,235.,27.5,720.,235.,20.;                                0000911P0000461
110,720.,235.,20.,720.,242.5,20.;                                0000913P0000462
110,720.,242.5,20.,720.,242.5,27.5;                              0000915P0000463
110,720.,242.5,27.5,720.,235.,27.5;                              0000917P0000464
144,921,1,0,923;                                                 0000919P0000465
108,-0.,-1.,-0.,-235.,0,35.,235.,20.,0.;                         0000921P0000466
142,0,921,0,925,2;                                               0000923P0000467
102,4,927,929,931,933;                                           0000925P0000468
110,35.,235.,27.5,35.,235.,20.;                                  0000927P0000469
110,35.,235.,20.,720.,235.,20.;                                  0000929P0000470
110,720.,235.,20.,720.,235.,27.5;                                0000931P0000471
110,720.,235.,27.5,35.,235.,27.5;                                0000933P0000472
144,937,1,0,939;                                                 0000935P0000473
108,0.,1.,0.,242.5,0,35.,242.5,20.,0.;                           0000937P0000474
142,0,937,0,941,2;                                               0000939P0000475
102,4,943,945,947,949;                                           0000941P0000476
110,720.,242.5,20.,35.,242.5,20.;                                0000943P0000477
110,35.,242.5,20.,35.,242.5,27.5;                                0000945P0000478
110,35.,242.5,27.5,720.,242.5,27.5;                              0000947P0000479
110,720.,242.5,27.5,720.,242.5,20.;                              0000949P0000480
144,953,1,0,955;                                                 0000951P0000481
108,-0.,-0.,-1.,-20.,0,35.,235.,20.,0.;                          0000953P0000482
142,0,953,0,957,2;                                               0000955P0000483
102,4,959,961,963,965;                                           0000957P0000484
110,720.,235.,20.,35.,235.,20.;                                  0000959P0000485
110,35.,235.,20.,35.,242.5,20.;                                  0000961P0000486
110,35.,242.5,20.,720.,242.5,20.;                                0000963P0000487
110,720.,242.5,20.,720.,235.,20.;                                0000965P0000488
144,969,1,0,971;                                                 0000967P0000489
108,0.,0.,1.,27.5,0,35.,235.,27.5,0.;                            0000969P0000490
142,0,969,0,973,2;                                               0000971P0000491
102,4,975,977,979,981;                                           0000973P0000492
110,35.,242.5,27.5,35.,235.,27.5;                                0000975P0000493
110,35.,235.,27.5,720.,235.,27.5;                                0000977P0000494
110,720.,235.,27.5,720.,242.5,27.5;                              0000979P0000495
110,720.,242.5,27.5,35.,242.5,27.5;                              0000981P0000496
402,6,985,1001,1017,1033,1049,1065;                              0000983P0000497
144,987,1,0,989;                                                 0000985P0000498
108,-1.,-0.,-0.,-35.,0,35.,60.,20.,0.;                           0000987P0000499
142,0,987,0,991,2;                                               0000989P0000500
102,4,993,995,997,999;                                           0000991P0000501
110,35.,67.5,20.,35.,60.,20.;                                    0000993P0000502
110,35.,60.,20.,35.,60.,27.5;                                    0000995P0000503
110,35.,60.,27.5,35.,67.5,27.5;                                  0000997P0000504
110,35.,67.5,27.5,35.,67.5,20.;                                  0000999P0000505
144,1003,1,0,1005;                                               0001001P0000506
108,1.,0.,0.,720.,0,720.,60.,20.,0.;                             0001003P0000507
142,0,1003,0,1007,2;                                             0001005P0000508
102,4,1009,1011,1013,1015;                                       0001007P0000509
110,720.,60.,27.5,720.,60.,20.;                                  0001009P0000510
110,720.,60.,20.,720.,67.5,20.;                                  0001011P0000511
110,720.,67.5,20.,720.,67.5,27.5;                                0001013P0000512
110,720.,67.5,27.5,720.,60.,27.5;                                0001015P0000513
144,1019,1,0,1021;                                               0001017P0000514
108,-0.,-1.,-0.,-60.,0,35.,60.,20.,0.;                           0001019P0000515
142,0,1019,0,1023,2;                                             0001021P0000516
102,4,1025,1027,1029,1031;                                       0001023P0000517
110,35.,60.,27.5,35.,60.,20.;                                    0001025P0000518
110,35.,60.,20.,720.,60.,20.;                                    0001027P0000519
110,720.,60.,20.,720.,60.,27.5;                                  0001029P0000520
110,720.,60.,27.5,35.,60.,27.5;                                  0001031P0000521
144,1035,1,0,1037;                                               0001033P0000522
108,0.,1.,0.,67.5,0,35.,67.5,20.,0.;                             0001035P0000523
142,0,1035,0,1039,2;                                             0001037P0000524
102,4,1041,1043,1045,1047;                                       0001039P0000525
110,720.,67.5,20.,35.,67.5,20.;                                  0001041P0000526
110,35.,67.5,20.,35.,67.5,27.5;                                  0001043P0000527
110,35.,67.5,27.5,720.,67.5,27.5;                                0001045P0000528
110,720.,67.5,27.5,720.,67.5,20.;                                0001047P0000529
144,1051,1,0,1053;                                               0001049P0000530
108,-0.,-0.,-1.,-20.,0,35.,60.,20.,0.;                           0001051P0000531
142,0,1051,0,1055,2;                                             0001053P0000532
102,4,1057,1059,1061,1063;                                       0001055P0000533
110,720.,60.,20.,35.,60.,20.;                                    0001057P0000534
110,35.,60.,20.,35.,67.5,20.;                                    0001059P0000535
110,35.,67.5,20.,720.,67.5,20.;                                  0001061P0000536
110,720.,67.5,20.,720.,60.,20.;                                  0001063P0000537
144,1067,1,0,1069;                                               0001065P0000538
108,0.,0.,1.,27.5,0,35.,60.,27.5,0.;                             0001067P0000539
142,0,1067,0,1071,2;                                             0001069P0000540
102,4,1073,1075,1077,1079;                                       0001071P0000541
110,35.,67.5,27.5,35.,60.,27.5;                                  0001073P0000542
110,35.,60.,27.5,720.,60.,27.5;                                  0001075P0000543
110,720.,60.,27.5,720.,67.5,27.5;                                0001077P0000544
110,720.,67.5,27.5,35.,67.5,27.5;                                0001079P0000545
402,6,1083,1099,1115,1131,1147,1163;                             0001081P0000546
144,1085,1,0,1087;                                               0001083P0000547
108,-1.,-0.,-0.,-25.,0,25.,25.,20.,0.;                           0001085P0000548
142,0,1085,0,1089,2;                                             0001087P0000549
102,4,1091,1093,1095,1097;                                       0001089P0000550
110,25.,725.,20.,25.,25.,20.;                                    0001091P0000551
110,25.,25.,20.,25.,25.,60.;                                     0001093P0000552
110,25.,25.,60.,25.,725.,60.;                                    0001095P0000553
110,25.,725.,60.,25.,725.,20.;                                   0001097P0000554
144,1101,1,0,1103;                                               0001099P0000555
108,1.,0.,0.,40.,0,40.,25.,20.,0.;                               0001101P0000556
142,0,1101,0,1105,2;                                             0001103P0000557
102,4,1107,1109,1111,1113;                                       0001105P0000558
110,40.,25.,60.,40.,25.,20.;                                     0001107P0000559
110,40.,25.,20.,40.,725.,20.;                                    0001109P0000560
110,40.,725.,20.,40.,725.,60.;                                   0001111P0000561
110,40.,725.,60.,40.,25.,60.;                                    0001113P0000562
144,1117,1,0,1119;                                               0001115P0000563
108,-0.,-1.,-0.,-25.,0,25.,25.,20.,0.;                           0001117P0000564
142,0,1117,0,1121,2;                                             0001119P0000565
102,4,1123,1125,1127,1129;                                       0001121P0000566
110,25.,25.,60.,25.,25.,20.;                                     0001123P0000567
110,25.,25.,20.,40.,25.,20.;                                     0001125P0000568
110,40.,25.,20.,40.,25.,60.;                                     0001127P0000569
110,40.,25.,60.,25.,25.,60.;                                     0001129P0000570
144,1133,1,0,1135;                                               0001131P0000571
108,0.,1.,0.,725.,0,25.,725.,20.,0.;                             0001133P0000572
142,0,1133,0,1137,2;                                             0001135P0000573
102,4,1139,1141,1143,1145;                                       0001137P0000574
110,40.,725.,20.,25.,725.,20.;                                   0001139P0000575
110,25.,725.,20.,25.,725.,60.;                                   0001141P0000576
110,25.,725.,60.,40.,725.,60.;                                   0001143P0000577
110,40.,725.,60.,40.,725.,20.;                                   0001145P0000578
144,1149,1,0,1151;                                               0001147P0000579
108,-0.,-0.,-1.,-20.,0,25.,25.,20.,0.;                           0001149P0000580
142,0,1149,0,1153,2;                                             0001151P0000581
102,4,1155,1157,1159,1161;                                       0001153P0000582
110,40.,25.,20.,25.,25.,20.;                                     0001155P0000583
110,25.,25.,20.,25.,725.,20.;                                    0001157P0000584
110,25.,725.,20.,40.,725.,20.;                                   0001159P0000585
110,40.,725.,20.,40.,25.,20.;                                    0001161P0000586
144,1165,1,0,1167;                                               0001163P0000587
108,0.,0.,1.,60.,0,25.,25.,60.,0.;                               0001165P0000588
142,0,1165,0,1169,2;                                             0001167P0000589
102,4,1171,1173,1175,1177;                                       0001169P0000590
110,25.,725.,60.,25.,25.,60.;                                    0001171P0000591
110,25.,25.,60.,40.,25.,60.;                                     0001173P0000592
110,40.,25.,60.,40.,725.,60.;                                    0001175P0000593
110,40.,725.,60.,25.,725.,60.;                                   0001177P0000594
402,6,1181,1197,1213,1229,1245,1261;                             0001179P0000595
144,1183,1,0,1185;                                               0001181P0000596
108,-1.,-0.,-0.,-205.,0,205.,25.,20.,0.;                         0001183P0000597
142,0,1183,0,1187,2;                                             0001185P0000598
102,4,1189,1191,1193,1195;                                       0001187P0000599
110,205.,725.,20.,205.,25.,20.;                                  0001189P0000600
110,205.,25.,20.,205.,25.,60.;                                   0001191P0000601
110,205.,25.,60.,205.,725.,60.;                                  0001193P0000602
110,205.,725.,60.,205.,725.,20.;                                 0001195P0000603
144,1199,1,0,1201;                                               0001197P0000604
108,1.,0.,0.,220.,0,220.,25.,20.,0.;                             0001199P0000605
142,0,1199,0,1203,2;                                             0001201P0000606
102,4,1205,1207,1209,1211;                                       0001203P0000607
110,220.,25.,60.,220.,25.,20.;                                   0001205P0000608
110,220.,25.,20.,220.,725.,20.;                                  0001207P0000609
110,220.,725.,20.,220.,725.,60.;                                 0001209P0000610
110,220.,725.,60.,220.,25.,60.;                                  0001211P0000611
144,1215,1,0,1217;                                               0001213P0000612
108,-0.,-1.,-0.,-25.,0,205.,25.,20.,0.;                          0001215P0000613
142,0,1215,0,1219,2;                                             0001217P0000614
102,4,1221,1223,1225,1227;                                       0001219P0000615
110,205.,25.,60.,205.,25.,20.;                                   0001221P0000616
110,205.,25.,20.,220.,25.,20.;                                   0001223P0000617
110,220.,25.,20.,220.,25.,60.;                                   0001225P0000618
110,220.,25.,60.,205.,25.,60.;                                   0001227P0000619
144,1231,1,0,1233;                                               0001229P0000620
108,0.,1.,0.,725.,0,205.,725.,20.,0.;                            0001231P0000621
142,0,1231,0,1235,2;                                             0001233P0000622
102,4,1237,1239,1241,1243;                                       0001235P0000623
110,220.,725.,20.,205.,725.,20.;                                 0001237P0000624
110,205.,725.,20.,205.,725.,60.;                                 0001239P0000625
110,205.,725.,60.,220.,725.,60.;                                 0001241P0000626
110,220.,725.,60.,220.,725.,20.;                                 0001243P0000627
144,1247,1,0,1249;                                               0001245P0000628
108,-0.,-0.,-1.,-20.,0,205.,25.,20.,0.;                          0001247P0000629
142,0,1247,0,1251,2;                                             0001249P0000630
102,4,1253,1255,1257,1259;                                       0001251P0000631
110,220.,25.,20.,205.,25.,20.;                                   0001253P0000632
110,205.,25.,20.,205.,725.,20.;                                  0001255P0000633
110,205.,725.,20.,220.,725.,20.;                                 0001257P0000634
110,220.,725.,20.,220.,25.,20.;                                  0001259P0000635
144,1263,1,0,1265;                                               0001261P0000636
108,0.,0.,1.,60.,0,205.,25.,60.,0.;                              0001263P0000637
142,0,1263,0,1267,2;                                             0001265P0000638
102,4,1269,1271,1273,1275;                                       0001267P0000639
110,205.,725.,60.,205.,25.,60.;                                  0001269P0000640
110,205.,25.,60.,220.,25.,60.;                                   0001271P0000641
110,220.,25.,60.,220.,725.,60.;                                  0001273P0000642
110,220.,725.,60.,205.,725.,60.;                                 0001275P0000643
402,6,1279,1295,1311,1327,1343,1359;                             0001277P0000644
144,1281,1,0,1283;                                               0001279P0000645
108,-1.,-0.,-0.,-405.,0,405.,25.,20.,0.;                         0001281P0000646
142,0,1281,0,1285,2;                                             0001283P0000647
102,4,1287,1289,1291,1293;                                       0001285P0000648
110,405.,725.,20.,405.,25.,20.;                                  0001287P0000649
110,405.,25.,20.,405.,25.,60.;                                   0001289P0000650
110,405.,25.,60.,405.,725.,60.;                                  0001291P0000651
110,405.,725.,60.,405.,725.,20.;                                 0001293P0000652
144,1297,1,0,1299;                                               0001295P0000653
108,1.,0.,0.,420.,0,420.,25.,20.,0.;                             0001297P0000654
142,0,1297,0,1301,2;                                             0001299P0000655
102,4,1303,1305,1307,1309;                                       0001301P0000656
110,420.,25.,60.,420.,25.,20.;                                   0001303P0000657
110,420.,25.,20.,420.,725.,20.;                                  0001305P0000658
110,420.,725.,20.,420.,725.,60.;                                 0001307P0000659
110,420.,725.,60.,420.,25.,60.;                                  0001309P0000660
144,1313,1,0,1315;                                               0001311P0000661
108,-0.,-1.,-0.,-25.,0,405.,25.,20.,0.;                          0001313P0000662
142,0,1313,0,1317,2;                                             0001315P0000663
102,4,1319,1321,1323,1325;                                       0001317P0000664
110,405.,25.,60.,405.,25.,20.;                                   0001319P0000665
110,405.,25.,20.,420.,25.,20.;                                   0001321P0000666
110,420.,25.,20.,420.,25.,60.;                                   0001323P0000667
110,420.,25.,60.,405.,25.,60.;                                   0001325P0000668
144,1329,1,0,1331;                                               0001327P0000669
108,0.,1.,0.,725.,0,405.,725.,20.,0.;                            0001329P0000670
142,0,1329,0,1333,2;                                             0001331P0000671
102,4,1335,1337,1339,1341;                                       0001333P0000672
110,420.,725.,20.,405.,725.,20.;                                 0001335P0000673
110,405.,725.,20.,405.,725.,60.;                                 0001337P0000674
110,405.,725.,60.,420.,725.,60.;                                 0001339P0000675
110,420.,725.,60.,420.,725.,20.;                                 0001341P0000676
144,1345,1,0,1347;                                               0001343P0000677
108,-0.,-0.,-1.,-20.,0,405.,25.,20.,0.;                          0001345P0000678
142,0,1345,0,1349,2;                                             0001347P0000679
102,4,1351,1353,1355,1357;                                       0001349P0000680
110,420.,25.,20.,405.,25.,20.;                                   0001351P0000681
110,405.,25.,20.,405.,725.,20.;                                  0001353P0000682
110,405.,725.,20.,420.,725.,20.;                                 0001355P0000683
110,420.,725.,20.,420.,25.,20.;                                  0001357P0000684
144,1361,1,0,1363;                                               0001359P0000685
108,0.,0.,1.,60.,0,405.,25.,60.,0.;                              0001361P0000686
142,0,1361,0,1365,2;                                             0001363P0000687
102,4,1367,1369,1371,1373;                                       0001365P0000688
110,405.,725.,60.,405.,25.,60.;                                  0001367P0000689
110,405.,25.,60.,420.,25.,60.;                                   0001369P0000690
110,420.,25.,60.,420.,725.,60.;                                  0001371P0000691
110,420.,725.,60.,405.,725.,60.;                                 0001373P0000692
402,6,1377,1393,1409,1425,1441,1457;                             0001375P0000693
144,1379,1,0,1381;                                               0001377P0000694
108,-1.,-0.,-0.,-625.,0,625.,25.,20.,0.;                         0001379P0000695
142,0,1379,0,1383,2;                                             0001381P0000696
102,4,1385,1387,1389,1391;                                       0001383P0000697
110,625.,725.,20.,625.,25.,20.;                                  0001385P0000698
110,625.,25.,20.,625.,25.,60.;                                   0001387P0000699
110,625.,25.,60.,625.,725.,60.;                                  0001389P0000700
110,625.,725.,60.,625.,725.,20.;                                 0001391P0000701
144,1395,1,0,1397;                                               0001393P0000702
108,1.,0.,0.,640.,0,640.,25.,20.,0.;                             0001395P0000703
142,0,1395,0,1399,2;                                             0001397P0000704
102,4,1401,1403,1405,1407;                                       0001399P0000705
110,640.,25.,60.,640.,25.,20.;                                   0001401P0000706
110,640.,25.,20.,640.,725.,20.;                                  0001403P0000707
110,640.,725.,20.,640.,725.,60.;                                 0001405P0000708
110,640.,725.,60.,640.,25.,60.;                                  0001407P0000709
144,1411,1,0,1413;                                               0001409P0000710
108,-0.,-1.,-0.,-25.,0,625.,25.,20.,0.;                          0001411P0000711
142,0,1411,0,1415,2;                                             0001413P0000712
102,4,1417,1419,1421,1423;                                       0001415P0000713
110,625.,25.,60.,625.,25.,20.;                                   0001417P0000714
110,625.,25.,20.,640.,25.,20.;                                   0001419P0000715
110,640.,25.,20.,640.,25.,60.;                                   0001421P0000716
110,640.,25.,60.,625.,25.,60.;                                   0001423P0000717
144,1427,1,0,1429;                                               0001425P0000718
108,0.,1.,0.,725.,0,625.,725.,20.,0.;                            0001427P0000719
142,0,1427,0,1431,2;                                             0001429P0000720
102,4,1433,1435,1437,1439;                                       0001431P0000721
110,640.,725.,20.,625.,725.,20.;                                 0001433P0000722
110,625.,725.,20.,625.,725.,60.;                                 0001435P0000723
110,625.,725.,60.,640.,725.,60.;                                 0001437P0000724
110,640.,725.,60.,640.,725.,20.;                                 0001439P0000725
144,1443,1,0,1445;                                               0001441P0000726
108,-0.,-0.,-1.,-20.,0,625.,25.,20.,0.;                          0001443P0000727
142,0,1443,0,1447,2;                                             0001445P0000728
102,4,1449,1451,1453,1455;                                       0001447P0000729
110,640.,25.,20.,625.,25.,20.;                                   0001449P0000730
110,625.,25.,20.,625.,725.,20.;                                  0001451P0000731
110,625.,725.,20.,640.,725.,20.;                                 0001453P0000732
110,640.,725.,20.,640.,25.,20.;                                  0001455P0000733
144,1459,1,0,1461;                                               0001457P0000734
108,0.,0.,1.,60.,0,625.,25.,60.,0.;                              0001459P0000735
142,0,1459,0,1463,2;                                             0001461P0000736
102,4,1465,1467,1469,1471;                                       0001463P0000737
110,625.,725.,60.,625.,25.,60.;                                  0001465P0000738
110,625.,25.,60.,640.,25.,60.;                                   0001467P0000739
110,640.,25.,60.,640.,725.,60.;                                  0001469P0000740
110,640.,725.,60.,625.,725.,60.;                                 0001471P0000741
402,6,1475,1491,1507,1523,1539,1555;                             0001473P0000742
144,1477,1,0,1479;                                               0001475P0000743
108,-1.,-0.,-0.,-730.,0,730.,25.,20.,0.;                         0001477P0000744
142,0,1477,0,1481,2;                                             0001479P0000745
102,4,1483,1485,1487,1489;                                       0001481P0000746
110,730.,725.,20.,730.,25.,20.;                                  0001483P0000747
110,730.,25.,20.,730.,25.,60.;                                   0001485P0000748
110,730.,25.,60.,730.,725.,60.;                                  0001487P0000749
110,730.,725.,60.,730.,725.,20.;                                 0001489P0000750
144,1493,1,0,1495;                                               0001491P0000751
108,1.,0.,0.,745.,0,745.,25.,20.,0.;                             0001493P0000752
142,0,1493,0,1497,2;                                             0001495P0000753
102,4,1499,1501,1503,1505;                                       0001497P0000754
110,745.,25.,60.,745.,25.,20.;                                   0001499P0000755
110,745.,25.,20.,745.,725.,20.;                                  0001501P0000756
110,745.,725.,20.,745.,725.,60.;                                 0001503P0000757
110,745.,725.,60.,745.,25.,60.;                                  0001505P0000758
144,1509,1,0,1511;                                               0001507P0000759
108,-0.,-1.,-0.,-25.,0,730.,25.,20.,0.;                          0001509P0000760
142,0,1509,0,1513,2;                                             0001511P0000761
102,4,1515,1517,1519,1521;                                       0001513P0000762
110,730.,25.,60.,730.,25.,20.;                                   0001515P0000763
110,730.,25.,20.,745.,25.,20.;                                   0001517P0000764
110,745.,25.,20.,745.,25.,60.;                                   0001519P0000765
110,745.,25.,60.,730.,25.,60.;                                   0001521P0000766
144,1525,1,0,1527;                                               0001523P0000767
108,0.,1.,0.,725.,0,730.,725.,20.,0.;                            0001525P0000768
142,0,1525,0,1529,2;                                             0001527P0000769
102,4,1531,1533,1535,1537;                                       0001529P0000770
110,745.,725.,20.,730.,725.,20.;                                 0001531P0000771
110,730.,725.,20.,730.,725.,60.;                                 0001533P0000772
110,730.,725.,60.,745.,725.,60.;                                 0001535P0000773
110,745.,725.,60.,745.,725.,20.;                                 0001537P0000774
144,1541,1,0,1543;                                               0001539P0000775
108,-0.,-0.,-1.,-20.,0,730.,25.,20.,0.;                          0001541P0000776
142,0,1541,0,1545,2;                                             0001543P0000777
102,4,1547,1549,1551,1553;                                       0001545P0000778
110,745.,25.,20.,730.,25.,20.;                                   0001547P0000779
110,730.,25.,20.,730.,725.,20.;                                  0001549P0000780
110,730.,725.,20.,745.,725.,20.;                                 0001551P0000781
110,745.,725.,20.,745.,25.,20.;                                  0001553P0000782
144,1557,1,0,1559;                                               0001555P0000783
108,0.,0.,1.,60.,0,730.,25.,60.,0.;                              0001557P0000784
142,0,1557,0,1561,2;                                             0001559P0000785
102,4,1563,1565,1567,1569;                                       0001561P0000786
110,730.,725.,60.,730.,25.,60.;                                  0001563P0000787
110,730.,25.,60.,745.,25.,60.;                                   0001565P0000788
110,745.,25.,60.,745.,725.,60.;                                  0001567P0000789
110,745.,725.,60.,730.,725.,60.;                                 0001569P0000790
402,6,1573,1589,1605,1621,1637,1653;                             0001571P0000791
144,1575,1,0,1577;                                               0001573P0000792
108,-1.,-0.,-0.,-25.,0,25.,35.,20.,0.;                           0001575P0000793
142,0,1575,0,1579,2;                                             0001577P0000794
102,4,1581,1583,1585,1587;                                       0001579P0000795
110,25.,50.,20.,25.,35.,20.;                                     0001581P0000796
110,25.,35.,20.,25.,35.,60.;                                     0001583P0000797
110,25.,35.,60.,25.,50.,60.;                                     0001585P0000798
110,25.,50.,60.,25.,50.,20.;                                     0001587P0000799
144,1591,1,0,1593;                                               0001589P0000800
108,1.,0.,0.,725.,0,725.,35.,20.,0.;                             0001591P0000801
142,0,1591,0,1595,2;                                             0001593P0000802
102,4,1597,1599,1601,1603;                                       0001595P0000803
110,725.,35.,60.,725.,35.,20.;                                   0001597P0000804
110,725.,35.,20.,725.,50.,20.;                                   0001599P0000805
110,725.,50.,20.,725.,50.,60.;                                   0001601P0000806
110,725.,50.,60.,725.,35.,60.;                                   0001603P0000807
144,1607,1,0,1609;                                               0001605P0000808
108,-0.,-1.,-0.,-35.,0,25.,35.,20.,0.;                           0001607P0000809
142,0,1607,0,1611,2;                                             0001609P0000810
102,4,1613,1615,1617,1619;                                       0001611P0000811
110,25.,35.,60.,25.,35.,20.;                                     0001613P0000812
110,25.,35.,20.,725.,35.,20.;                                    0001615P0000813
110,725.,35.,20.,725.,35.,60.;                                   0001617P0000814
110,725.,35.,60.,25.,35.,60.;                                    0001619P0000815
144,1623,1,0,1625;                                               0001621P0000816
108,0.,1.,0.,50.,0,25.,50.,20.,0.;                               0001623P0000817
142,0,1623,0,1627,2;                                             0001625P0000818
102,4,1629,1631,1633,1635;                                       0001627P0000819
110,725.,50.,20.,25.,50.,20.;                                    0001629P0000820
110,25.,50.,20.,25.,50.,60.;                                     0001631P0000821
110,25.,50.,60.,725.,50.,60.;                                    0001633P0000822
110,725.,50.,60.,725.,50.,20.;                                   0001635P0000823
144,1639,1,0,1641;                                               0001637P0000824
108,-0.,-0.,-1.,-20.,0,25.,35.,20.,0.;                           0001639P0000825
142,0,1639,0,1643,2;                                             0001641P0000826
102,4,1645,1647,1649,1651;                                       0001643P0000827
110,725.,35.,20.,25.,35.,20.;                                    0001645P0000828
110,25.,35.,20.,25.,50.,20.;                                     0001647P0000829
110,25.,50.,20.,725.,50.,20.;                                    0001649P0000830
110,725.,50.,20.,725.,35.,20.;                                   0001651P0000831
144,1655,1,0,1657;                                               0001653P0000832
108,0.,0.,1.,60.,0,25.,35.,60.,0.;                               0001655P0000833
142,0,1655,0,1659,2;                                             0001657P0000834
102,4,1661,1663,1665,1667;                                       0001659P0000835
110,25.,50.,60.,25.,35.,60.;                                     0001661P0000836
110,25.,35.,60.,725.,35.,60.;                                    0001663P0000837
110,725.,35.,60.,725.,50.,60.;                                   0001665P0000838
110,725.,50.,60.,25.,50.,60.;                                    0001667P0000839
402,6,1671,1687,1703,1719,1735,1751;                             0001669P0000840
144,1673,1,0,1675;                                               0001671P0000841
108,-1.,-0.,-0.,-25.,0,25.,180.,20.,0.;                          0001673P0000842
142,0,1673,0,1677,2;                                             0001675P0000843
102,4,1679,1681,1683,1685;                                       0001677P0000844
110,25.,195.,20.,25.,180.,20.;                                   0001679P0000845
110,25.,180.,20.,25.,180.,60.;                                   0001681P0000846
110,25.,180.,60.,25.,195.,60.;                                   0001683P0000847
110,25.,195.,60.,25.,195.,20.;                                   0001685P0000848
144,1689,1,0,1691;                                               0001687P0000849
108,1.,0.,0.,725.,0,725.,180.,20.,0.;                            0001689P0000850
142,0,1689,0,1693,2;                                             0001691P0000851
102,4,1695,1697,1699,1701;                                       0001693P0000852
110,725.,180.,60.,725.,180.,20.;                                 0001695P0000853
110,725.,180.,20.,725.,195.,20.;                                 0001697P0000854
110,725.,195.,20.,725.,195.,60.;                                 0001699P0000855
110,725.,195.,60.,725.,180.,60.;                                 0001701P0000856
144,1705,1,0,1707;                                               0001703P0000857
108,-0.,-1.,-0.,-180.,0,25.,180.,20.,0.;                         0001705P0000858
142,0,1705,0,1709,2;                                             0001707P0000859
102,4,1711,1713,1715,1717;                                       0001709P0000860
110,25.,180.,60.,25.,180.,20.;                                   0001711P0000861
110,25.,180.,20.,725.,180.,20.;                                  0001713P0000862
110,725.,180.,20.,725.,180.,60.;                                 0001715P0000863
110,725.,180.,60.,25.,180.,60.;                                  0001717P0000864
144,1721,1,0,1723;                                               0001719P0000865
108,0.,1.,0.,195.,0,25.,195.,20.,0.;                             0001721P0000866
142,0,1721,0,1725,2;                                             0001723P0000867
102,4,1727,1729,1731,1733;                                       0001725P0000868
110,725.,195.,20.,25.,195.,20.;                                  0001727P0000869
110,25.,195.,20.,25.,195.,60.;                                   0001729P0000870
110,25.,195.,60.,725.,195.,60.;                                  0001731P0000871
110,725.,195.,60.,725.,195.,20.;                                 0001733P0000872
144,1737,1,0,1739;                                               0001735P0000873
108,-0.,-0.,-1.,-20.,0,25.,180.,20.,0.;                          0001737P0000874
142,0,1737,0,1741,2;                                             0001739P0000875
102,4,1743,1745,1747,1749;                                       0001741P0000876
110,725.,180.,20.,25.,180.,20.;                                  0001743P0000877
110,25.,180.,20.,25.,195.,20.;                                   0001745P0000878
110,25.,195.,20.,725.,195.,20.;                                  0001747P0000879
110,725.,195.,20.,725.,180.,20.;                                 0001749P0000880
144,1753,1,0,1755;                                               0001751P0000881
108,0.,0.,1.,60.,0,25.,180.,60.,0.;                              0001753P0000882
142,0,1753,0,1757,2;                                             0001755P0000883
102,4,1759,1761,1763,1765;                                       0001757P0000884
110,25.,195.,60.,25.,180.,60.;                                   0001759P0000885
110,25.,180.,60.,725.,180.,60.;                                  0001761P0000886
110,725.,180.,60.,725.,195.,60.;                                 0001763P0000887
110,725.,195.,60.,25.,195.,60.;                                  0001765P0000888
402,6,1769,1785,1801,1817,1833,1849;                             0001767P0000889
144,1771,1,0,1773;                                               0001769P0000890
108,-1.,-0.,-0.,-25.,0,25.,350.,20.,0.;                          0001771P0000891
142,0,1771,0,1775,2;                                             0001773P0000892
102,4,1777,1779,1781,1783;                                       0001775P0000893
110,25.,365.,20.,25.,350.,20.;                                   0001777P0000894
110,25.,350.,20.,25.,350.,60.;                                   0001779P0000895
110,25.,350.,60.,25.,365.,60.;                                   0001781P0000896
110,25.,365.,60.,25.,365.,20.;                                   0001783P0000897
144,1787,1,0,1789;                                               0001785P0000898
108,1.,0.,0.,725.,0,725.,350.,20.,0.;                            0001787P0000899
142,0,1787,0,1791,2;                                             0001789P0000900
102,4,1793,1795,1797,1799;                                       0001791P0000901
110,725.,350.,60.,725.,350.,20.;                                 0001793P0000902
110,725.,350.,20.,725.,365.,20.;                                 0001795P0000903
110,725.,365.,20.,725.,365.,60.;                                 0001797P0000904
110,725.,365.,60.,725.,350.,60.;                                 0001799P0000905
144,1803,1,0,1805;                                               0001801P0000906
108,-0.,-1.,-0.,-350.,0,25.,350.,20.,0.;                         0001803P0000907
142,0,1803,0,1807,2;                                             0001805P0000908
102,4,1809,1811,1813,1815;                                       0001807P0000909
110,25.,350.,60.,25.,350.,20.;                                   0001809P0000910
110,25.,350.,20.,725.,350.,20.;                                  0001811P0000911
110,725.,350.,20.,725.,350.,60.;                                 0001813P0000912
110,725.,350.,60.,25.,350.,60.;                                  0001815P0000913
144,1819,1,0,1821;                                               0001817P0000914
108,0.,1.,0.,365.,0,25.,365.,20.,0.;                             0001819P0000915
142,0,1819,0,1823,2;                                             0001821P0000916
102,4,1825,1827,1829,1831;                                       0001823P0000917
110,725.,365.,20.,25.,365.,20.;                                  0001825P0000918
110,25.,365.,20.,25.,365.,60.;                                   0001827P0000919
110,25.,365.,60.,725.,365.,60.;                                  0001829P0000920
110,725.,365.,60.,725.,365.,20.;                                 0001831P0000921
144,1835,1,0,1837;                                               0001833P0000922
108,-0.,-0.,-1.,-20.,0,25.,350.,20.,0.;                          0001835P0000923
142,0,1835,0,1839,2;                                             0001837P0000924
102,4,1841,1843,1845,1847;                                       0001839P0000925
110,725.,350.,20.,25.,350.,20.;                                  0001841P0000926
110,25.,350.,20.,25.,365.,20.;                                   0001843P0000927
110,25.,365.,20.,725.,365.,20.;                                  0001845P0000928
110,725.,365.,20.,725.,350.,20.;                                 0001847P0000929
144,1851,1,0,1853;                                               0001849P0000930
108,0.,0.,1.,60.,0,25.,350.,60.,0.;                              0001851P0000931
142,0,1851,0,1855,2;                                             0001853P0000932
102,4,1857,1859,1861,1863;                                       0001855P0000933
110,25.,365.,60.,25.,350.,60.;                                   0001857P0000934
110,25.,350.,60.,725.,350.,60.;                                  0001859P0000935
110,725.,350.,60.,725.,365.,60.;                                 0001861P0000936
110,725.,365.,60.,25.,365.,60.;                                  0001863P0000937
402,6,1867,1883,1899,1915,1931,1947;                             0001865P0000938
144,1869,1,0,1871;                                               0001867P0000939
108,-1.,-0.,-0.,-25.,0,25.,610.,20.,0.;                          0001869P0000940
142,0,1869,0,1873,2;                                             0001871P0000941
102,4,1875,1877,1879,1881;                                       0001873P0000942
110,25.,625.,20.,25.,610.,20.;                                   0001875P0000943
110,25.,610.,20.,25.,610.,60.;                                   0001877P0000944
110,25.,610.,60.,25.,625.,60.;                                   0001879P0000945
110,25.,625.,60.,25.,625.,20.;                                   0001881P0000946
144,1885,1,0,1887;                                               0001883P0000947
108,1.,0.,0.,725.,0,725.,610.,20.,0.;                            0001885P0000948
142,0,1885,0,1889,2;                                             0001887P0000949
102,4,1891,1893,1895,1897;                                       0001889P0000950
110,725.,610.,60.,725.,610.,20.;                                 0001891P0000951
110,725.,610.,20.,725.,625.,20.;                                 0001893P0000952
110,725.,625.,20.,725.,625.,60.;                                 0001895P0000953
110,725.,625.,60.,725.,610.,60.;                                 0001897P0000954
144,1901,1,0,1903;                                               0001899P0000955
108,-0.,-1.,-0.,-610.,0,25.,610.,20.,0.;                         0001901P0000956
142,0,1901,0,1905,2;                                             0001903P0000957
102,4,1907,1909,1911,1913;                                       0001905P0000958
110,25.,610.,60.,25.,610.,20.;                                   0001907P0000959
110,25.,610.,20.,725.,610.,20.;                                  0001909P0000960
110,725.,610.,20.,725.,610.,60.;                                 0001911P0000961
110,725.,610.,60.,25.,610.,60.;                                  0001913P0000962
144,1917,1,0,1919;                                               0001915P0000963
108,0.,1.,0.,625.,0,25.,625.,20.,0.;                             0001917P0000964
142,0,1917,0,1921,2;                                             0001919P0000965
102,4,1923,1925,1927,1929;                                       0001921P0000966
110,725.,625.,20.,25.,625.,20.;                                  0001923P0000967
110,25.,625.,20.,25.,625.,60.;                                   0001925P0000968
110,25.,625.,60.,725.,625.,60.;                                  0001927P0000969
110,725.,625.,60.,725.,625.,20.;                                 0001929P0000970
144,1933,1,0,1935;                                               0001931P0000971
108,-0.,-0.,-1.,-20.,0,25.,610.,20.,0.;                          0001933P0000972
142,0,1933,0,1937,2;                                             0001935P0000973
102,4,1939,1941,1943,1945;                                       0001937P0000974
110,725.,610.,20.,25.,610.,20.;                                  0001939P0000975
110,25.,610.,20.,25.,625.,20.;                                   0001941P0000976
110,25.,625.,20.,725.,625.,20.;                                  0001943P0000977
110,725.,625.,20.,725.,610.,20.;                                 0001945P0000978
144,1949,1,0,1951;                                               0001947P0000979
108,0.,0.,1.,60.,0,25.,610.,60.,0.;                              0001949P0000980
142,0,1949,0,1953,2;                                             0001951P0000981
102,4,1955,1957,1959,1961;                                       0001953P0000982
110,25.,625.,60.,25.,610.,60.;                                   0001955P0000983
110,25.,610.,60.,725.,610.,60.;                                  0001957P0000984
110,725.,610.,60.,725.,625.,60.;                                 0001959P0000985
110,725.,625.,60.,25.,625.,60.;                                  0001961P0000986
402,6,1965,1981,1997,2013,2029,2045;                             0001963P0000987
144,1967,1,0,1969;                                               0001965P0000988
108,-1.,-0.,-0.,-25.,0,25.,730.,20.,0.;                          0001967P0000989
142,0,1967,0,1971,2;                                             0001969P0000990
102,4,1973,1975,1977,1979;                                       0001971P0000991
110,25.,745.,20.,25.,730.,20.;                                   0001973P0000992
110,25.,730.,20.,25.,730.,60.;                                   0001975P0000993
110,25.,730.,60.,25.,745.,60.;                                   0001977P0000994
110,25.,745.,60.,25.,745.,20.;                                   0001979P0000995
144,1983,1,0,1985;                                               0001981P0000996
108,1.,0.,0.,725.,0,725.,730.,20.,0.;                            0001983P0000997
142,0,1983,0,1987,2;                                             0001985P0000998
102,4,1989,1991,1993,1995;                                       0001987P0000999
110,725.,730.,60.,725.,730.,20.;                                 0001989P0001000
110,725.,730.,20.,725.,745.,20.;                                 0001991P0001001
110,725.,745.,20.,725.,745.,60.;                                 0001993P0001002
110,725.,745.,60.,725.,730.,60.;                                 0001995P0001003
144,1999,1,0,2001;                                               0001997P0001004
108,-0.,-1.,-0.,-730.,0,25.,730.,20.,0.;                         0001999P0001005
142,0,1999,0,2003,2;                                             0002001P0001006
102,4,2005,2007,2009,2011;                                       0002003P0001007
110,25.,730.,60.,25.,730.,20.;                                   0002005P0001008
110,25.,730.,20.,725.,730.,20.;                                  0002007P0001009
110,725.,730.,20.,725.,730.,60.;                                 0002009P0001010
110,725.,730.,60.,25.,730.,60.;                                  0002011P0001011
144,2015,1,0,2017;                                               0002013P0001012
108,0.,1.,0.,745.,0,25.,745.,20.,0.;                             0002015P0001013
142,0,2015,0,2019,2;                                             0002017P0001014
102,4,2021,2023,2025,2027;                                       0002019P0001015
110,725.,745.,20.,25.,745.,20.;                                  0002021P0001016
110,25.,745.,20.,25.,745.,60.;                                   0002023P0001017
110,25.,745.,60.,725.,745.,60.;                                  0002025P0001018
110,725.,745.,60.,725.,745.,20.;                                 0002027P0001019
144,2031,1,0,2033;                                               0002029P0001020
108,-0.,-0.,-1.,-20.,0,25.,730.,20.,0.;                          0002031P0001021
142,0,2031,0,2035,2;                                             0002033P0001022
102,4,2037,2039,2041,2043;                                       0002035P0001023
110,725.,730.,20.,25.,730.,20.;                                  0002037P0001024
110,25.,730.,20.,25.,745.,20.;                                   0002039P0001025
110,25.,745.,20.,725.,745.,20.;                                  0002041P0001026
110,725.,745.,20.,725.,730.,20.;                                 0002043P0001027
144,2047,1,0,2049;                                               0002045P0001028
108,0.,0.,1.,60.,0,25.,730.,60.,0.;                              0002047P0001029
142,0,2047,0,2051,2;                                             0002049P0001030
102,4,2053,2055,2057,2059;                                       0002051P0001031
110,25.,745.,60.,25.,730.,60.;                                   0002053P0001032
110,25.,730.,60.,725.,730.,60.;                                  0002055P0001033
110,725.,730.,60.,725.,745.,60.;                                 0002057P0001034
110,725.,745.,60.,25.,745.,60.;                                  0002059P0001035
402,6,2063,2079,2095,2111,2127,2143;                             0002061P0001036
144,2065,1,0,2067;                                               0002063P0001037
108,-1.,-0.,-0.,-45.,0,45.,625.,30.,0.;                          0002065P0001038
142,0,2065,0,2069,2;                                             0002067P0001039
102,4,2071,2073,2075,2077;                                       0002069P0001040
110,45.,715.,30.,45.,625.,30.;                                   0002071P0001041
110,45.,625.,30.,45.,625.,120.;                                  0002073P0001042
110,45.,625.,120.,45.,715.,120.;                                 0002075P0001043
110,45.,715.,120.,45.,715.,30.;                                  0002077P0001044
144,2081,1,0,2083;                                               0002079P0001045
108,1.,0.,0.,115.,0,115.,625.,30.,0.;                            0002081P0001046
142,0,2081,0,2085,2;                                             0002083P0001047
102,4,2087,2089,2091,2093;                                       0002085P0001048
110,115.,625.,120.,115.,625.,30.;                                0002087P0001049
110,115.,625.,30.,115.,715.,30.;                                 0002089P0001050
110,115.,715.,30.,115.,715.,120.;                                0002091P0001051
110,115.,715.,120.,115.,625.,120.;                               0002093P0001052
144,2097,1,0,2099;                                               0002095P0001053
108,-0.,-1.,-0.,-625.,0,45.,625.,30.,0.;                         0002097P0001054
142,0,2097,0,2101,2;                                             0002099P0001055
102,4,2103,2105,2107,2109;                                       0002101P0001056
110,45.,625.,120.,45.,625.,30.;                                  0002103P0001057
110,45.,625.,30.,115.,625.,30.;                                  0002105P0001058
110,115.,625.,30.,115.,625.,120.;                                0002107P0001059
110,115.,625.,120.,45.,625.,120.;                                0002109P0001060
144,2113,1,0,2115;                                               0002111P0001061
108,0.,1.,0.,715.,0,45.,715.,30.,0.;                             0002113P0001062
142,0,2113,0,2117,2;                                             0002115P0001063
102,4,2119,2121,2123,2125;                                       0002117P0001064
110,115.,715.,30.,45.,715.,30.;                                  0002119P0001065
110,45.,715.,30.,45.,715.,120.;                                  0002121P0001066
110,45.,715.,120.,115.,715.,120.;                                0002123P0001067
110,115.,715.,120.,115.,715.,30.;                                0002125P0001068
144,2129,1,0,2131;                                               0002127P0001069
108,-0.,-0.,-1.,-30.,0,45.,625.,30.,0.;                          0002129P0001070
142,0,2129,0,2133,2;                                             0002131P0001071
102,4,2135,2137,2139,2141;                                       0002133P0001072
110,115.,625.,30.,45.,625.,30.;                                  0002135P0001073
110,45.,625.,30.,45.,715.,30.;                                   0002137P0001074
110,45.,715.,30.,115.,715.,30.;                                  0002139P0001075
110,115.,715.,30.,115.,625.,30.;                                 0002141P0001076
144,2145,1,0,2147;                                               0002143P0001077
108,0.,0.,1.,120.,0,45.,625.,120.,0.;                            0002145P0001078
142,0,2145,0,2149,2;                                             0002147P0001079
102,4,2151,2153,2155,2157;                                       0002149P0001080
110,45.,715.,120.,45.,625.,120.;                                 0002151P0001081
110,45.,625.,120.,115.,625.,120.;                                0002153P0001082
110,115.,625.,120.,115.,715.,120.;                               0002155P0001083
110,115.,715.,120.,45.,715.,120.;                                0002157P0001084
402,6,2161,2177,2193,2209,2225,2241;                             0002159P0001085
144,2163,1,0,2165;                                               0002161P0001086
108,-1.,-0.,-0.,-130.,0,130.,650.,30.,0.;                        0002163P0001087
142,0,2163,0,2167,2;                                             0002165P0001088
102,4,2169,2171,2173,2175;                                       0002167P0001089
110,130.,720.,30.,130.,650.,30.;                                 0002169P0001090
110,130.,650.,30.,130.,650.,105.;                                0002171P0001091
110,130.,650.,105.,130.,720.,105.;                               0002173P0001092
110,130.,720.,105.,130.,720.,30.;                                0002175P0001093
144,2179,1,0,2181;                                               0002177P0001094
108,1.,0.,0.,184.,0,184.,650.,30.,0.;                            0002179P0001095
142,0,2179,0,2183,2;                                             0002181P0001096
102,4,2185,2187,2189,2191;                                       0002183P0001097
110,184.,650.,105.,184.,650.,30.;                                0002185P0001098
110,184.,650.,30.,184.,720.,30.;                                 0002187P0001099
110,184.,720.,30.,184.,720.,105.;                                0002189P0001100
110,184.,720.,105.,184.,650.,105.;                               0002191P0001101
144,2195,1,0,2197;                                               0002193P0001102
108,-0.,-1.,-0.,-650.,0,130.,650.,30.,0.;                        0002195P0001103
142,0,2195,0,2199,2;                                             0002197P0001104
102,4,2201,2203,2205,2207;                                       0002199P0001105
110,130.,650.,105.,130.,650.,30.;                                0002201P0001106
110,130.,650.,30.,184.,650.,30.;                                 0002203P0001107
110,184.,650.,30.,184.,650.,105.;                                0002205P0001108
110,184.,650.,105.,130.,650.,105.;                               0002207P0001109
144,2211,1,0,2213;                                               0002209P0001110
108,0.,1.,0.,720.,0,130.,720.,30.,0.;                            0002211P0001111
142,0,2211,0,2215,2;                                             0002213P0001112
102,4,2217,2219,2221,2223;                                       0002215P0001113
110,184.,720.,30.,130.,720.,30.;                                 0002217P0001114
110,130.,720.,30.,130.,720.,105.;                                0002219P0001115
110,130.,720.,105.,184.,720.,105.;                               0002221P0001116
110,184.,720.,105.,184.,720.,30.;                                0002223P0001117
144,2227,1,0,2229;                                               0002225P0001118
108,-0.,-0.,-1.,-30.,0,130.,650.,30.,0.;                         0002227P0001119
142,0,2227,0,2231,2;                                             0002229P0001120
102,4,2233,2235,2237,2239;                                       0002231P0001121
110,184.,650.,30.,130.,650.,30.;                                 0002233P0001122
110,130.,650.,30.,130.,720.,30.;                                 0002235P0001123
110,130.,720.,30.,184.,720.,30.;                                 0002237P0001124
110,184.,720.,30.,184.,650.,30.;                                 0002239P0001125
144,2243,1,0,2245;                                               0002241P0001126
108,0.,0.,1.,105.,0,130.,650.,105.,0.;                           0002243P0001127
142,0,2243,0,2247,2;                                             0002245P0001128
102,4,2249,2251,2253,2255;                                       0002247P0001129
110,130.,720.,105.,130.,650.,105.;                               0002249P0001130
110,130.,650.,105.,184.,650.,105.;                               0002251P0001131
110,184.,650.,105.,184.,720.,105.;                               0002253P0001132
110,184.,720.,105.,130.,720.,105.;                               0002255P0001133
402,6,2259,2275,2291,2307,2323,2339;                             0002257P0001134
144,2261,1,0,2263;                                               0002259P0001135
108,-1.,-0.,-0.,-195.,0,195.,650.,30.,0.;                        0002261P0001136
142,0,2261,0,2265,2;                                             0002263P0001137
102,4,2267,2269,2271,2273;                                       0002265P0001138
110,195.,720.,30.,195.,650.,30.;                                 0002267P0001139
110,195.,650.,30.,195.,650.,105.;                                0002269P0001140
110,195.,650.,105.,195.,720.,105.;                               0002271P0001141
110,195.,720.,105.,195.,720.,30.;                                0002273P0001142
144,2277,1,0,2279;                                               0002275P0001143
108,1.,0.,0.,249.,0,249.,650.,30.,0.;                            0002277P0001144
142,0,2277,0,2281,2;                                             0002279P0001145
102,4,2283,2285,2287,2289;                                       0002281P0001146
110,249.,650.,105.,249.,650.,30.;                                0002283P0001147
110,249.,650.,30.,249.,720.,30.;                                 0002285P0001148
110,249.,720.,30.,249.,720.,105.;                                0002287P0001149
110,249.,720.,105.,249.,650.,105.;                               0002289P0001150
144,2293,1,0,2295;                                               0002291P0001151
108,-0.,-1.,-0.,-650.,0,195.,650.,30.,0.;                        0002293P0001152
142,0,2293,0,2297,2;                                             0002295P0001153
102,4,2299,2301,2303,2305;                                       0002297P0001154
110,195.,650.,105.,195.,650.,30.;                                0002299P0001155
110,195.,650.,30.,249.,650.,30.;                                 0002301P0001156
110,249.,650.,30.,249.,650.,105.;                                0002303P0001157
110,249.,650.,105.,195.,650.,105.;                               0002305P0001158
144,2309,1,0,2311;                                               0002307P0001159
108,0.,1.,0.,720.,0,195.,720.,30.,0.;                            0002309P0001160
142,0,2309,0,2313,2;                                             0002311P0001161
102,4,2315,2317,2319,2321;                                       0002313P0001162
110,249.,720.,30.,195.,720.,30.;                                 0002315P0001163
110,195.,720.,30.,195.,720.,105.;                                0002317P0001164
110,195.,720.,105.,249.,720.,105.;                               0002319P0001165
110,249.,720.,105.,249.,720.,30.;                                0002321P0001166
144,2325,1,0,2327;                                               0002323P0001167
108,-0.,-0.,-1.,-30.,0,195.,650.,30.,0.;                         0002325P0001168
142,0,2325,0,2329,2;                                             0002327P0001169
102,4,2331,2333,2335,2337;                                       0002329P0001170
110,249.,650.,30.,195.,650.,30.;                                 0002331P0001171
110,195.,650.,30.,195.,720.,30.;                                 0002333P0001172
110,195.,720.,30.,249.,720.,30.;                                 0002335P0001173
110,249.,720.,30.,249.,650.,30.;                                 0002337P0001174
144,2341,1,0,2343;                                               0002339P0001175
108,0.,0.,1.,105.,0,195.,650.,105.,0.;                           0002341P0001176
142,0,2341,0,2345,2;                                             0002343P0001177
102,4,2347,2349,2351,2353;                                       0002345P0001178
110,195.,720.,105.,195.,650.,105.;                               0002347P0001179
110,195.,650.,105.,249.,650.,105.;                               0002349P0001180
110,249.,650.,105.,249.,720.,105.;                               0002351P0001181
110,249.,720.,105.,195.,720.,105.;                               0002353P0001182
402,6,2357,2373,2389,2405,2421,2437;                             0002355P0001183
144,2359,1,0,2361;                                               0002357P0001184
108,-1.,-0.,-0.,-260.,0,260.,650.,30.,0.;                        0002359P0001185
142,0,2359,0,2363,2;                                             0002361P0001186
102,4,2365,2367,2369,2371;                                       0002363P0001187
110,260.,720.,30.,260.,650.,30.;                                 0002365P0001188
110,260.,650.,30.,260.,650.,105.;                                0002367P0001189
110,260.,650.,105.,260.,720.,105.;                               0002369P0001190
110,260.,720.,105.,260.,720.,30.;                                0002371P0001191
144,2375,1,0,2377;                                               0002373P0001192
108,1.,0.,0.,314.,0,314.,650.,30.,0.;                            0002375P0001193
142,0,2375,0,2379,2;                                             0002377P0001194
102,4,2381,2383,2385,2387;                                       0002379P0001195
110,314.,650.,105.,314.,650.,30.;                                0002381P0001196
110,314.,650.,30.,314.,720.,30.;                                 0002383P0001197
110,314.,720.,30.,314.,720.,105.;                                0002385P0001198
110,314.,720.,105.,314.,650.,105.;                               0002387P0001199
144,2391,1,0,2393;                                               0002389P0001200
108,-0.,-1.,-0.,-650.,0,260.,650.,30.,0.;                        0002391P0001201
142,0,2391,0,2395,2;                                             0002393P0001202
102,4,2397,2399,2401,2403;                                       0002395P0001203
110,260.,650.,105.,260.,650.,30.;                                0002397P0001204
110,260.,650.,30.,314.,650.,30.;                                 0002399P0001205
110,314.,650.,30.,314.,650.,105.;                                0002401P0001206
110,314.,650.,105.,260.,650.,105.;                               0002403P0001207
144,2407,1,0,2409;                                               0002405P0001208
108,0.,1.,0.,720.,0,260.,720.,30.,0.;                            0002407P0001209
142,0,2407,0,2411,2;                                             0002409P0001210
102,4,2413,2415,2417,2419;                                       0002411P0001211
110,314.,720.,30.,260.,720.,30.;                                 0002413P0001212
110,260.,720.,30.,260.,720.,105.;                                0002415P0001213
110,260.,720.,105.,314.,720.,105.;                               0002417P0001214
110,314.,720.,105.,314.,720.,30.;                                0002419P0001215
144,2423,1,0,2425;                                               0002421P0001216
108,-0.,-0.,-1.,-30.,0,260.,650.,30.,0.;                         0002423P0001217
142,0,2423,0,2427,2;                                             0002425P0001218
102,4,2429,2431,2433,2435;                                       0002427P0001219
110,314.,650.,30.,260.,650.,30.;                                 0002429P0001220
110,260.,650.,30.,260.,720.,30.;                                 0002431P0001221
110,260.,720.,30.,314.,720.,30.;                                 0002433P0001222
110,314.,720.,30.,314.,650.,30.;                                 0002435P0001223
144,2439,1,0,2441;                                               0002437P0001224
108,0.,0.,1.,105.,0,260.,650.,105.,0.;                           0002439P0001225
142,0,2439,0,2443,2;                                             0002441P0001226
102,4,2445,2447,2449,2451;                                       0002443P0001227
110,260.,720.,105.,260.,650.,105.;                               0002445P0001228
110,260.,650.,105.,314.,650.,105.;                               0002447P0001229
110,314.,650.,105.,314.,720.,105.;                               0002449P0001230
110,314.,720.,105.,260.,720.,105.;                               0002451P0001231
402,6,2455,2471,2487,2503,2519,2535;                             0002453P0001232
144,2457,1,0,2459;                                               0002455P0001233
108,-1.,-0.,-0.,-325.,0,325.,650.,30.,0.;                        0002457P0001234
142,0,2457,0,2461,2;                                             0002459P0001235
102,4,2463,2465,2467,2469;                                       0002461P0001236
110,325.,720.,30.,325.,650.,30.;                                 0002463P0001237
110,325.,650.,30.,325.,650.,105.;                                0002465P0001238
110,325.,650.,105.,325.,720.,105.;                               0002467P0001239
110,325.,720.,105.,325.,720.,30.;                                0002469P0001240
144,2473,1,0,2475;                                               0002471P0001241
108,1.,0.,0.,343.,0,343.,650.,30.,0.;                            0002473P0001242
142,0,2473,0,2477,2;                                             0002475P0001243
102,4,2479,2481,2483,2485;                                       0002477P0001244
110,343.,650.,105.,343.,650.,30.;                                0002479P0001245
110,343.,650.,30.,343.,720.,30.;                                 0002481P0001246
110,343.,720.,30.,343.,720.,105.;                                0002483P0001247
110,343.,720.,105.,343.,650.,105.;                               0002485P0001248
144,2489,1,0,2491;                                               0002487P0001249
108,-0.,-1.,-0.,-650.,0,325.,650.,30.,0.;                        0002489P0001250
142,0,2489,0,2493,2;                                             0002491P0001251
102,4,2495,2497,2499,2501;                                       0002493P0001252
110,325.,650.,105.,325.,650.,30.;                                0002495P0001253
110,325.,650.,30.,343.,650.,30.;                                 0002497P0001254
110,343.,650.,30.,343.,650.,105.;                                0002499P0001255
110,343.,650.,105.,325.,650.,105.;                               0002501P0001256
144,2505,1,0,2507;                                               0002503P0001257
108,0.,1.,0.,720.,0,325.,720.,30.,0.;                            0002505P0001258
142,0,2505,0,2509,2;                                             0002507P0001259
102,4,2511,2513,2515,2517;                                       0002509P0001260
110,343.,720.,30.,325.,720.,30.;                                 0002511P0001261
110,325.,720.,30.,325.,720.,105.;                                0002513P0001262
110,325.,720.,105.,343.,720.,105.;                               0002515P0001263
110,343.,720.,105.,343.,720.,30.;                                0002517P0001264
144,2521,1,0,2523;                                               0002519P0001265
108,-0.,-0.,-1.,-30.,0,325.,650.,30.,0.;                         0002521P0001266
142,0,2521,0,2525,2;                                             0002523P0001267
102,4,2527,2529,2531,2533;                                       0002525P0001268
110,343.,650.,30.,325.,650.,30.;                                 0002527P0001269
110,325.,650.,30.,325.,720.,30.;                                 0002529P0001270
110,325.,720.,30.,343.,720.,30.;                                 0002531P0001271
110,343.,720.,30.,343.,650.,30.;                                 0002533P0001272
144,2537,1,0,2539;                                               0002535P0001273
108,0.,0.,1.,105.,0,325.,650.,105.,0.;                           0002537P0001274
142,0,2537,0,2541,2;                                             0002539P0001275
102,4,2543,2545,2547,2549;                                       0002541P0001276
110,325.,720.,105.,325.,650.,105.;                               0002543P0001277
110,325.,650.,105.,343.,650.,105.;                               0002545P0001278
110,343.,650.,105.,343.,720.,105.;                               0002547P0001279
110,343.,720.,105.,325.,720.,105.;                               0002549P0001280
402,6,2553,2569,2585,2601,2617,2633;                             0002551P0001281
144,2555,1,0,2557;                                               0002553P0001282
108,-1.,-0.,-0.,-350.,0,350.,650.,30.,0.;                        0002555P0001283
142,0,2555,0,2559,2;                                             0002557P0001284
102,4,2561,2563,2565,2567;                                       0002559P0001285
110,350.,720.,30.,350.,650.,30.;                                 0002561P0001286
110,350.,650.,30.,350.,650.,105.;                                0002563P0001287
110,350.,650.,105.,350.,720.,105.;                               0002565P0001288
110,350.,720.,105.,350.,720.,30.;                                0002567P0001289
144,2571,1,0,2573;                                               0002569P0001290
108,1.,0.,0.,386.,0,386.,650.,30.,0.;                            0002571P0001291
142,0,2571,0,2575,2;                                             0002573P0001292
102,4,2577,2579,2581,2583;                                       0002575P0001293
110,386.,650.,105.,386.,650.,30.;                                0002577P0001294
110,386.,650.,30.,386.,720.,30.;                                 0002579P0001295
110,386.,720.,30.,386.,720.,105.;                                0002581P0001296
110,386.,720.,105.,386.,650.,105.;                               0002583P0001297
144,2587,1,0,2589;                                               0002585P0001298
108,-0.,-1.,-0.,-650.,0,350.,650.,30.,0.;                        0002587P0001299
142,0,2587,0,2591,2;                                             0002589P0001300
102,4,2593,2595,2597,2599;                                       0002591P0001301
110,350.,650.,105.,350.,650.,30.;                                0002593P0001302
110,350.,650.,30.,386.,650.,30.;                                 0002595P0001303
110,386.,650.,30.,386.,650.,105.;                                0002597P0001304
110,386.,650.,105.,350.,650.,105.;                               0002599P0001305
144,2603,1,0,2605;                                               0002601P0001306
108,0.,1.,0.,720.,0,350.,720.,30.,0.;                            0002603P0001307
142,0,2603,0,2607,2;                                             0002605P0001308
102,4,2609,2611,2613,2615;                                       0002607P0001309
110,386.,720.,30.,350.,720.,30.;                                 0002609P0001310
110,350.,720.,30.,350.,720.,105.;                                0002611P0001311
110,350.,720.,105.,386.,720.,105.;                               0002613P0001312
110,386.,720.,105.,386.,720.,30.;                                0002615P0001313
144,2619,1,0,2621;                                               0002617P0001314
108,-0.,-0.,-1.,-30.,0,350.,650.,30.,0.;                         0002619P0001315
142,0,2619,0,2623,2;                                             0002621P0001316
102,4,2625,2627,2629,2631;                                       0002623P0001317
110,386.,650.,30.,350.,650.,30.;                                 0002625P0001318
110,350.,650.,30.,350.,720.,30.;                                 0002627P0001319
110,350.,720.,30.,386.,720.,30.;                                 0002629P0001320
110,386.,720.,30.,386.,650.,30.;                                 0002631P0001321
144,2635,1,0,2637;                                               0002633P0001322
108,0.,0.,1.,105.,0,350.,650.,105.,0.;                           0002635P0001323
142,0,2635,0,2639,2;                                             0002637P0001324
102,4,2641,2643,2645,2647;                                       0002639P0001325
110,350.,720.,105.,350.,650.,105.;                               0002641P0001326
110,350.,650.,105.,386.,650.,105.;                               0002643P0001327
110,386.,650.,105.,386.,720.,105.;                               0002645P0001328
110,386.,720.,105.,350.,720.,105.;                               0002647P0001329
402,6,2651,2667,2683,2699,2715,2731;                             0002649P0001330
144,2653,1,0,2655;                                               0002651P0001331
108,-1.,-0.,-0.,-420.,0,420.,640.,30.,0.;                        0002653P0001332
142,0,2653,0,2657,2;                                             0002655P0001333
102,4,2659,2661,2663,2665;                                       0002657P0001334
110,420.,740.,30.,420.,640.,30.;                                 0002659P0001335
110,420.,640.,30.,420.,640.,150.;                                0002661P0001336
110,420.,640.,150.,420.,740.,150.;                               0002663P0001337
110,420.,740.,150.,420.,740.,30.;                                0002665P0001338
144,2669,1,0,2671;                                               0002667P0001339
108,1.,0.,0.,510.,0,510.,640.,30.,0.;                            0002669P0001340
142,0,2669,0,2673,2;                                             0002671P0001341
102,4,2675,2677,2679,2681;                                       0002673P0001342
110,510.,640.,150.,510.,640.,30.;                                0002675P0001343
110,510.,640.,30.,510.,740.,30.;                                 0002677P0001344
110,510.,740.,30.,510.,740.,150.;                                0002679P0001345
110,510.,740.,150.,510.,640.,150.;                               0002681P0001346
144,2685,1,0,2687;                                               0002683P0001347
108,-0.,-1.,-0.,-640.,0,420.,640.,30.,0.;                        0002685P0001348
142,0,2685,0,2689,2;                                             0002687P0001349
102,4,2691,2693,2695,2697;                                       0002689P0001350
110,420.,640.,150.,420.,640.,30.;                                0002691P0001351
110,420.,640.,30.,510.,640.,30.;                                 0002693P0001352
110,510.,640.,30.,510.,640.,150.;                                0002695P0001353
110,510.,640.,150.,420.,640.,150.;                               0002697P0001354
144,2701,1,0,2703;                                               0002699P0001355
108,0.,1.,0.,740.,0,420.,740.,30.,0.;                            0002701P0001356
142,0,2701,0,2705,2;                                             0002703P0001357
102,4,2707,2709,2711,2713;                                       0002705P0001358
110,510.,740.,30.,420.,740.,30.;                                 0002707P0001359
110,420.,740.,30.,420.,740.,150.;                                0002709P0001360
110,420.,740.,150.,510.,740.,150.;                               0002711P0001361
110,510.,740.,150.,510.,740.,30.;                                0002713P0001362
144,2717,1,0,2719;                                               0002715P0001363
108,-0.,-0.,-1.,-30.,0,420.,640.,30.,0.;                         0002717P0001364
142,0,2717,0,2721,2;                                             0002719P0001365
102,4,2723,2725,2727,2729;                                       0002721P0001366
110,510.,640.,30.,420.,640.,30.;                                 0002723P0001367
110,420.,640.,30.,420.,740.,30.;                                 0002725P0001368
110,420.,740.,30.,510.,740.,30.;                                 0002727P0001369
110,510.,740.,30.,510.,640.,30.;                                 0002729P0001370
144,2733,1,0,2735;                                               0002731P0001371
108,0.,0.,1.,150.,0,420.,640.,150.,0.;                           0002733P0001372
142,0,2733,0,2737,2;                                             0002735P0001373
102,4,2739,2741,2743,2745;                                       0002737P0001374
110,420.,740.,150.,420.,640.,150.;                               0002739P0001375
110,420.,640.,150.,510.,640.,150.;                               0002741P0001376
110,510.,640.,150.,510.,740.,150.;                               0002743P0001377
110,510.,740.,150.,420.,740.,150.;                               0002745P0001378
402,6,2749,2765,2781,2797,2813,2829;                             0002747P0001379
144,2751,1,0,2753;                                               0002749P0001380
108,-1.,-0.,-0.,-520.,0,520.,650.,30.,0.;                        0002751P0001381
142,0,2751,0,2755,2;                                             0002753P0001382
102,4,2757,2759,2761,2763;                                       0002755P0001383
110,520.,740.,30.,520.,650.,30.;                                 0002757P0001384
110,520.,650.,30.,520.,650.,125.;                                0002759P0001385
110,520.,650.,125.,520.,740.,125.;                               0002761P0001386
110,520.,740.,125.,520.,740.,30.;                                0002763P0001387
144,2767,1,0,2769;                                               0002765P0001388
108,1.,0.,0.,574.,0,574.,650.,30.,0.;                            0002767P0001389
142,0,2767,0,2771,2;                                             0002769P0001390
102,4,2773,2775,2777,2779;                                       0002771P0001391
110,574.,650.,125.,574.,650.,30.;                                0002773P0001392
110,574.,650.,30.,574.,740.,30.;                                 0002775P0001393
110,574.,740.,30.,574.,740.,125.;                                0002777P0001394
110,574.,740.,125.,574.,650.,125.;                               0002779P0001395
144,2783,1,0,2785;                                               0002781P0001396
108,-0.,-1.,-0.,-650.,0,520.,650.,30.,0.;                        0002783P0001397
142,0,2783,0,2787,2;                                             0002785P0001398
102,4,2789,2791,2793,2795;                                       0002787P0001399
110,520.,650.,125.,520.,650.,30.;                                0002789P0001400
110,520.,650.,30.,574.,650.,30.;                                 0002791P0001401
110,574.,650.,30.,574.,650.,125.;                                0002793P0001402
110,574.,650.,125.,520.,650.,125.;                               0002795P0001403
144,2799,1,0,2801;                                               0002797P0001404
108,0.,1.,0.,740.,0,520.,740.,30.,0.;                            0002799P0001405
142,0,2799,0,2803,2;                                             0002801P0001406
102,4,2805,2807,2809,2811;                                       0002803P0001407
110,574.,740.,30.,520.,740.,30.;                                 0002805P0001408
110,520.,740.,30.,520.,740.,125.;                                0002807P0001409
110,520.,740.,125.,574.,740.,125.;                               0002809P0001410
110,574.,740.,125.,574.,740.,30.;                                0002811P0001411
144,2815,1,0,2817;                                               0002813P0001412
108,-0.,-0.,-1.,-30.,0,520.,650.,30.,0.;                         0002815P0001413
142,0,2815,0,2819,2;                                             0002817P0001414
102,4,2821,2823,2825,2827;                                       0002819P0001415
110,574.,650.,30.,520.,650.,30.;                                 0002821P0001416
110,520.,650.,30.,520.,740.,30.;                                 0002823P0001417
110,520.,740.,30.,574.,740.,30.;                                 0002825P0001418
110,574.,740.,30.,574.,650.,30.;                                 0002827P0001419
144,2831,1,0,2833;                                               0002829P0001420
108,0.,0.,1.,125.,0,520.,650.,125.,0.;                           0002831P0001421
142,0,2831,0,2835,2;                                             0002833P0001422
102,4,2837,2839,2841,2843;                                       0002835P0001423
110,520.,740.,125.,520.,650.,125.;                               0002837P0001424
110,520.,650.,125.,574.,650.,125.;                               0002839P0001425
110,574.,650.,125.,574.,740.,125.;                               0002841P0001426
110,574.,740.,125.,520.,740.,125.;                               0002843P0001427
402,6,2847,2863,2879,2895,2911,2927;                             0002845P0001428
144,2849,1,0,2851;                                               0002847P0001429
108,-1.,-0.,-0.,-600.,0,600.,625.,30.,0.;                        0002849P0001430
142,0,2849,0,2853,2;                                             0002851P0001431
102,4,2855,2857,2859,2861;                                       0002853P0001432
110,600.,745.,30.,600.,625.,30.;                                 0002855P0001433
110,600.,625.,30.,600.,625.,160.;                                0002857P0001434
110,600.,625.,160.,600.,745.,160.;                               0002859P0001435
110,600.,745.,160.,600.,745.,30.;                                0002861P0001436
144,2865,1,0,2867;                                               0002863P0001437
108,1.,0.,0.,710.,0,710.,625.,30.,0.;                            0002865P0001438
142,0,2865,0,2869,2;                                             0002867P0001439
102,4,2871,2873,2875,2877;                                       0002869P0001440
110,710.,625.,160.,710.,625.,30.;                                0002871P0001441
110,710.,625.,30.,710.,745.,30.;                                 0002873P0001442
110,710.,745.,30.,710.,745.,160.;                                0002875P0001443
110,710.,745.,160.,710.,625.,160.;                               0002877P0001444
144,2881,1,0,2883;                                               0002879P0001445
108,-0.,-1.,-0.,-625.,0,600.,625.,30.,0.;                        0002881P0001446
142,0,2881,0,2885,2;                                             0002883P0001447
102,4,2887,2889,2891,2893;                                       0002885P0001448
110,600.,625.,160.,600.,625.,30.;                                0002887P0001449
110,600.,625.,30.,710.,625.,30.;                                 0002889P0001450
110,710.,625.,30.,710.,625.,160.;                                0002891P0001451
110,710.,625.,160.,600.,625.,160.;                               0002893P0001452
144,2897,1,0,2899;                                               0002895P0001453
108,0.,1.,0.,745.,0,600.,745.,30.,0.;                            0002897P0001454
142,0,2897,0,2901,2;                                             0002899P0001455
102,4,2903,2905,2907,2909;                                       0002901P0001456
110,710.,745.,30.,600.,745.,30.;                                 0002903P0001457
110,600.,745.,30.,600.,745.,160.;                                0002905P0001458
110,600.,745.,160.,710.,745.,160.;                               0002907P0001459
110,710.,745.,160.,710.,745.,30.;                                0002909P0001460
144,2913,1,0,2915;                                               0002911P0001461
108,-0.,-0.,-1.,-30.,0,600.,625.,30.,0.;                         0002913P0001462
142,0,2913,0,2917,2;                                             0002915P0001463
102,4,2919,2921,2923,2925;                                       0002917P0001464
110,710.,625.,30.,600.,625.,30.;                                 0002919P0001465
110,600.,625.,30.,600.,745.,30.;                                 0002921P0001466
110,600.,745.,30.,710.,745.,30.;                                 0002923P0001467
110,710.,745.,30.,710.,625.,30.;                                 0002925P0001468
144,2929,1,0,2931;                                               0002927P0001469
108,0.,0.,1.,160.,0,600.,625.,160.,0.;                           0002929P0001470
142,0,2929,0,2933,2;                                             0002931P0001471
102,4,2935,2937,2939,2941;                                       0002933P0001472
110,600.,745.,160.,600.,625.,160.;                               0002935P0001473
110,600.,625.,160.,710.,625.,160.;                               0002937P0001474
110,710.,625.,160.,710.,745.,160.;                               0002939P0001475
110,710.,745.,160.,600.,745.,160.;                               0002941P0001476
402,6,2945,2961,2977,2993,3009,3025;                             0002943P0001477
144,2947,1,0,2949;                                               0002945P0001478
108,-1.,-0.,-0.,-45.,0,45.,385.,30.,0.;                          0002947P0001479
142,0,2947,0,2951,2;                                             0002949P0001480
102,4,2953,2955,2957,2959;                                       0002951P0001481
110,45.,590.,30.,45.,385.,30.;                                   0002953P0001482
110,45.,385.,30.,45.,385.,210.;                                  0002955P0001483
110,45.,385.,210.,45.,590.,210.;                                 0002957P0001484
110,45.,590.,210.,45.,590.,30.;                                  0002959P0001485
144,2963,1,0,2965;                                               0002961P0001486
108,1.,0.,0.,190.,0,190.,385.,30.,0.;                            0002963P0001487
142,0,2963,0,2967,2;                                             0002965P0001488
102,4,2969,2971,2973,2975;                                       0002967P0001489
110,190.,385.,210.,190.,385.,30.;                                0002969P0001490
110,190.,385.,30.,190.,590.,30.;                                 0002971P0001491
110,190.,590.,30.,190.,590.,210.;                                0002973P0001492
110,190.,590.,210.,190.,385.,210.;                               0002975P0001493
144,2979,1,0,2981;                                               0002977P0001494
108,-0.,-1.,-0.,-385.,0,45.,385.,30.,0.;                         0002979P0001495
142,0,2979,0,2983,2;                                             0002981P0001496
102,4,2985,2987,2989,2991;                                       0002983P0001497
110,45.,385.,210.,45.,385.,30.;                                  0002985P0001498
110,45.,385.,30.,190.,385.,30.;                                  0002987P0001499
110,190.,385.,30.,190.,385.,210.;                                0002989P0001500
110,190.,385.,210.,45.,385.,210.;                                0002991P0001501
144,2995,1,0,2997;                                               0002993P0001502
108,0.,1.,0.,590.,0,45.,590.,30.,0.;                             0002995P0001503
142,0,2995,0,2999,2;                                             0002997P0001504
102,4,3001,3003,3005,3007;                                       0002999P0001505
110,190.,590.,30.,45.,590.,30.;                                  0003001P0001506
110,45.,590.,30.,45.,590.,210.;                                  0003003P0001507
110,45.,590.,210.,190.,590.,210.;                                0003005P0001508
110,190.,590.,210.,190.,590.,30.;                                0003007P0001509
144,3011,1,0,3013;                                               0003009P0001510
108,-0.,-0.,-1.,-30.,0,45.,385.,30.,0.;                          0003011P0001511
142,0,3011,0,3015,2;                                             0003013P0001512
102,4,3017,3019,3021,3023;                                       0003015P0001513
110,190.,385.,30.,45.,385.,30.;                                  0003017P0001514
110,45.,385.,30.,45.,590.,30.;                                   0003019P0001515
110,45.,590.,30.,190.,590.,30.;                                  0003021P0001516
110,190.,590.,30.,190.,385.,30.;                                 0003023P0001517
144,3027,1,0,3029;                                               0003025P0001518
108,0.,0.,1.,210.,0,45.,385.,210.,0.;                            0003027P0001519
142,0,3027,0,3031,2;                                             0003029P0001520
102,4,3033,3035,3037,3039;                                       0003031P0001521
110,45.,590.,210.,45.,385.,210.;                                 0003033P0001522
110,45.,385.,210.,190.,385.,210.;                                0003035P0001523
110,190.,385.,210.,190.,590.,210.;                               0003037P0001524
110,190.,590.,210.,45.,590.,210.;                                0003039P0001525
402,6,3043,3059,3075,3091,3107,3123;                             0003041P0001526
144,3045,1,0,3047;                                               0003043P0001527
108,-1.,-0.,-0.,-220.,0,220.,365.,30.,0.;                        0003045P0001528
142,0,3045,0,3049,2;                                             0003047P0001529
102,4,3051,3053,3055,3057;                                       0003049P0001530
110,220.,590.,30.,220.,365.,30.;                                 0003051P0001531
110,220.,365.,30.,220.,365.,230.;                                0003053P0001532
110,220.,365.,230.,220.,590.,230.;                               0003055P0001533
110,220.,590.,230.,220.,590.,30.;                                0003057P0001534
144,3061,1,0,3063;                                               0003059P0001535
108,1.,0.,0.,385.,0,385.,365.,30.,0.;                            0003061P0001536
142,0,3061,0,3065,2;                                             0003063P0001537
102,4,3067,3069,3071,3073;                                       0003065P0001538
110,385.,365.,230.,385.,365.,30.;                                0003067P0001539
110,385.,365.,30.,385.,590.,30.;                                 0003069P0001540
110,385.,590.,30.,385.,590.,230.;                                0003071P0001541
110,385.,590.,230.,385.,365.,230.;                               0003073P0001542
144,3077,1,0,3079;                                               0003075P0001543
108,-0.,-1.,-0.,-365.,0,220.,365.,30.,0.;                        0003077P0001544
142,0,3077,0,3081,2;                                             0003079P0001545
102,4,3083,3085,3087,3089;                                       0003081P0001546
110,220.,365.,230.,220.,365.,30.;                                0003083P0001547
110,220.,365.,30.,385.,365.,30.;                                 0003085P0001548
110,385.,365.,30.,385.,365.,230.;                                0003087P0001549
110,385.,365.,230.,220.,365.,230.;                               0003089P0001550
144,3093,1,0,3095;                                               0003091P0001551
108,0.,1.,0.,590.,0,220.,590.,30.,0.;                            0003093P0001552
142,0,3093,0,3097,2;                                             0003095P0001553
102,4,3099,3101,3103,3105;                                       0003097P0001554
110,385.,590.,30.,220.,590.,30.;                                 0003099P0001555
110,220.,590.,30.,220.,590.,230.;                                0003101P0001556
110,220.,590.,230.,385.,590.,230.;                               0003103P0001557
110,385.,590.,230.,385.,590.,30.;                                0003105P0001558
144,3109,1,0,3111;                                               0003107P0001559
108,-0.,-0.,-1.,-30.,0,220.,365.,30.,0.;                         0003109P0001560
142,0,3109,0,3113,2;                                             0003111P0001561
102,4,3115,3117,3119,3121;                                       0003113P0001562
110,385.,365.,30.,220.,365.,30.;                                 0003115P0001563
110,220.,365.,30.,220.,590.,30.;                                 0003117P0001564
110,220.,590.,30.,385.,590.,30.;                                 0003119P0001565
110,385.,590.,30.,385.,365.,30.;                                 0003121P0001566
144,3125,1,0,3127;                                               0003123P0001567
108,0.,0.,1.,230.,0,220.,365.,230.,0.;                           0003125P0001568
142,0,3125,0,3129,2;                                             0003127P0001569
102,4,3131,3133,3135,3137;                                       0003129P0001570
110,220.,590.,230.,220.,365.,230.;                               0003131P0001571
110,220.,365.,230.,385.,365.,230.;                               0003133P0001572
110,385.,365.,230.,385.,590.,230.;                               0003135P0001573
110,385.,590.,230.,220.,590.,230.;                               0003137P0001574
402,6,3141,3157,3173,3189,3205,3221;                             0003139P0001575
144,3143,1,0,3145;                                               0003141P0001576
108,-1.,-0.,-0.,-430.,0,430.,495.,30.,0.;                        0003143P0001577
142,0,3143,0,3147,2;                                             0003145P0001578
102,4,3149,3151,3153,3155;                                       0003147P0001579
110,430.,595.,30.,430.,495.,30.;                                 0003149P0001580
110,430.,495.,30.,430.,495.,110.;                                0003151P0001581
110,430.,495.,110.,430.,595.,110.;                               0003153P0001582
110,430.,595.,110.,430.,595.,30.;                                0003155P0001583
144,3159,1,0,3161;                                               0003157P0001584
108,1.,0.,0.,520.,0,520.,495.,30.,0.;                            0003159P0001585
142,0,3159,0,3163,2;                                             0003161P0001586
102,4,3165,3167,3169,3171;                                       0003163P0001587
110,520.,495.,110.,520.,495.,30.;                                0003165P0001588
110,520.,495.,30.,520.,595.,30.;                                 0003167P0001589
110,520.,595.,30.,520.,595.,110.;                                0003169P0001590
110,520.,595.,110.,520.,495.,110.;                               0003171P0001591
144,3175,1,0,3177;                                               0003173P0001592
108,-0.,-1.,-0.,-495.,0,430.,495.,30.,0.;                        0003175P0001593
142,0,3175,0,3179,2;                                             0003177P0001594
102,4,3181,3183,3185,3187;                                       0003179P0001595
110,430.,495.,110.,430.,495.,30.;                                0003181P0001596
110,430.,495.,30.,520.,495.,30.;                                 0003183P0001597
110,520.,495.,30.,520.,495.,110.;                                0003185P0001598
110,520.,495.,110.,430.,495.,110.;                               0003187P0001599
144,3191,1,0,3193;                                               0003189P0001600
108,0.,1.,0.,595.,0,430.,595.,30.,0.;                            0003191P0001601
142,0,3191,0,3195,2;                                             0003193P0001602
102,4,3197,3199,3201,3203;                                       0003195P0001603
110,520.,595.,30.,430.,595.,30.;                                 0003197P0001604
110,430.,595.,30.,430.,595.,110.;                                0003199P0001605
110,430.,595.,110.,520.,595.,110.;                               0003201P0001606
110,520.,595.,110.,520.,595.,30.;                                0003203P0001607
144,3207,1,0,3209;                                               0003205P0001608
108,-0.,-0.,-1.,-30.,0,430.,495.,30.,0.;                         0003207P0001609
142,0,3207,0,3211,2;                                             0003209P0001610
102,4,3213,3215,3217,3219;                                       0003211P0001611
110,520.,495.,30.,430.,495.,30.;                                 0003213P0001612
110,430.,495.,30.,430.,595.,30.;                                 0003215P0001613
110,430.,595.,30.,520.,595.,30.;                                 0003217P0001614
110,520.,595.,30.,520.,495.,30.;                                 0003219P0001615
144,3223,1,0,3225;                                               0003221P0001616
108,0.,0.,1.,110.,0,430.,495.,110.,0.;                           0003223P0001617
142,0,3223,0,3227,2;                                             0003225P0001618
102,4,3229,3231,3233,3235;                                       0003227P0001619
110,430.,595.,110.,430.,495.,110.;                               0003229P0001620
110,430.,495.,110.,520.,495.,110.;                               0003231P0001621
110,520.,495.,110.,520.,595.,110.;                               0003233P0001622
110,520.,595.,110.,430.,595.,110.;                               0003235P0001623
402,6,3239,3255,3271,3287,3303,3319;                             0003237P0001624
144,3241,1,0,3243;                                               0003239P0001625
108,-1.,-0.,-0.,-525.,0,525.,495.,30.,0.;                        0003241P0001626
142,0,3241,0,3245,2;                                             0003243P0001627
102,4,3247,3249,3251,3253;                                       0003245P0001628
110,525.,595.,30.,525.,495.,30.;                                 0003247P0001629
110,525.,495.,30.,525.,495.,110.;                                0003249P0001630
110,525.,495.,110.,525.,595.,110.;                               0003251P0001631
110,525.,595.,110.,525.,595.,30.;                                0003253P0001632
144,3257,1,0,3259;                                               0003255P0001633
108,1.,0.,0.,560.,0,560.,495.,30.,0.;                            0003257P0001634
142,0,3257,0,3261,2;                                             0003259P0001635
102,4,3263,3265,3267,3269;                                       0003261P0001636
110,560.,495.,110.,560.,495.,30.;                                0003263P0001637
110,560.,495.,30.,560.,595.,30.;                                 0003265P0001638
110,560.,595.,30.,560.,595.,110.;                                0003267P0001639
110,560.,595.,110.,560.,495.,110.;                               0003269P0001640
144,3273,1,0,3275;                                               0003271P0001641
108,-0.,-1.,-0.,-495.,0,525.,495.,30.,0.;                        0003273P0001642
142,0,3273,0,3277,2;                                             0003275P0001643
102,4,3279,3281,3283,3285;                                       0003277P0001644
110,525.,495.,110.,525.,495.,30.;                                0003279P0001645
110,525.,495.,30.,560.,495.,30.;                                 0003281P0001646
110,560.,495.,30.,560.,495.,110.;                                0003283P0001647
110,560.,495.,110.,525.,495.,110.;                               0003285P0001648
144,3289,1,0,3291;                                               0003287P0001649
108,0.,1.,0.,595.,0,525.,595.,30.,0.;                            0003289P0001650
142,0,3289,0,3293,2;                                             0003291P0001651
102,4,3295,3297,3299,3301;                                       0003293P0001652
110,560.,595.,30.,525.,595.,30.;                                 0003295P0001653
110,525.,595.,30.,525.,595.,110.;                                0003297P0001654
110,525.,595.,110.,560.,595.,110.;                               0003299P0001655
110,560.,595.,110.,560.,595.,30.;                                0003301P0001656
144,3305,1,0,3307;                                               0003303P0001657
108,-0.,-0.,-1.,-30.,0,525.,495.,30.,0.;                         0003305P0001658
142,0,3305,0,3309,2;                                             0003307P0001659
102,4,3311,3313,3315,3317;                                       0003309P0001660
110,560.,495.,30.,525.,495.,30.;                                 0003311P0001661
110,525.,495.,30.,525.,595.,30.;                                 0003313P0001662
110,525.,595.,30.,560.,595.,30.;                                 0003315P0001663
110,560.,595.,30.,560.,495.,30.;                                 0003317P0001664
144,3321,1,0,3323;                                               0003319P0001665
108,0.,0.,1.,110.,0,525.,495.,110.,0.;                           0003321P0001666
142,0,3321,0,3325,2;                                             0003323P0001667
102,4,3327,3329,3331,3333;                                       0003325P0001668
110,525.,595.,110.,525.,495.,110.;                               0003327P0001669
110,525.,495.,110.,560.,495.,110.;                               0003329P0001670
110,560.,495.,110.,560.,595.,110.;                               0003331P0001671
110,560.,595.,110.,525.,595.,110.;                               0003333P0001672
402,6,3337,3353,3369,3385,3401,3417;                             0003335P0001673
144,3339,1,0,3341;                                               0003337P0001674
108,-1.,-0.,-0.,-565.,0,565.,495.,30.,0.;                        0003339P0001675
142,0,3339,0,3343,2;                                             0003341P0001676
102,4,3345,3347,3349,3351;                                       0003343P0001677
110,565.,595.,30.,565.,495.,30.;                                 0003345P0001678
110,565.,495.,30.,565.,495.,110.;                                0003347P0001679
110,565.,495.,110.,565.,595.,110.;                               0003349P0001680
110,565.,595.,110.,565.,595.,30.;                                0003351P0001681
144,3355,1,0,3357;                                               0003353P0001682
108,1.,0.,0.,600.,0,600.,495.,30.,0.;                            0003355P0001683
142,0,3355,0,3359,2;                                             0003357P0001684
102,4,3361,3363,3365,3367;                                       0003359P0001685
110,600.,495.,110.,600.,495.,30.;                                0003361P0001686
110,600.,495.,30.,600.,595.,30.;                                 0003363P0001687
110,600.,595.,30.,600.,595.,110.;                                0003365P0001688
110,600.,595.,110.,600.,495.,110.;                               0003367P0001689
144,3371,1,0,3373;                                               0003369P0001690
108,-0.,-1.,-0.,-495.,0,565.,495.,30.,0.;                        0003371P0001691
142,0,3371,0,3375,2;                                             0003373P0001692
102,4,3377,3379,3381,3383;                                       0003375P0001693
110,565.,495.,110.,565.,495.,30.;                                0003377P0001694
110,565.,495.,30.,600.,495.,30.;                                 0003379P0001695
110,600.,495.,30.,600.,495.,110.;                                0003381P0001696
110,600.,495.,110.,565.,495.,110.;                               0003383P0001697
144,3387,1,0,3389;                                               0003385P0001698
108,0.,1.,0.,595.,0,565.,595.,30.,0.;                            0003387P0001699
142,0,3387,0,3391,2;                                             0003389P0001700
102,4,3393,3395,3397,3399;                                       0003391P0001701
110,600.,595.,30.,565.,595.,30.;                                 0003393P0001702
110,565.,595.,30.,565.,595.,110.;                                0003395P0001703
110,565.,595.,110.,600.,595.,110.;                               0003397P0001704
110,600.,595.,110.,600.,595.,30.;                                0003399P0001705
144,3403,1,0,3405;                                               0003401P0001706
108,-0.,-0.,-1.,-30.,0,565.,495.,30.,0.;                         0003403P0001707
142,0,3403,0,3407,2;                                             0003405P0001708
102,4,3409,3411,3413,3415;                                       0003407P0001709
110,600.,495.,30.,565.,495.,30.;                                 0003409P0001710
110,565.,495.,30.,565.,595.,30.;                                 0003411P0001711
110,565.,595.,30.,600.,595.,30.;                                 0003413P0001712
110,600.,595.,30.,600.,495.,30.;                                 0003415P0001713
144,3419,1,0,3421;                                               0003417P0001714
108,0.,0.,1.,110.,0,565.,495.,110.,0.;                           0003419P0001715
142,0,3419,0,3423,2;                                             0003421P0001716
102,4,3425,3427,3429,3431;                                       0003423P0001717
110,565.,595.,110.,565.,495.,110.;                               0003425P0001718
110,565.,495.,110.,600.,495.,110.;                               0003427P0001719
110,600.,495.,110.,600.,595.,110.;                               0003429P0001720
110,600.,595.,110.,565.,595.,110.;                               0003431P0001721
402,6,3435,3451,3467,3483,3499,3515;                             0003433P0001722
144,3437,1,0,3439;                                               0003435P0001723
108,-1.,-0.,-0.,-605.,0,605.,495.,30.,0.;                        0003437P0001724
142,0,3437,0,3441,2;                                             0003439P0001725
102,4,3443,3445,3447,3449;                                       0003441P0001726
110,605.,595.,30.,605.,495.,30.;                                 0003443P0001727
110,605.,495.,30.,605.,495.,110.;                                0003445P0001728
110,605.,495.,110.,605.,595.,110.;                               0003447P0001729
110,605.,595.,110.,605.,595.,30.;                                0003449P0001730
144,3453,1,0,3455;                                               0003451P0001731
108,1.,0.,0.,640.,0,640.,495.,30.,0.;                            0003453P0001732
142,0,3453,0,3457,2;                                             0003455P0001733
102,4,3459,3461,3463,3465;                                       0003457P0001734
110,640.,495.,110.,640.,495.,30.;                                0003459P0001735
110,640.,495.,30.,640.,595.,30.;                                 0003461P0001736
110,640.,595.,30.,640.,595.,110.;                                0003463P0001737
110,640.,595.,110.,640.,495.,110.;                               0003465P0001738
144,3469,1,0,3471;                                               0003467P0001739
108,-0.,-1.,-0.,-495.,0,605.,495.,30.,0.;                        0003469P0001740
142,0,3469,0,3473,2;                                             0003471P0001741
102,4,3475,3477,3479,3481;                                       0003473P0001742
110,605.,495.,110.,605.,495.,30.;                                0003475P0001743
110,605.,495.,30.,640.,495.,30.;                                 0003477P0001744
110,640.,495.,30.,640.,495.,110.;                                0003479P0001745
110,640.,495.,110.,605.,495.,110.;                               0003481P0001746
144,3485,1,0,3487;                                               0003483P0001747
108,0.,1.,0.,595.,0,605.,595.,30.,0.;                            0003485P0001748
142,0,3485,0,3489,2;                                             0003487P0001749
102,4,3491,3493,3495,3497;                                       0003489P0001750
110,640.,595.,30.,605.,595.,30.;                                 0003491P0001751
110,605.,595.,30.,605.,595.,110.;                                0003493P0001752
110,605.,595.,110.,640.,595.,110.;                               0003495P0001753
110,640.,595.,110.,640.,595.,30.;                                0003497P0001754
144,3501,1,0,3503;                                               0003499P0001755
108,-0.,-0.,-1.,-30.,0,605.,495.,30.,0.;                         0003501P0001756
142,0,3501,0,3505,2;                                             0003503P0001757
102,4,3507,3509,3511,3513;                                       0003505P0001758
110,640.,495.,30.,605.,495.,30.;                                 0003507P0001759
110,605.,495.,30.,605.,595.,30.;                                 0003509P0001760
110,605.,595.,30.,640.,595.,30.;                                 0003511P0001761
110,640.,595.,30.,640.,495.,30.;                                 0003513P0001762
144,3517,1,0,3519;                                               0003515P0001763
108,0.,0.,1.,110.,0,605.,495.,110.,0.;                           0003517P0001764
142,0,3517,0,3521,2;                                             0003519P0001765
102,4,3523,3525,3527,3529;                                       0003521P0001766
110,605.,595.,110.,605.,495.,110.;                               0003523P0001767
110,605.,495.,110.,640.,495.,110.;                               0003525P0001768
110,640.,495.,110.,640.,595.,110.;                               0003527P0001769
110,640.,595.,110.,605.,595.,110.;                               0003529P0001770
402,6,3533,3549,3565,3581,3597,3613;                             0003531P0001771
144,3535,1,0,3537;                                               0003533P0001772
108,-1.,-0.,-0.,-645.,0,645.,495.,30.,0.;                        0003535P0001773
142,0,3535,0,3539,2;                                             0003537P0001774
102,4,3541,3543,3545,3547;                                       0003539P0001775
110,645.,595.,30.,645.,495.,30.;                                 0003541P0001776
110,645.,495.,30.,645.,495.,110.;                                0003543P0001777
110,645.,495.,110.,645.,595.,110.;                               0003545P0001778
110,645.,595.,110.,645.,595.,30.;                                0003547P0001779
144,3551,1,0,3553;                                               0003549P0001780
108,1.,0.,0.,680.,0,680.,495.,30.,0.;                            0003551P0001781
142,0,3551,0,3555,2;                                             0003553P0001782
102,4,3557,3559,3561,3563;                                       0003555P0001783
110,680.,495.,110.,680.,495.,30.;                                0003557P0001784
110,680.,495.,30.,680.,595.,30.;                                 0003559P0001785
110,680.,595.,30.,680.,595.,110.;                                0003561P0001786
110,680.,595.,110.,680.,495.,110.;                               0003563P0001787
144,3567,1,0,3569;                                               0003565P0001788
108,-0.,-1.,-0.,-495.,0,645.,495.,30.,0.;                        0003567P0001789
142,0,3567,0,3571,2;                                             0003569P0001790
102,4,3573,3575,3577,3579;                                       0003571P0001791
110,645.,495.,110.,645.,495.,30.;                                0003573P0001792
110,645.,495.,30.,680.,495.,30.;                                 0003575P0001793
110,680.,495.,30.,680.,495.,110.;                                0003577P0001794
110,680.,495.,110.,645.,495.,110.;                               0003579P0001795
144,3583,1,0,3585;                                               0003581P0001796
108,0.,1.,0.,595.,0,645.,595.,30.,0.;                            0003583P0001797
142,0,3583,0,3587,2;                                             0003585P0001798
102,4,3589,3591,3593,3595;                                       0003587P0001799
110,680.,595.,30.,645.,595.,30.;                                 0003589P0001800
110,645.,595.,30.,645.,595.,110.;                                0003591P0001801
110,645.,595.,110.,680.,595.,110.;                               0003593P0001802
110,680.,595.,110.,680.,595.,30.;                                0003595P0001803
144,3599,1,0,3601;                                               0003597P0001804
108,-0.,-0.,-1.,-30.,0,645.,495.,30.,0.;                         0003599P0001805
142,0,3599,0,3603,2;                                             0003601P0001806
102,4,3605,3607,3609,3611;                                       0003603P0001807
110,680.,495.,30.,645.,495.,30.;                                 0003605P0001808
110,645.,495.,30.,645.,595.,30.;                                 0003607P0001809
110,645.,595.,30.,680.,595.,30.;                                 0003609P0001810
110,680.,595.,30.,680.,495.,30.;                                 0003611P0001811
144,3615,1,0,3617;                                               0003613P0001812
108,0.,0.,1.,110.,0,645.,495.,110.,0.;                           0003615P0001813
142,0,3615,0,3619,2;                                             0003617P0001814
102,4,3621,3623,3625,3627;                                       0003619P0001815
110,645.,595.,110.,645.,495.,110.;                               0003621P0001816
110,645.,495.,110.,680.,495.,110.;                               0003623P0001817
110,680.,495.,110.,680.,595.,110.;                               0003625P0001818
110,680.,595.,110.,645.,595.,110.;                               0003627P0001819
402,6,3631,3647,3663,3679,3695,3711;                             0003629P0001820
144,3633,1,0,3635;                                               0003631P0001821
108,-1.,-0.,-0.,-685.,0,685.,495.,30.,0.;                        0003633P0001822
142,0,3633,0,3637,2;                                             0003635P0001823
102,4,3639,3641,3643,3645;                                       0003637P0001824
110,685.,595.,30.,685.,495.,30.;                                 0003639P0001825
110,685.,495.,30.,685.,495.,110.;                                0003641P0001826
110,685.,495.,110.,685.,595.,110.;                               0003643P0001827
110,685.,595.,110.,685.,595.,30.;                                0003645P0001828
144,3649,1,0,3651;                                               0003647P0001829
108,1.,0.,0.,720.,0,720.,495.,30.,0.;                            0003649P0001830
142,0,3649,0,3653,2;                                             0003651P0001831
102,4,3655,3657,3659,3661;                                       0003653P0001832
110,720.,495.,110.,720.,495.,30.;                                0003655P0001833
110,720.,495.,30.,720.,595.,30.;                                 0003657P0001834
110,720.,595.,30.,720.,595.,110.;                                0003659P0001835
110,720.,595.,110.,720.,495.,110.;                               0003661P0001836
144,3665,1,0,3667;                                               0003663P0001837
108,-0.,-1.,-0.,-495.,0,685.,495.,30.,0.;                        0003665P0001838
142,0,3665,0,3669,2;                                             0003667P0001839
102,4,3671,3673,3675,3677;                                       0003669P0001840
110,685.,495.,110.,685.,495.,30.;                                0003671P0001841
110,685.,495.,30.,720.,495.,30.;                                 0003673P0001842
110,720.,495.,30.,720.,495.,110.;                                0003675P0001843
110,720.,495.,110.,685.,495.,110.;                               0003677P0001844
144,3681,1,0,3683;                                               0003679P0001845
108,0.,1.,0.,595.,0,685.,595.,30.,0.;                            0003681P0001846
142,0,3681,0,3685,2;                                             0003683P0001847
102,4,3687,3689,3691,3693;                                       0003685P0001848
110,720.,595.,30.,685.,595.,30.;                                 0003687P0001849
110,685.,595.,30.,685.,595.,110.;                                0003689P0001850
110,685.,595.,110.,720.,595.,110.;                               0003691P0001851
110,720.,595.,110.,720.,595.,30.;                                0003693P0001852
144,3697,1,0,3699;                                               0003695P0001853
108,-0.,-0.,-1.,-30.,0,685.,495.,30.,0.;                         0003697P0001854
142,0,3697,0,3701,2;                                             0003699P0001855
102,4,3703,3705,3707,3709;                                       0003701P0001856
110,720.,495.,30.,685.,495.,30.;                                 0003703P0001857
110,685.,495.,30.,685.,595.,30.;                                 0003705P0001858
110,685.,595.,30.,720.,595.,30.;                                 0003707P0001859
110,720.,595.,30.,720.,495.,30.;                                 0003709P0001860
144,3713,1,0,3715;                                               0003711P0001861
108,0.,0.,1.,110.,0,685.,495.,110.,0.;                           0003713P0001862
142,0,3713,0,3717,2;                                             0003715P0001863
102,4,3719,3721,3723,3725;                                       0003717P0001864
110,685.,595.,110.,685.,495.,110.;                               0003719P0001865
110,685.,495.,110.,720.,495.,110.;                               0003721P0001866
110,720.,495.,110.,720.,595.,110.;                               0003723P0001867
110,720.,595.,110.,685.,595.,110.;                               0003725P0001868
402,6,3729,3745,3761,3777,3793,3809;                             0003727P0001869
144,3731,1,0,3733;                                               0003729P0001870
108,-1.,-0.,-0.,-525.,0,525.,380.,30.,0.;                        0003731P0001871
142,0,3731,0,3735,2;                                             0003733P0001872
102,4,3737,3739,3741,3743;                                       0003735P0001873
110,525.,480.,30.,525.,380.,30.;                                 0003737P0001874
110,525.,380.,30.,525.,380.,110.;                                0003739P0001875
110,525.,380.,110.,525.,480.,110.;                               0003741P0001876
110,525.,480.,110.,525.,480.,30.;                                0003743P0001877
144,3747,1,0,3749;                                               0003745P0001878
108,1.,0.,0.,570.,0,570.,380.,30.,0.;                            0003747P0001879
142,0,3747,0,3751,2;                                             0003749P0001880
102,4,3753,3755,3757,3759;                                       0003751P0001881
110,570.,380.,110.,570.,380.,30.;                                0003753P0001882
110,570.,380.,30.,570.,480.,30.;                                 0003755P0001883
110,570.,480.,30.,570.,480.,110.;                                0003757P0001884
110,570.,480.,110.,570.,380.,110.;                               0003759P0001885
144,3763,1,0,3765;                                               0003761P0001886
108,-0.,-1.,-0.,-380.,0,525.,380.,30.,0.;                        0003763P0001887
142,0,3763,0,3767,2;                                             0003765P0001888
102,4,3769,3771,3773,3775;                                       0003767P0001889
110,525.,380.,110.,525.,380.,30.;                                0003769P0001890
110,525.,380.,30.,570.,380.,30.;                                 0003771P0001891
110,570.,380.,30.,570.,380.,110.;                                0003773P0001892
110,570.,380.,110.,525.,380.,110.;                               0003775P0001893
144,3779,1,0,3781;                                               0003777P0001894
108,0.,1.,0.,480.,0,525.,480.,30.,0.;                            0003779P0001895
142,0,3779,0,3783,2;                                             0003781P0001896
102,4,3785,3787,3789,3791;                                       0003783P0001897
110,570.,480.,30.,525.,480.,30.;                                 0003785P0001898
110,525.,480.,30.,525.,480.,110.;                                0003787P0001899
110,525.,480.,110.,570.,480.,110.;                               0003789P0001900
110,570.,480.,110.,570.,480.,30.;                                0003791P0001901
144,3795,1,0,3797;                                               0003793P0001902
108,-0.,-0.,-1.,-30.,0,525.,380.,30.,0.;                         0003795P0001903
142,0,3795,0,3799,2;                                             0003797P0001904
102,4,3801,3803,3805,3807;                                       0003799P0001905
110,570.,380.,30.,525.,380.,30.;                                 0003801P0001906
110,525.,380.,30.,525.,480.,30.;                                 0003803P0001907
110,525.,480.,30.,570.,480.,30.;                                 0003805P0001908
110,570.,480.,30.,570.,380.,30.;                                 0003807P0001909
144,3811,1,0,3813;                                               0003809P0001910
108,0.,0.,1.,110.,0,525.,380.,110.,0.;                           0003811P0001911
142,0,3811,0,3815,2;                                             0003813P0001912
102,4,3817,3819,3821,3823;                                       0003815P0001913
110,525.,480.,110.,525.,380.,110.;                               0003817P0001914
110,525.,380.,110.,570.,380.,110.;                               0003819P0001915
110,570.,380.,110.,570.,480.,110.;                               0003821P0001916
110,570.,480.,110.,525.,480.,110.;                               0003823P0001917
402,6,3827,3843,3859,3875,3891,3907;                             0003825P0001918
144,3829,1,0,3831;                                               0003827P0001919
108,-1.,-0.,-0.,-580.,0,580.,380.,30.,0.;                        0003829P0001920
142,0,3829,0,3833,2;                                             0003831P0001921
102,4,3835,3837,3839,3841;                                       0003833P0001922
110,580.,480.,30.,580.,380.,30.;                                 0003835P0001923
110,580.,380.,30.,580.,380.,110.;                                0003837P0001924
110,580.,380.,110.,580.,480.,110.;                               0003839P0001925
110,580.,480.,110.,580.,480.,30.;                                0003841P0001926
144,3845,1,0,3847;                                               0003843P0001927
108,1.,0.,0.,625.,0,625.,380.,30.,0.;                            0003845P0001928
142,0,3845,0,3849,2;                                             0003847P0001929
102,4,3851,3853,3855,3857;                                       0003849P0001930
110,625.,380.,110.,625.,380.,30.;                                0003851P0001931
110,625.,380.,30.,625.,480.,30.;                                 0003853P0001932
110,625.,480.,30.,625.,480.,110.;                                0003855P0001933
110,625.,480.,110.,625.,380.,110.;                               0003857P0001934
144,3861,1,0,3863;                                               0003859P0001935
108,-0.,-1.,-0.,-380.,0,580.,380.,30.,0.;                        0003861P0001936
142,0,3861,0,3865,2;                                             0003863P0001937
102,4,3867,3869,3871,3873;                                       0003865P0001938
110,580.,380.,110.,580.,380.,30.;                                0003867P0001939
110,580.,380.,30.,625.,380.,30.;                                 0003869P0001940
110,625.,380.,30.,625.,380.,110.;                                0003871P0001941
110,625.,380.,110.,580.,380.,110.;                               0003873P0001942
144,3877,1,0,3879;                                               0003875P0001943
108,0.,1.,0.,480.,0,580.,480.,30.,0.;                            0003877P0001944
142,0,3877,0,3881,2;                                             0003879P0001945
102,4,3883,3885,3887,3889;                                       0003881P0001946
110,625.,480.,30.,580.,480.,30.;                                 0003883P0001947
110,580.,480.,30.,580.,480.,110.;                                0003885P0001948
110,580.,480.,110.,625.,480.,110.;                               0003887P0001949
110,625.,480.,110.,625.,480.,30.;                                0003889P0001950
144,3893,1,0,3895;                                               0003891P0001951
108,-0.,-0.,-1.,-30.,0,580.,380.,30.,0.;                         0003893P0001952
142,0,3893,0,3897,2;                                             0003895P0001953
102,4,3899,3901,3903,3905;                                       0003897P0001954
110,625.,380.,30.,580.,380.,30.;                                 0003899P0001955
110,580.,380.,30.,580.,480.,30.;                                 0003901P0001956
110,580.,480.,30.,625.,480.,30.;                                 0003903P0001957
110,625.,480.,30.,625.,380.,30.;                                 0003905P0001958
144,3909,1,0,3911;                                               0003907P0001959
108,0.,0.,1.,110.,0,580.,380.,110.,0.;                           0003909P0001960
142,0,3909,0,3913,2;                                             0003911P0001961
102,4,3915,3917,3919,3921;                                       0003913P0001962
110,580.,480.,110.,580.,380.,110.;                               0003915P0001963
110,580.,380.,110.,625.,380.,110.;                               0003917P0001964
110,625.,380.,110.,625.,480.,110.;                               0003919P0001965
110,625.,480.,110.,580.,480.,110.;                               0003921P0001966
402,6,3925,3941,3957,3973,3989,4005;                             0003923P0001967
144,3927,1,0,3929;                                               0003925P0001968
108,-1.,-0.,-0.,-650.,0,650.,390.,30.,0.;                        0003927P0001969
142,0,3927,0,3931,2;                                             0003929P0001970
102,4,3933,3935,3937,3939;                                       0003931P0001971
110,650.,470.,30.,650.,390.,30.;                                 0003933P0001972
110,650.,390.,30.,650.,390.,85.;                                 0003935P0001973
110,650.,390.,85.,650.,470.,85.;                                 0003937P0001974
110,650.,470.,85.,650.,470.,30.;                                 0003939P0001975
144,3943,1,0,3945;                                               0003941P0001976
108,1.,0.,0.,720.,0,720.,390.,30.,0.;                            0003943P0001977
142,0,3943,0,3947,2;                                             0003945P0001978
102,4,3949,3951,3953,3955;                                       0003947P0001979
110,720.,390.,85.,720.,390.,30.;                                 0003949P0001980
110,720.,390.,30.,720.,470.,30.;                                 0003951P0001981
110,720.,470.,30.,720.,470.,85.;                                 0003953P0001982
110,720.,470.,85.,720.,390.,85.;                                 0003955P0001983
144,3959,1,0,3961;                                               0003957P0001984
108,-0.,-1.,-0.,-390.,0,650.,390.,30.,0.;                        0003959P0001985
142,0,3959,0,3963,2;                                             0003961P0001986
102,4,3965,3967,3969,3971;                                       0003963P0001987
110,650.,390.,85.,650.,390.,30.;                                 0003965P0001988
110,650.,390.,30.,720.,390.,30.;                                 0003967P0001989
110,720.,390.,30.,720.,390.,85.;                                 0003969P0001990
110,720.,390.,85.,650.,390.,85.;                                 0003971P0001991
144,3975,1,0,3977;                                               0003973P0001992
108,0.,1.,0.,470.,0,650.,470.,30.,0.;                            0003975P0001993
142,0,3975,0,3979,2;                                             0003977P0001994
102,4,3981,3983,3985,3987;                                       0003979P0001995
110,720.,470.,30.,650.,470.,30.;                                 0003981P0001996
110,650.,470.,30.,650.,470.,85.;                                 0003983P0001997
110,650.,470.,85.,720.,470.,85.;                                 0003985P0001998
110,720.,470.,85.,720.,470.,30.;                                 0003987P0001999
144,3991,1,0,3993;                                               0003989P0002000
108,-0.,-0.,-1.,-30.,0,650.,390.,30.,0.;                         0003991P0002001
142,0,3991,0,3995,2;                                             0003993P0002002
102,4,3997,3999,4001,4003;                                       0003995P0002003
110,720.,390.,30.,650.,390.,30.;                                 0003997P0002004
110,650.,390.,30.,650.,470.,30.;                                 0003999P0002005
110,650.,470.,30.,720.,470.,30.;                                 0004001P0002006
110,720.,470.,30.,720.,390.,30.;                                 0004003P0002007
144,4007,1,0,4009;                                               0004005P0002008
108,0.,0.,1.,85.,0,650.,390.,85.,0.;                             0004007P0002009
142,0,4007,0,4011,2;                                             0004009P0002010
102,4,4013,4015,4017,4019;                                       0004011P0002011
110,650.,470.,85.,650.,390.,85.;                                 0004013P0002012
110,650.,390.,85.,720.,390.,85.;                                 0004015P0002013
110,720.,390.,85.,720.,470.,85.;                                 0004017P0002014
110,720.,470.,85.,650.,470.,85.;                                 0004019P0002015
402,6,4023,4039,4055,4071,4087,4103;                             0004021P0002016
144,4025,1,0,4027;                                               0004023P0002017
108,-1.,-0.,-0.,-45.,0,45.,245.,30.,0.;                          0004025P0002018
142,0,4025,0,4029,2;                                             0004027P0002019
102,4,4031,4033,4035,4037;                                       0004029P0002020
110,45.,325.,30.,45.,245.,30.;                                   0004031P0002021
110,45.,245.,30.,45.,245.,105.;                                  0004033P0002022
110,45.,245.,105.,45.,325.,105.;                                 0004035P0002023
110,45.,325.,105.,45.,325.,30.;                                  0004037P0002024
144,4041,1,0,4043;                                               0004039P0002025
108,1.,0.,0.,79.875,0,79.875,245.,30.,0.;                        0004041P0002026
142,0,4041,0,4045,2;                                             0004043P0002027
102,4,4047,4049,4051,4053;                                       0004045P0002028
110,79.875,245.,105.,79.875,245.,30.;                            0004047P0002029
110,79.875,245.,30.,79.875,325.,30.;                             0004049P0002030
110,79.875,325.,30.,79.875,325.,105.;                            0004051P0002031
110,79.875,325.,105.,79.875,245.,105.;                           0004053P0002032
144,4057,1,0,4059;                                               0004055P0002033
108,-0.,-1.,-0.,-245.,0,45.,245.,30.,0.;                         0004057P0002034
142,0,4057,0,4061,2;                                             0004059P0002035
102,4,4063,4065,4067,4069;                                       0004061P0002036
110,45.,245.,105.,45.,245.,30.;                                  0004063P0002037
110,45.,245.,30.,79.875,245.,30.;                                0004065P0002038
110,79.875,245.,30.,79.875,245.,105.;                            0004067P0002039
110,79.875,245.,105.,45.,245.,105.;                              0004069P0002040
144,4073,1,0,4075;                                               0004071P0002041
108,0.,1.,0.,325.,0,45.,325.,30.,0.;                             0004073P0002042
142,0,4073,0,4077,2;                                             0004075P0002043
102,4,4079,4081,4083,4085;                                       0004077P0002044
110,79.875,325.,30.,45.,325.,30.;                                0004079P0002045
110,45.,325.,30.,45.,325.,105.;                                  0004081P0002046
110,45.,325.,105.,79.875,325.,105.;                              0004083P0002047
110,79.875,325.,105.,79.875,325.,30.;                            0004085P0002048
144,4089,1,0,4091;                                               0004087P0002049
108,-0.,-0.,-1.,-30.,0,45.,245.,30.,0.;                          0004089P0002050
142,0,4089,0,4093,2;                                             0004091P0002051
102,4,4095,4097,4099,4101;                                       0004093P0002052
110,79.875,245.,30.,45.,245.,30.;                                0004095P0002053
110,45.,245.,30.,45.,325.,30.;                                   0004097P0002054
110,45.,325.,30.,79.875,325.,30.;                                0004099P0002055
110,79.875,325.,30.,79.875,245.,30.;                             0004101P0002056
144,4105,1,0,4107;                                               0004103P0002057
108,0.,0.,1.,105.,0,45.,245.,105.,0.;                            0004105P0002058
142,0,4105,0,4109,2;                                             0004107P0002059
102,4,4111,4113,4115,4117;                                       0004109P0002060
110,45.,325.,105.,45.,245.,105.;                                 0004111P0002061
110,45.,245.,105.,79.875,245.,105.;                              0004113P0002062
110,79.875,245.,105.,79.875,325.,105.;                           0004115P0002063
110,79.875,325.,105.,45.,325.,105.;                              0004117P0002064
402,6,4121,4137,4153,4169,4185,4201;                             0004119P0002065
144,4123,1,0,4125;                                               0004121P0002066
108,-1.,-0.,-0.,-82.875,0,82.875,245.,30.,0.;                    0004123P0002067
142,0,4123,0,4127,2;                                             0004125P0002068
102,4,4129,4131,4133,4135;                                       0004127P0002069
110,82.875,325.,30.,82.875,245.,30.;                             0004129P0002070
110,82.875,245.,30.,82.875,245.,105.;                            0004131P0002071
110,82.875,245.,105.,82.875,325.,105.;                           0004133P0002072
110,82.875,325.,105.,82.875,325.,30.;                            0004135P0002073
144,4139,1,0,4141;                                               0004137P0002074
108,1.,0.,0.,117.75,0,117.75,245.,30.,0.;                        0004139P0002075
142,0,4139,0,4143,2;                                             0004141P0002076
102,4,4145,4147,4149,4151;                                       0004143P0002077
110,117.75,245.,105.,117.75,245.,30.;                            0004145P0002078
110,117.75,245.,30.,117.75,325.,30.;                             0004147P0002079
110,117.75,325.,30.,117.75,325.,105.;                            0004149P0002080
110,117.75,325.,105.,117.75,245.,105.;                           0004151P0002081
144,4155,1,0,4157;                                               0004153P0002082
108,-0.,-1.,-0.,-245.,0,82.875,245.,30.,0.;                      0004155P0002083
142,0,4155,0,4159,2;                                             0004157P0002084
102,4,4161,4163,4165,4167;                                       0004159P0002085
110,82.875,245.,105.,82.875,245.,30.;                            0004161P0002086
110,82.875,245.,30.,117.75,245.,30.;                             0004163P0002087
110,117.75,245.,30.,117.75,245.,105.;                            0004165P0002088
110,117.75,245.,105.,82.875,245.,105.;                           0004167P0002089
144,4171,1,0,4173;                                               0004169P0002090
108,0.,1.,0.,325.,0,82.875,325.,30.,0.;                          0004171P0002091
142,0,4171,0,4175,2;                                             0004173P0002092
102,4,4177,4179,4181,4183;                                       0004175P0002093
110,117.75,325.,30.,82.875,325.,30.;                             0004177P0002094
110,82.875,325.,30.,82.875,325.,105.;                            0004179P0002095
110,82.875,325.,105.,117.75,325.,105.;                           0004181P0002096
110,117.75,325.,105.,117.75,325.,30.;                            0004183P0002097
144,4187,1,0,4189;                                               0004185P0002098
108,-0.,-0.,-1.,-30.,0,82.875,245.,30.,0.;                       0004187P0002099
142,0,4187,0,4191,2;                                             0004189P0002100
102,4,4193,4195,4197,4199;                                       0004191P0002101
110,117.75,245.,30.,82.875,245.,30.;                             0004193P0002102
110,82.875,245.,30.,82.875,325.,30.;                             0004195P0002103
110,82.875,325.,30.,117.75,325.,30.;                             0004197P0002104
110,117.75,325.,30.,117.75,245.,30.;                             0004199P0002105
144,4203,1,0,4205;                                               0004201P0002106
108,0.,0.,1.,105.,0,82.875,245.,105.,0.;                         0004203P0002107
142,0,4203,0,4207,2;                                             0004205P0002108
102,4,4209,4211,4213,4215;                                       0004207P0002109
110,82.875,325.,105.,82.875,245.,105.;                           0004209P0002110
110,82.875,245.,105.,117.75,245.,105.;                           0004211P0002111
110,117.75,245.,105.,117.75,325.,105.;                           0004213P0002112
110,117.75,325.,105.,82.875,325.,105.;                           0004215P0002113
402,6,4219,4235,4251,4267,4283,4299;                             0004217P0002114
144,4221,1,0,4223;                                               0004219P0002115
108,-1.,-0.,-0.,-120.75,0,120.75,245.,30.,0.;                    0004221P0002116
142,0,4221,0,4225,2;                                             0004223P0002117
102,4,4227,4229,4231,4233;                                       0004225P0002118
110,120.75,325.,30.,120.75,245.,30.;                             0004227P0002119
110,120.75,245.,30.,120.75,245.,105.;                            0004229P0002120
110,120.75,245.,105.,120.75,325.,105.;                           0004231P0002121
110,120.75,325.,105.,120.75,325.,30.;                            0004233P0002122
144,4237,1,0,4239;                                               0004235P0002123
108,1.,0.,0.,155.625,0,155.625,245.,30.,0.;                      0004237P0002124
142,0,4237,0,4241,2;                                             0004239P0002125
102,4,4243,4245,4247,4249;                                       0004241P0002126
110,155.625,245.,105.,155.625,245.,30.;                          0004243P0002127
110,155.625,245.,30.,155.625,325.,30.;                           0004245P0002128
110,155.625,325.,30.,155.625,325.,105.;                          0004247P0002129
110,155.625,325.,105.,155.625,245.,105.;                         0004249P0002130
144,4253,1,0,4255;                                               0004251P0002131
108,-0.,-1.,-0.,-245.,0,120.75,245.,30.,0.;                      0004253P0002132
142,0,4253,0,4257,2;                                             0004255P0002133
102,4,4259,4261,4263,4265;                                       0004257P0002134
110,120.75,245.,105.,120.75,245.,30.;                            0004259P0002135
110,120.75,245.,30.,155.625,245.,30.;                            0004261P0002136
110,155.625,245.,30.,155.625,245.,105.;                          0004263P0002137
110,155.625,245.,105.,120.75,245.,105.;                          0004265P0002138
144,4269,1,0,4271;                                               0004267P0002139
108,0.,1.,0.,325.,0,120.75,325.,30.,0.;                          0004269P0002140
142,0,4269,0,4273,2;                                             0004271P0002141
102,4,4275,4277,4279,4281;                                       0004273P0002142
110,155.625,325.,30.,120.75,325.,30.;                            0004275P0002143
110,120.75,325.,30.,120.75,325.,105.;                            0004277P0002144
110,120.75,325.,105.,155.625,325.,105.;                          0004279P0002145
110,155.625,325.,105.,155.625,325.,30.;                          0004281P0002146
144,4285,1,0,4287;                                               0004283P0002147
108,-0.,-0.,-1.,-30.,0,120.75,245.,30.,0.;                       0004285P0002148
142,0,4285,0,4289,2;                                             0004287P0002149
102,4,4291,4293,4295,4297;                                       0004289P0002150
110,155.625,245.,30.,120.75,245.,30.;                            0004291P0002151
110,120.75,245.,30.,120.75,325.,30.;                             0004293P0002152
110,120.75,325.,30.,155.625,325.,30.;                            0004295P0002153
110,155.625,325.,30.,155.625,245.,30.;                           0004297P0002154
144,4301,1,0,4303;                                               0004299P0002155
108,0.,0.,1.,105.,0,120.75,245.,105.,0.;                         0004301P0002156
142,0,4301,0,4305,2;                                             0004303P0002157
102,4,4307,4309,4311,4313;                                       0004305P0002158
110,120.75,325.,105.,120.75,245.,105.;                           0004307P0002159
110,120.75,245.,105.,155.625,245.,105.;                          0004309P0002160
110,155.625,245.,105.,155.625,325.,105.;                         0004311P0002161
110,155.625,325.,105.,120.75,325.,105.;                          0004313P0002162
402,6,4317,4333,4349,4365,4381,4397;                             0004315P0002163
144,4319,1,0,4321;                                               0004317P0002164
108,-1.,-0.,-0.,-158.625,0,158.625,245.,30.,0.;                  0004319P0002165
142,0,4319,0,4323,2;                                             0004321P0002166
102,4,4325,4327,4329,4331;                                       0004323P0002167
110,158.625,325.,30.,158.625,245.,30.;                           0004325P0002168
110,158.625,245.,30.,158.625,245.,105.;                          0004327P0002169
110,158.625,245.,105.,158.625,325.,105.;                         0004329P0002170
110,158.625,325.,105.,158.625,325.,30.;                          0004331P0002171
144,4335,1,0,4337;                                               0004333P0002172
108,1.,0.,0.,193.5,0,193.5,245.,30.,0.;                          0004335P0002173
142,0,4335,0,4339,2;                                             0004337P0002174
102,4,4341,4343,4345,4347;                                       0004339P0002175
110,193.5,245.,105.,193.5,245.,30.;                              0004341P0002176
110,193.5,245.,30.,193.5,325.,30.;                               0004343P0002177
110,193.5,325.,30.,193.5,325.,105.;                              0004345P0002178
110,193.5,325.,105.,193.5,245.,105.;                             0004347P0002179
144,4351,1,0,4353;                                               0004349P0002180
108,-0.,-1.,-0.,-245.,0,158.625,245.,30.,0.;                     0004351P0002181
142,0,4351,0,4355,2;                                             0004353P0002182
102,4,4357,4359,4361,4363;                                       0004355P0002183
110,158.625,245.,105.,158.625,245.,30.;                          0004357P0002184
110,158.625,245.,30.,193.5,245.,30.;                             0004359P0002185
110,193.5,245.,30.,193.5,245.,105.;                              0004361P0002186
110,193.5,245.,105.,158.625,245.,105.;                           0004363P0002187
144,4367,1,0,4369;                                               0004365P0002188
108,0.,1.,0.,325.,0,158.625,325.,30.,0.;                         0004367P0002189
142,0,4367,0,4371,2;                                             0004369P0002190
102,4,4373,4375,4377,4379;                                       0004371P0002191
110,193.5,325.,30.,158.625,325.,30.;                             0004373P0002192
110,158.625,325.,30.,158.625,325.,105.;                          0004375P0002193
110,158.625,325.,105.,193.5,325.,105.;                           0004377P0002194
110,193.5,325.,105.,193.5,325.,30.;                              0004379P0002195
144,4383,1,0,4385;                                               0004381P0002196
108,-0.,-0.,-1.,-30.,0,158.625,245.,30.,0.;                      0004383P0002197
142,0,4383,0,4387,2;                                             0004385P0002198
102,4,4389,4391,4393,4395;                                       0004387P0002199
110,193.5,245.,30.,158.625,245.,30.;                             0004389P0002200
110,158.625,245.,30.,158.625,325.,30.;                           0004391P0002201
110,158.625,325.,30.,193.5,325.,30.;                             0004393P0002202
110,193.5,325.,30.,193.5,245.,30.;                               0004395P0002203
144,4399,1,0,4401;                                               0004397P0002204
108,0.,0.,1.,105.,0,158.625,245.,105.,0.;                        0004399P0002205
142,0,4399,0,4403,2;                                             0004401P0002206
102,4,4405,4407,4409,4411;                                       0004403P0002207
110,158.625,325.,105.,158.625,245.,105.;                         0004405P0002208
110,158.625,245.,105.,193.5,245.,105.;                           0004407P0002209
110,193.5,245.,105.,193.5,325.,105.;                             0004409P0002210
110,193.5,325.,105.,158.625,325.,105.;                           0004411P0002211
402,6,4415,4431,4447,4463,4479,4495;                             0004413P0002212
144,4417,1,0,4419;                                               0004415P0002213
108,-1.,-0.,-0.,-196.5,0,196.5,245.,30.,0.;                      0004417P0002214
142,0,4417,0,4421,2;                                             0004419P0002215
102,4,4423,4425,4427,4429;                                       0004421P0002216
110,196.5,325.,30.,196.5,245.,30.;                               0004423P0002217
110,196.5,245.,30.,196.5,245.,105.;                              0004425P0002218
110,196.5,245.,105.,196.5,325.,105.;                             0004427P0002219
110,196.5,325.,105.,196.5,325.,30.;                              0004429P0002220
144,4433,1,0,4435;                                               0004431P0002221
108,1.,0.,0.,231.375,0,231.375,245.,30.,0.;                      0004433P0002222
142,0,4433,0,4437,2;                                             0004435P0002223
102,4,4439,4441,4443,4445;                                       0004437P0002224
110,231.375,245.,105.,231.375,245.,30.;                          0004439P0002225
110,231.375,245.,30.,231.375,325.,30.;                           0004441P0002226
110,231.375,325.,30.,231.375,325.,105.;                          0004443P0002227
110,231.375,325.,105.,231.375,245.,105.;                         0004445P0002228
144,4449,1,0,4451;                                               0004447P0002229
108,-0.,-1.,-0.,-245.,0,196.5,245.,30.,0.;                       0004449P0002230
142,0,4449,0,4453,2;                                             0004451P0002231
102,4,4455,4457,4459,4461;                                       0004453P0002232
110,196.5,245.,105.,196.5,245.,30.;                              0004455P0002233
110,196.5,245.,30.,231.375,245.,30.;                             0004457P0002234
110,231.375,245.,30.,231.375,245.,105.;                          0004459P0002235
110,231.375,245.,105.,196.5,245.,105.;                           0004461P0002236
144,4465,1,0,4467;                                               0004463P0002237
108,0.,1.,0.,325.,0,196.5,325.,30.,0.;                           0004465P0002238
142,0,4465,0,4469,2;                                             0004467P0002239
102,4,4471,4473,4475,4477;                                       0004469P0002240
110,231.375,325.,30.,196.5,325.,30.;                             0004471P0002241
110,196.5,325.,30.,196.5,325.,105.;                              0004473P0002242
110,196.5,325.,105.,231.375,325.,105.;                           0004475P0002243
110,231.375,325.,105.,231.375,325.,30.;                          0004477P0002244
144,4481,1,0,4483;                                               0004479P0002245
108,-0.,-0.,-1.,-30.,0,196.5,245.,30.,0.;                        0004481P0002246
142,0,4481,0,4485,2;                                             0004483P0002247
102,4,4487,4489,4491,4493;                                       0004485P0002248
110,231.375,245.,30.,196.5,245.,30.;                             0004487P0002249
110,196.5,245.,30.,196.5,325.,30.;                               0004489P0002250
110,196.5,325.,30.,231.375,325.,30.;                             0004491P0002251
110,231.375,325.,30.,231.375,245.,30.;                           0004493P0002252
144,4497,1,0,4499;                                               0004495P0002253
108,0.,0.,1.,105.,0,196.5,245.,105.,0.;                          0004497P0002254
142,0,4497,0,4501,2;                                             0004499P0002255
102,4,4503,4505,4507,4509;                                       0004501P0002256
110,196.5,325.,105.,196.5,245.,105.;                             0004503P0002257
110,196.5,245.,105.,231.375,245.,105.;                           0004505P0002258
110,231.375,245.,105.,231.375,325.,105.;                         0004507P0002259
110,231.375,325.,105.,196.5,325.,105.;                           0004509P0002260
402,6,4513,4529,4545,4561,4577,4593;                             0004511P0002261
144,4515,1,0,4517;                                               0004513P0002262
108,-1.,-0.,-0.,-234.375,0,234.375,245.,30.,0.;                  0004515P0002263
142,0,4515,0,4519,2;                                             0004517P0002264
102,4,4521,4523,4525,4527;                                       0004519P0002265
110,234.375,325.,30.,234.375,245.,30.;                           0004521P0002266
110,234.375,245.,30.,234.375,245.,105.;                          0004523P0002267
110,234.375,245.,105.,234.375,325.,105.;                         0004525P0002268
110,234.375,325.,105.,234.375,325.,30.;                          0004527P0002269
144,4531,1,0,4533;                                               0004529P0002270
108,1.,0.,0.,269.25,0,269.25,245.,30.,0.;                        0004531P0002271
142,0,4531,0,4535,2;                                             0004533P0002272
102,4,4537,4539,4541,4543;                                       0004535P0002273
110,269.25,245.,105.,269.25,245.,30.;                            0004537P0002274
110,269.25,245.,30.,269.25,325.,30.;                             0004539P0002275
110,269.25,325.,30.,269.25,325.,105.;                            0004541P0002276
110,269.25,325.,105.,269.25,245.,105.;                           0004543P0002277
144,4547,1,0,4549;                                               0004545P0002278
108,-0.,-1.,-0.,-245.,0,234.375,245.,30.,0.;                     0004547P0002279
142,0,4547,0,4551,2;                                             0004549P0002280
102,4,4553,4555,4557,4559;                                       0004551P0002281
110,234.375,245.,105.,234.375,245.,30.;                          0004553P0002282
110,234.375,245.,30.,269.25,245.,30.;                            0004555P0002283
110,269.25,245.,30.,269.25,245.,105.;                            0004557P0002284
110,269.25,245.,105.,234.375,245.,105.;                          0004559P0002285
144,4563,1,0,4565;                                               0004561P0002286
108,0.,1.,0.,325.,0,234.375,325.,30.,0.;                         0004563P0002287
142,0,4563,0,4567,2;                                             0004565P0002288
102,4,4569,4571,4573,4575;                                       0004567P0002289
110,269.25,325.,30.,234.375,325.,30.;                            0004569P0002290
110,234.375,325.,30.,234.375,325.,105.;                          0004571P0002291
110,234.375,325.,105.,269.25,325.,105.;                          0004573P0002292
110,269.25,325.,105.,269.25,325.,30.;                            0004575P0002293
144,4579,1,0,4581;                                               0004577P0002294
108,-0.,-0.,-1.,-30.,0,234.375,245.,30.,0.;                      0004579P0002295
142,0,4579,0,4583,2;                                             0004581P0002296
102,4,4585,4587,4589,4591;                                       0004583P0002297
110,269.25,245.,30.,234.375,245.,30.;                            0004585P0002298
110,234.375,245.,30.,234.375,325.,30.;                           0004587P0002299
110,234.375,325.,30.,269.25,325.,30.;                            0004589P0002300
110,269.25,325.,30.,269.25,245.,30.;                             0004591P0002301
144,4595,1,0,4597;                                               0004593P0002302
108,0.,0.,1.,105.,0,234.375,245.,105.,0.;                        0004595P0002303
142,0,4595,0,4599,2;                                             0004597P0002304
102,4,4601,4603,4605,4607;                                       0004599P0002305
110,234.375,325.,105.,234.375,245.,105.;                         0004601P0002306
110,234.375,245.,105.,269.25,245.,105.;                          0004603P0002307
110,269.25,245.,105.,269.25,325.,105.;                           0004605P0002308
110,269.25,325.,105.,234.375,325.,105.;                          0004607P0002309
402,6,4611,4627,4643,4659,4675,4691;                             0004609P0002310
144,4613,1,0,4615;                                               0004611P0002311
108,-1.,-0.,-0.,-272.25,0,272.25,245.,30.,0.;                    0004613P0002312
142,0,4613,0,4617,2;                                             0004615P0002313
102,4,4619,4621,4623,4625;                                       0004617P0002314
110,272.25,325.,30.,272.25,245.,30.;                             0004619P0002315
110,272.25,245.,30.,272.25,245.,105.;                            0004621P0002316
110,272.25,245.,105.,272.25,325.,105.;                           0004623P0002317
110,272.25,325.,105.,272.25,325.,30.;                            0004625P0002318
144,4629,1,0,4631;                                               0004627P0002319
108,1.,0.,0.,307.125,0,307.125,245.,30.,0.;                      0004629P0002320
142,0,4629,0,4633,2;                                             0004631P0002321
102,4,4635,4637,4639,4641;                                       0004633P0002322
110,307.125,245.,105.,307.125,245.,30.;                          0004635P0002323
110,307.125,245.,30.,307.125,325.,30.;                           0004637P0002324
110,307.125,325.,30.,307.125,325.,105.;                          0004639P0002325
110,307.125,325.,105.,307.125,245.,105.;                         0004641P0002326
144,4645,1,0,4647;                                               0004643P0002327
108,-0.,-1.,-0.,-245.,0,272.25,245.,30.,0.;                      0004645P0002328
142,0,4645,0,4649,2;                                             0004647P0002329
102,4,4651,4653,4655,4657;                                       0004649P0002330
110,272.25,245.,105.,272.25,245.,30.;                            0004651P0002331
110,272.25,245.,30.,307.125,245.,30.;                            0004653P0002332
110,307.125,245.,30.,307.125,245.,105.;                          0004655P0002333
110,307.125,245.,105.,272.25,245.,105.;                          0004657P0002334
144,4661,1,0,4663;                                               0004659P0002335
108,0.,1.,0.,325.,0,272.25,325.,30.,0.;                          0004661P0002336
142,0,4661,0,4665,2;                                             0004663P0002337
102,4,4667,4669,4671,4673;                                       0004665P0002338
110,307.125,325.,30.,272.25,325.,30.;                            0004667P0002339
110,272.25,325.,30.,272.25,325.,105.;                            0004669P0002340
110,272.25,325.,105.,307.125,325.,105.;                          0004671P0002341
110,307.125,325.,105.,307.125,325.,30.;                          0004673P0002342
144,4677,1,0,4679;                                               0004675P0002343
108,-0.,-0.,-1.,-30.,0,272.25,245.,30.,0.;                       0004677P0002344
142,0,4677,0,4681,2;                                             0004679P0002345
102,4,4683,4685,4687,4689;                                       0004681P0002346
110,307.125,245.,30.,272.25,245.,30.;                            0004683P0002347
110,272.25,245.,30.,272.25,325.,30.;                             0004685P0002348
110,272.25,325.,30.,307.125,325.,30.;                            0004687P0002349
110,307.125,325.,30.,307.125,245.,30.;                           0004689P0002350
144,4693,1,0,4695;                                               0004691P0002351
108,0.,0.,1.,105.,0,272.25,245.,105.,0.;                         0004693P0002352
142,0,4693,0,4697,2;                                             0004695P0002353
102,4,4699,4701,4703,4705;                                       0004697P0002354
110,272.25,325.,105.,272.25,245.,105.;                           0004699P0002355
110,272.25,245.,105.,307.125,245.,105.;                          0004701P0002356
110,307.125,245.,105.,307.125,325.,105.;                         0004703P0002357
110,307.125,325.,105.,272.25,325.,105.;                          0004705P0002358
402,6,4709,4725,4741,4757,4773,4789;                             0004707P0002359
144,4711,1,0,4713;                                               0004709P0002360
108,-1.,-0.,-0.,-310.125,0,310.125,245.,30.,0.;                  0004711P0002361
142,0,4711,0,4715,2;                                             0004713P0002362
102,4,4717,4719,4721,4723;                                       0004715P0002363
110,310.125,325.,30.,310.125,245.,30.;                           0004717P0002364
110,310.125,245.,30.,310.125,245.,105.;                          0004719P0002365
110,310.125,245.,105.,310.125,325.,105.;                         0004721P0002366
110,310.125,325.,105.,310.125,325.,30.;                          0004723P0002367
144,4727,1,0,4729;                                               0004725P0002368
108,1.,0.,0.,345.,0,345.,245.,30.,0.;                            0004727P0002369
142,0,4727,0,4731,2;                                             0004729P0002370
102,4,4733,4735,4737,4739;                                       0004731P0002371
110,345.,245.,105.,345.,245.,30.;                                0004733P0002372
110,345.,245.,30.,345.,325.,30.;                                 0004735P0002373
110,345.,325.,30.,345.,325.,105.;                                0004737P0002374
110,345.,325.,105.,345.,245.,105.;                               0004739P0002375
144,4743,1,0,4745;                                               0004741P0002376
108,-0.,-1.,-0.,-245.,0,310.125,245.,30.,0.;                     0004743P0002377
142,0,4743,0,4747,2;                                             0004745P0002378
102,4,4749,4751,4753,4755;                                       0004747P0002379
110,310.125,245.,105.,310.125,245.,30.;                          0004749P0002380
110,310.125,245.,30.,345.,245.,30.;                              0004751P0002381
110,345.,245.,30.,345.,245.,105.;                                0004753P0002382
110,345.,245.,105.,310.125,245.,105.;                            0004755P0002383
144,4759,1,0,4761;                                               0004757P0002384
108,0.,1.,0.,325.,0,310.125,325.,30.,0.;                         0004759P0002385
142,0,4759,0,4763,2;                                             0004761P0002386
102,4,4765,4767,4769,4771;                                       0004763P0002387
110,345.,325.,30.,310.125,325.,30.;                              0004765P0002388
110,310.125,325.,30.,310.125,325.,105.;                          0004767P0002389
110,310.125,325.,105.,345.,325.,105.;                            0004769P0002390
110,345.,325.,105.,345.,325.,30.;                                0004771P0002391
144,4775,1,0,4777;                                               0004773P0002392
108,-0.,-0.,-1.,-30.,0,310.125,245.,30.,0.;                      0004775P0002393
142,0,4775,0,4779,2;                                             0004777P0002394
102,4,4781,4783,4785,4787;                                       0004779P0002395
110,345.,245.,30.,310.125,245.,30.;                              0004781P0002396
110,310.125,245.,30.,310.125,325.,30.;                           0004783P0002397
110,310.125,325.,30.,345.,325.,30.;                              0004785P0002398
110,345.,325.,30.,345.,245.,30.;                                 0004787P0002399
144,4791,1,0,4793;                                               0004789P0002400
108,0.,0.,1.,105.,0,310.125,245.,105.,0.;                        0004791P0002401
142,0,4791,0,4795,2;                                             0004793P0002402
102,4,4797,4799,4801,4803;                                       0004795P0002403
110,310.125,325.,105.,310.125,245.,105.;                         0004797P0002404
110,310.125,245.,105.,345.,245.,105.;                            0004799P0002405
110,345.,245.,105.,345.,325.,105.;                               0004801P0002406
110,345.,325.,105.,310.125,325.,105.;                            0004803P0002407
402,6,4807,4823,4839,4855,4871,4887;                             0004805P0002408
144,4809,1,0,4811;                                               0004807P0002409
108,-1.,-0.,-0.,-365.,0,365.,245.,30.,0.;                        0004809P0002410
142,0,4809,0,4813,2;                                             0004811P0002411
102,4,4815,4817,4819,4821;                                       0004813P0002412
110,365.,325.,30.,365.,245.,30.;                                 0004815P0002413
110,365.,245.,30.,365.,245.,105.;                                0004817P0002414
110,365.,245.,105.,365.,325.,105.;                               0004819P0002415
110,365.,325.,105.,365.,325.,30.;                                0004821P0002416
144,4825,1,0,4827;                                               0004823P0002417
108,1.,0.,0.,401.,0,401.,245.,30.,0.;                            0004825P0002418
142,0,4825,0,4829,2;                                             0004827P0002419
102,4,4831,4833,4835,4837;                                       0004829P0002420
110,401.,245.,105.,401.,245.,30.;                                0004831P0002421
110,401.,245.,30.,401.,325.,30.;                                 0004833P0002422
110,401.,325.,30.,401.,325.,105.;                                0004835P0002423
110,401.,325.,105.,401.,245.,105.;                               0004837P0002424
144,4841,1,0,4843;                                               0004839P0002425
108,-0.,-1.,-0.,-245.,0,365.,245.,30.,0.;                        0004841P0002426
142,0,4841,0,4845,2;                                             0004843P0002427
102,4,4847,4849,4851,4853;                                       0004845P0002428
110,365.,245.,105.,365.,245.,30.;                                0004847P0002429
110,365.,245.,30.,401.,245.,30.;                                 0004849P0002430
110,401.,245.,30.,401.,245.,105.;                                0004851P0002431
110,401.,245.,105.,365.,245.,105.;                               0004853P0002432
144,4857,1,0,4859;                                               0004855P0002433
108,0.,1.,0.,325.,0,365.,325.,30.,0.;                            0004857P0002434
142,0,4857,0,4861,2;                                             0004859P0002435
102,4,4863,4865,4867,4869;                                       0004861P0002436
110,401.,325.,30.,365.,325.,30.;                                 0004863P0002437
110,365.,325.,30.,365.,325.,105.;                                0004865P0002438
110,365.,325.,105.,401.,325.,105.;                               0004867P0002439
110,401.,325.,105.,401.,325.,30.;                                0004869P0002440
144,4873,1,0,4875;                                               0004871P0002441
108,-0.,-0.,-1.,-30.,0,365.,245.,30.,0.;                         0004873P0002442
142,0,4873,0,4877,2;                                             0004875P0002443
102,4,4879,4881,4883,4885;                                       0004877P0002444
110,401.,245.,30.,365.,245.,30.;                                 0004879P0002445
110,365.,245.,30.,365.,325.,30.;                                 0004881P0002446
110,365.,325.,30.,401.,325.,30.;                                 0004883P0002447
110,401.,325.,30.,401.,245.,30.;                                 0004885P0002448
144,4889,1,0,4891;                                               0004887P0002449
108,0.,0.,1.,105.,0,365.,245.,105.,0.;                           0004889P0002450
142,0,4889,0,4893,2;                                             0004891P0002451
102,4,4895,4897,4899,4901;                                       0004893P0002452
110,365.,325.,105.,365.,245.,105.;                               0004895P0002453
110,365.,245.,105.,401.,245.,105.;                               0004897P0002454
110,401.,245.,105.,401.,325.,105.;                               0004899P0002455
110,401.,325.,105.,365.,325.,105.;                               0004901P0002456
402,6,4905,4921,4937,4953,4969,4985;                             0004903P0002457
144,4907,1,0,4909;                                               0004905P0002458
108,-1.,-0.,-0.,-404.,0,404.,245.,30.,0.;                        0004907P0002459
142,0,4907,0,4911,2;                                             0004909P0002460
102,4,4913,4915,4917,4919;                                       0004911P0002461
110,404.,325.,30.,404.,245.,30.;                                 0004913P0002462
110,404.,245.,30.,404.,245.,105.;                                0004915P0002463
110,404.,245.,105.,404.,325.,105.;                               0004917P0002464
110,404.,325.,105.,404.,325.,30.;                                0004919P0002465
144,4923,1,0,4925;                                               0004921P0002466
108,1.,0.,0.,440.,0,440.,245.,30.,0.;                            0004923P0002467
142,0,4923,0,4927,2;                                             0004925P0002468
102,4,4929,4931,4933,4935;                                       0004927P0002469
110,440.,245.,105.,440.,245.,30.;                                0004929P0002470
110,440.,245.,30.,440.,325.,30.;                                 0004931P0002471
110,440.,325.,30.,440.,325.,105.;                                0004933P0002472
110,440.,325.,105.,440.,245.,105.;                               0004935P0002473
144,4939,1,0,4941;                                               0004937P0002474
108,-0.,-1.,-0.,-245.,0,404.,245.,30.,0.;                        0004939P0002475
142,0,4939,0,4943,2;                                             0004941P0002476
102,4,4945,4947,4949,4951;                                       0004943P0002477
110,404.,245.,105.,404.,245.,30.;                                0004945P0002478
110,404.,245.,30.,440.,245.,30.;                                 0004947P0002479
110,440.,245.,30.,440.,245.,105.;                                0004949P0002480
110,440.,245.,105.,404.,245.,105.;                               0004951P0002481
144,4955,1,0,4957;                                               0004953P0002482
108,0.,1.,0.,325.,0,404.,325.,30.,0.;                            0004955P0002483
142,0,4955,0,4959,2;                                             0004957P0002484
102,4,4961,4963,4965,4967;                                       0004959P0002485
110,440.,325.,30.,404.,325.,30.;                                 0004961P0002486
110,404.,325.,30.,404.,325.,105.;                                0004963P0002487
110,404.,325.,105.,440.,325.,105.;                               0004965P0002488
110,440.,325.,105.,440.,325.,30.;                                0004967P0002489
144,4971,1,0,4973;                                               0004969P0002490
108,-0.,-0.,-1.,-30.,0,404.,245.,30.,0.;                         0004971P0002491
142,0,4971,0,4975,2;                                             0004973P0002492
102,4,4977,4979,4981,4983;                                       0004975P0002493
110,440.,245.,30.,404.,245.,30.;                                 0004977P0002494
110,404.,245.,30.,404.,325.,30.;                                 0004979P0002495
110,404.,325.,30.,440.,325.,30.;                                 0004981P0002496
110,440.,325.,30.,440.,245.,30.;                                 0004983P0002497
144,4987,1,0,4989;                                               0004985P0002498
108,0.,0.,1.,105.,0,404.,245.,105.,0.;                           0004987P0002499
142,0,4987,0,4991,2;                                             0004989P0002500
102,4,4993,4995,4997,4999;                                       0004991P0002501
110,404.,325.,105.,404.,245.,105.;                               0004993P0002502
110,404.,245.,105.,440.,245.,105.;                               0004995P0002503
110,440.,245.,105.,440.,325.,105.;                               0004997P0002504
110,440.,325.,105.,404.,325.,105.;                               0004999P0002505
402,6,5003,5019,5035,5051,5067,5083;                             0005001P0002506
144,5005,1,0,5007;                                               0005003P0002507
108,-1.,-0.,-0.,-443.,0,443.,245.,30.,0.;                        0005005P0002508
142,0,5005,0,5009,2;                                             0005007P0002509
102,4,5011,5013,5015,5017;                                       0005009P0002510
110,443.,325.,30.,443.,245.,30.;                                 0005011P0002511
110,443.,245.,30.,443.,245.,105.;                                0005013P0002512
110,443.,245.,105.,443.,325.,105.;                               0005015P0002513
110,443.,325.,105.,443.,325.,30.;                                0005017P0002514
144,5021,1,0,5023;                                               0005019P0002515
108,1.,0.,0.,479.,0,479.,245.,30.,0.;                            0005021P0002516
142,0,5021,0,5025,2;                                             0005023P0002517
102,4,5027,5029,5031,5033;                                       0005025P0002518
110,479.,245.,105.,479.,245.,30.;                                0005027P0002519
110,479.,245.,30.,479.,325.,30.;                                 0005029P0002520
110,479.,325.,30.,479.,325.,105.;                                0005031P0002521
110,479.,325.,105.,479.,245.,105.;                               0005033P0002522
144,5037,1,0,5039;                                               0005035P0002523
108,-0.,-1.,-0.,-245.,0,443.,245.,30.,0.;                        0005037P0002524
142,0,5037,0,5041,2;                                             0005039P0002525
102,4,5043,5045,5047,5049;                                       0005041P0002526
110,443.,245.,105.,443.,245.,30.;                                0005043P0002527
110,443.,245.,30.,479.,245.,30.;                                 0005045P0002528
110,479.,245.,30.,479.,245.,105.;                                0005047P0002529
110,479.,245.,105.,443.,245.,105.;                               0005049P0002530
144,5053,1,0,5055;                                               0005051P0002531
108,0.,1.,0.,325.,0,443.,325.,30.,0.;                            0005053P0002532
142,0,5053,0,5057,2;                                             0005055P0002533
102,4,5059,5061,5063,5065;                                       0005057P0002534
110,479.,325.,30.,443.,325.,30.;                                 0005059P0002535
110,443.,325.,30.,443.,325.,105.;                                0005061P0002536
110,443.,325.,105.,479.,325.,105.;                               0005063P0002537
110,479.,325.,105.,479.,325.,30.;                                0005065P0002538
144,5069,1,0,5071;                                               0005067P0002539
108,-0.,-0.,-1.,-30.,0,443.,245.,30.,0.;                         0005069P0002540
142,0,5069,0,5073,2;                                             0005071P0002541
102,4,5075,5077,5079,5081;                                       0005073P0002542
110,479.,245.,30.,443.,245.,30.;                                 0005075P0002543
110,443.,245.,30.,443.,325.,30.;                                 0005077P0002544
110,443.,325.,30.,479.,325.,30.;                                 0005079P0002545
110,479.,325.,30.,479.,245.,30.;                                 0005081P0002546
144,5085,1,0,5087;                                               0005083P0002547
108,0.,0.,1.,105.,0,443.,245.,105.,0.;                           0005085P0002548
142,0,5085,0,5089,2;                                             0005087P0002549
102,4,5091,5093,5095,5097;                                       0005089P0002550
110,443.,325.,105.,443.,245.,105.;                               0005091P0002551
110,443.,245.,105.,479.,245.,105.;                               0005093P0002552
110,479.,245.,105.,479.,325.,105.;                               0005095P0002553
110,479.,325.,105.,443.,325.,105.;                               0005097P0002554
402,6,5101,5117,5133,5149,5165,5181;                             0005099P0002555
144,5103,1,0,5105;                                               0005101P0002556
108,-1.,-0.,-0.,-482.,0,482.,245.,30.,0.;                        0005103P0002557
142,0,5103,0,5107,2;                                             0005105P0002558
102,4,5109,5111,5113,5115;                                       0005107P0002559
110,482.,325.,30.,482.,245.,30.;                                 0005109P0002560
110,482.,245.,30.,482.,245.,105.;                                0005111P0002561
110,482.,245.,105.,482.,325.,105.;                               0005113P0002562
110,482.,325.,105.,482.,325.,30.;                                0005115P0002563
144,5119,1,0,5121;                                               0005117P0002564
108,1.,0.,0.,518.,0,518.,245.,30.,0.;                            0005119P0002565
142,0,5119,0,5123,2;                                             0005121P0002566
102,4,5125,5127,5129,5131;                                       0005123P0002567
110,518.,245.,105.,518.,245.,30.;                                0005125P0002568
110,518.,245.,30.,518.,325.,30.;                                 0005127P0002569
110,518.,325.,30.,518.,325.,105.;                                0005129P0002570
110,518.,325.,105.,518.,245.,105.;                               0005131P0002571
144,5135,1,0,5137;                                               0005133P0002572
108,-0.,-1.,-0.,-245.,0,482.,245.,30.,0.;                        0005135P0002573
142,0,5135,0,5139,2;                                             0005137P0002574
102,4,5141,5143,5145,5147;                                       0005139P0002575
110,482.,245.,105.,482.,245.,30.;                                0005141P0002576
110,482.,245.,30.,518.,245.,30.;                                 0005143P0002577
110,518.,245.,30.,518.,245.,105.;                                0005145P0002578
110,518.,245.,105.,482.,245.,105.;                               0005147P0002579
144,5151,1,0,5153;                                               0005149P0002580
108,0.,1.,0.,325.,0,482.,325.,30.,0.;                            0005151P0002581
142,0,5151,0,5155,2;                                             0005153P0002582
102,4,5157,5159,5161,5163;                                       0005155P0002583
110,518.,325.,30.,482.,325.,30.;                                 0005157P0002584
110,482.,325.,30.,482.,325.,105.;                                0005159P0002585
110,482.,325.,105.,518.,325.,105.;                               0005161P0002586
110,518.,325.,105.,518.,325.,30.;                                0005163P0002587
144,5167,1,0,5169;                                               0005165P0002588
108,-0.,-0.,-1.,-30.,0,482.,245.,30.,0.;                         0005167P0002589
142,0,5167,0,5171,2;                                             0005169P0002590
102,4,5173,5175,5177,5179;                                       0005171P0002591
110,518.,245.,30.,482.,245.,30.;                                 0005173P0002592
110,482.,245.,30.,482.,325.,30.;                                 0005175P0002593
110,482.,325.,30.,518.,325.,30.;                                 0005177P0002594
110,518.,325.,30.,518.,245.,30.;                                 0005179P0002595
144,5183,1,0,5185;                                               0005181P0002596
108,0.,0.,1.,105.,0,482.,245.,105.,0.;                           0005183P0002597
142,0,5183,0,5187,2;                                             0005185P0002598
102,4,5189,5191,5193,5195;                                       0005187P0002599
110,482.,325.,105.,482.,245.,105.;                               0005189P0002600
110,482.,245.,105.,518.,245.,105.;                               0005191P0002601
110,518.,245.,105.,518.,325.,105.;                               0005193P0002602
110,518.,325.,105.,482.,325.,105.;                               0005195P0002603
402,6,5199,5215,5231,5247,5263,5279;                             0005197P0002604
144,5201,1,0,5203;                                               0005199P0002605
108,-1.,-0.,-0.,-521.,0,521.,245.,30.,0.;                        0005201P0002606
142,0,5201,0,5205,2;                                             0005203P0002607
102,4,5207,5209,5211,5213;                                       0005205P0002608
110,521.,325.,30.,521.,245.,30.;                                 0005207P0002609
110,521.,245.,30.,521.,245.,105.;                                0005209P0002610
110,521.,245.,105.,521.,325.,105.;                               0005211P0002611
110,521.,325.,105.,521.,325.,30.;                                0005213P0002612
144,5217,1,0,5219;                                               0005215P0002613
108,1.,0.,0.,557.,0,557.,245.,30.,0.;                            0005217P0002614
142,0,5217,0,5221,2;                                             0005219P0002615
102,4,5223,5225,5227,5229;                                       0005221P0002616
110,557.,245.,105.,557.,245.,30.;                                0005223P0002617
110,557.,245.,30.,557.,325.,30.;                                 0005225P0002618
110,557.,325.,30.,557.,325.,105.;                                0005227P0002619
110,557.,325.,105.,557.,245.,105.;                               0005229P0002620
144,5233,1,0,5235;                                               0005231P0002621
108,-0.,-1.,-0.,-245.,0,521.,245.,30.,0.;                        0005233P0002622
142,0,5233,0,5237,2;                                             0005235P0002623
102,4,5239,5241,5243,5245;                                       0005237P0002624
110,521.,245.,105.,521.,245.,30.;                                0005239P0002625
110,521.,245.,30.,557.,245.,30.;                                 0005241P0002626
110,557.,245.,30.,557.,245.,105.;                                0005243P0002627
110,557.,245.,105.,521.,245.,105.;                               0005245P0002628
144,5249,1,0,5251;                                               0005247P0002629
108,0.,1.,0.,325.,0,521.,325.,30.,0.;                            0005249P0002630
142,0,5249,0,5253,2;                                             0005251P0002631
102,4,5255,5257,5259,5261;                                       0005253P0002632
110,557.,325.,30.,521.,325.,30.;                                 0005255P0002633
110,521.,325.,30.,521.,325.,105.;                                0005257P0002634
110,521.,325.,105.,557.,325.,105.;                               0005259P0002635
110,557.,325.,105.,557.,325.,30.;                                0005261P0002636
144,5265,1,0,5267;                                               0005263P0002637
108,-0.,-0.,-1.,-30.,0,521.,245.,30.,0.;                         0005265P0002638
142,0,5265,0,5269,2;                                             0005267P0002639
102,4,5271,5273,5275,5277;                                       0005269P0002640
110,557.,245.,30.,521.,245.,30.;                                 0005271P0002641
110,521.,245.,30.,521.,325.,30.;                                 0005273P0002642
110,521.,325.,30.,557.,325.,30.;                                 0005275P0002643
110,557.,325.,30.,557.,245.,30.;                                 0005277P0002644
144,5281,1,0,5283;                                               0005279P0002645
108,0.,0.,1.,105.,0,521.,245.,105.,0.;                           0005281P0002646
142,0,5281,0,5285,2;                                             0005283P0002647
102,4,5287,5289,5291,5293;                                       0005285P0002648
110,521.,325.,105.,521.,245.,105.;                               0005287P0002649
110,521.,245.,105.,557.,245.,105.;                               0005289P0002650
110,557.,245.,105.,557.,325.,105.;                               0005291P0002651
110,557.,325.,105.,521.,325.,105.;                               0005293P0002652
402,6,5297,5313,5329,5345,5361,5377;                             0005295P0002653
144,5299,1,0,5301;                                               0005297P0002654
108,-1.,-0.,-0.,-560.,0,560.,245.,30.,0.;                        0005299P0002655
142,0,5299,0,5303,2;                                             0005301P0002656
102,4,5305,5307,5309,5311;                                       0005303P0002657
110,560.,325.,30.,560.,245.,30.;                                 0005305P0002658
110,560.,245.,30.,560.,245.,105.;                                0005307P0002659
110,560.,245.,105.,560.,325.,105.;                               0005309P0002660
110,560.,325.,105.,560.,325.,30.;                                0005311P0002661
144,5315,1,0,5317;                                               0005313P0002662
108,1.,0.,0.,596.,0,596.,245.,30.,0.;                            0005315P0002663
142,0,5315,0,5319,2;                                             0005317P0002664
102,4,5321,5323,5325,5327;                                       0005319P0002665
110,596.,245.,105.,596.,245.,30.;                                0005321P0002666
110,596.,245.,30.,596.,325.,30.;                                 0005323P0002667
110,596.,325.,30.,596.,325.,105.;                                0005325P0002668
110,596.,325.,105.,596.,245.,105.;                               0005327P0002669
144,5331,1,0,5333;                                               0005329P0002670
108,-0.,-1.,-0.,-245.,0,560.,245.,30.,0.;                        0005331P0002671
142,0,5331,0,5335,2;                                             0005333P0002672
102,4,5337,5339,5341,5343;                                       0005335P0002673
110,560.,245.,105.,560.,245.,30.;                                0005337P0002674
110,560.,245.,30.,596.,245.,30.;                                 0005339P0002675
110,596.,245.,30.,596.,245.,105.;                                0005341P0002676
110,596.,245.,105.,560.,245.,105.;                               0005343P0002677
144,5347,1,0,5349;                                               0005345P0002678
108,0.,1.,0.,325.,0,560.,325.,30.,0.;                            0005347P0002679
142,0,5347,0,5351,2;                                             0005349P0002680
102,4,5353,5355,5357,5359;                                       0005351P0002681
110,596.,325.,30.,560.,325.,30.;                                 0005353P0002682
110,560.,325.,30.,560.,325.,105.;                                0005355P0002683
110,560.,325.,105.,596.,325.,105.;                               0005357P0002684
110,596.,325.,105.,596.,325.,30.;                                0005359P0002685
144,5363,1,0,5365;                                               0005361P0002686
108,-0.,-0.,-1.,-30.,0,560.,245.,30.,0.;                         0005363P0002687
142,0,5363,0,5367,2;                                             0005365P0002688
102,4,5369,5371,5373,5375;                                       0005367P0002689
110,596.,245.,30.,560.,245.,30.;                                 0005369P0002690
110,560.,245.,30.,560.,325.,30.;                                 0005371P0002691
110,560.,325.,30.,596.,325.,30.;                                 0005373P0002692
110,596.,325.,30.,596.,245.,30.;                                 0005375P0002693
144,5379,1,0,5381;                                               0005377P0002694
108,0.,0.,1.,105.,0,560.,245.,105.,0.;                           0005379P0002695
142,0,5379,0,5383,2;                                             0005381P0002696
102,4,5385,5387,5389,5391;                                       0005383P0002697
110,560.,325.,105.,560.,245.,105.;                               0005385P0002698
110,560.,245.,105.,596.,245.,105.;                               0005387P0002699
110,596.,245.,105.,596.,325.,105.;                               0005389P0002700
110,596.,325.,105.,560.,325.,105.;                               0005391P0002701
402,6,5395,5411,5427,5443,5459,5475;                             0005393P0002702
144,5397,1,0,5399;                                               0005395P0002703
108,-1.,-0.,-0.,-599.,0,599.,245.,30.,0.;                        0005397P0002704
142,0,5397,0,5401,2;                                             0005399P0002705
102,4,5403,5405,5407,5409;                                       0005401P0002706
110,599.,325.,30.,599.,245.,30.;                                 0005403P0002707
110,599.,245.,30.,599.,245.,105.;                                0005405P0002708
110,599.,245.,105.,599.,325.,105.;                               0005407P0002709
110,599.,325.,105.,599.,325.,30.;                                0005409P0002710
144,5413,1,0,5415;                                               0005411P0002711
108,1.,0.,0.,635.,0,635.,245.,30.,0.;                            0005413P0002712
142,0,5413,0,5417,2;                                             0005415P0002713
102,4,5419,5421,5423,5425;                                       0005417P0002714
110,635.,245.,105.,635.,245.,30.;                                0005419P0002715
110,635.,245.,30.,635.,325.,30.;                                 0005421P0002716
110,635.,325.,30.,635.,325.,105.;                                0005423P0002717
110,635.,325.,105.,635.,245.,105.;                               0005425P0002718
144,5429,1,0,5431;                                               0005427P0002719
108,-0.,-1.,-0.,-245.,0,599.,245.,30.,0.;                        0005429P0002720
142,0,5429,0,5433,2;                                             0005431P0002721
102,4,5435,5437,5439,5441;                                       0005433P0002722
110,599.,245.,105.,599.,245.,30.;                                0005435P0002723
110,599.,245.,30.,635.,245.,30.;                                 0005437P0002724
110,635.,245.,30.,635.,245.,105.;                                0005439P0002725
110,635.,245.,105.,599.,245.,105.;                               0005441P0002726
144,5445,1,0,5447;                                               0005443P0002727
108,0.,1.,0.,325.,0,599.,325.,30.,0.;                            0005445P0002728
142,0,5445,0,5449,2;                                             0005447P0002729
102,4,5451,5453,5455,5457;                                       0005449P0002730
110,635.,325.,30.,599.,325.,30.;                                 0005451P0002731
110,599.,325.,30.,599.,325.,105.;                                0005453P0002732
110,599.,325.,105.,635.,325.,105.;                               0005455P0002733
110,635.,325.,105.,635.,325.,30.;                                0005457P0002734
144,5461,1,0,5463;                                               0005459P0002735
108,-0.,-0.,-1.,-30.,0,599.,245.,30.,0.;                         0005461P0002736
142,0,5461,0,5465,2;                                             0005463P0002737
102,4,5467,5469,5471,5473;                                       0005465P0002738
110,635.,245.,30.,599.,245.,30.;                                 0005467P0002739
110,599.,245.,30.,599.,325.,30.;                                 0005469P0002740
110,599.,325.,30.,635.,325.,30.;                                 0005471P0002741
110,635.,325.,30.,635.,245.,30.;                                 0005473P0002742
144,5477,1,0,5479;                                               0005475P0002743
108,0.,0.,1.,105.,0,599.,245.,105.,0.;                           0005477P0002744
142,0,5477,0,5481,2;                                             0005479P0002745
102,4,5483,5485,5487,5489;                                       0005481P0002746
110,599.,325.,105.,599.,245.,105.;                               0005483P0002747
110,599.,245.,105.,635.,245.,105.;                               0005485P0002748
110,635.,245.,105.,635.,325.,105.;                               0005487P0002749
110,635.,325.,105.,599.,325.,105.;                               0005489P0002750
402,6,5493,5509,5525,5541,5557,5573;                             0005491P0002751
144,5495,1,0,5497;                                               0005493P0002752
108,-1.,-0.,-0.,-650.,0,650.,245.,30.,0.;                        0005495P0002753
142,0,5495,0,5499,2;                                             0005497P0002754
102,4,5501,5503,5505,5507;                                       0005499P0002755
110,650.,325.,30.,650.,245.,30.;                                 0005501P0002756
110,650.,245.,30.,650.,245.,105.;                                0005503P0002757
110,650.,245.,105.,650.,325.,105.;                               0005505P0002758
110,650.,325.,105.,650.,325.,30.;                                0005507P0002759
144,5511,1,0,5513;                                               0005509P0002760
108,1.,0.,0.,659.166666667,0,659.166666667,245.,30.,0.;          0005511P0002761
142,0,5511,0,5515,2;                                             0005513P0002762
102,4,5517,5519,5521,5523;                                       0005515P0002763
110,659.166666667,245.,105.,659.166666667,245.,30.;              0005517P0002764
110,659.166666667,245.,30.,659.166666667,325.,30.;               0005519P0002765
110,659.166666667,325.,30.,659.166666667,325.,105.;              0005521P0002766
110,659.166666667,325.,105.,659.166666667,245.,105.;             0005523P0002767
144,5527,1,0,5529;                                               0005525P0002768
108,-0.,-1.,-0.,-245.,0,650.,245.,30.,0.;                        0005527P0002769
142,0,5527,0,5531,2;                                             0005529P0002770
102,4,5533,5535,5537,5539;                                       0005531P0002771
110,650.,245.,105.,650.,245.,30.;                                0005533P0002772
110,650.,245.,30.,659.166666667,245.,30.;                        0005535P0002773
110,659.166666667,245.,30.,659.166666667,245.,105.;              0005537P0002774
110,659.166666667,245.,105.,650.,245.,105.;                      0005539P0002775
144,5543,1,0,5545;                                               0005541P0002776
108,0.,1.,0.,325.,0,650.,325.,30.,0.;                            0005543P0002777
142,0,5543,0,5547,2;                                             0005545P0002778
102,4,5549,5551,5553,5555;                                       0005547P0002779
110,659.166666667,325.,30.,650.,325.,30.;                        0005549P0002780
110,650.,325.,30.,650.,325.,105.;                                0005551P0002781
110,650.,325.,105.,659.166666667,325.,105.;                      0005553P0002782
110,659.166666667,325.,105.,659.166666667,325.,30.;              0005555P0002783
144,5559,1,0,5561;                                               0005557P0002784
108,-0.,-0.,-1.,-30.,0,650.,245.,30.,0.;                         0005559P0002785
142,0,5559,0,5563,2;                                             0005561P0002786
102,4,5565,5567,5569,5571;                                       0005563P0002787
110,659.166666667,245.,30.,650.,245.,30.;                        0005565P0002788
110,650.,245.,30.,650.,325.,30.;                                 0005567P0002789
110,650.,325.,30.,659.166666667,325.,30.;                        0005569P0002790
110,659.166666667,325.,30.,659.166666667,245.,30.;               0005571P0002791
144,5575,1,0,5577;                                               0005573P0002792
108,0.,0.,1.,105.,0,650.,245.,105.,0.;                           0005575P0002793
142,0,5575,0,5579,2;                                             0005577P0002794
102,4,5581,5583,5585,5587;                                       0005579P0002795
110,650.,325.,105.,650.,245.,105.;                               0005581P0002796
110,650.,245.,105.,659.166666667,245.,105.;                      0005583P0002797
110,659.166666667,245.,105.,659.166666667,325.,105.;             0005585P0002798
110,659.166666667,325.,105.,650.,325.,105.;                      0005587P0002799
402,6,5591,5607,5623,5639,5655,5671;                             0005589P0002800
144,5593,1,0,5595;                                               0005591P0002801
108,-1.,-0.,-0.,-662.166666667,0,662.166666667,245.,30.,0.;      0005593P0002802
142,0,5593,0,5597,2;                                             0005595P0002803
102,4,5599,5601,5603,5605;                                       0005597P0002804
110,662.166666667,325.,30.,662.166666667,245.,30.;               0005599P0002805
110,662.166666667,245.,30.,662.166666667,245.,105.;              0005601P0002806
110,662.166666667,245.,105.,662.166666667,325.,105.;             0005603P0002807
110,662.166666667,325.,105.,662.166666667,325.,30.;              0005605P0002808
144,5609,1,0,5611;                                               0005607P0002809
108,1.,0.,0.,671.333333333,0,671.333333333,245.,30.,0.;          0005609P0002810
142,0,5609,0,5613,2;                                             0005611P0002811
102,4,5615,5617,5619,5621;                                       0005613P0002812
110,671.333333333,245.,105.,671.333333333,245.,30.;              0005615P0002813
110,671.333333333,245.,30.,671.333333333,325.,30.;               0005617P0002814
110,671.333333333,325.,30.,671.333333333,325.,105.;              0005619P0002815
110,671.333333333,325.,105.,671.333333333,245.,105.;             0005621P0002816
144,5625,1,0,5627;                                               0005623P0002817
108,-0.,-1.,-0.,-245.,0,662.166666667,245.,30.,0.;               0005625P0002818
142,0,5625,0,5629,2;                                             0005627P0002819
102,4,5631,5633,5635,5637;                                       0005629P0002820
110,662.166666667,245.,105.,662.166666667,245.,30.;              0005631P0002821
110,662.166666667,245.,30.,671.333333333,245.,30.;               0005633P0002822
110,671.333333333,245.,30.,671.333333333,245.,105.;              0005635P0002823
110,671.333333333,245.,105.,662.166666667,245.,105.;             0005637P0002824
144,5641,1,0,5643;                                               0005639P0002825
108,0.,1.,0.,325.,0,662.166666667,325.,30.,0.;                   0005641P0002826
142,0,5641,0,5645,2;                                             0005643P0002827
102,4,5647,5649,5651,5653;                                       0005645P0002828
110,671.333333333,325.,30.,662.166666667,325.,30.;               0005647P0002829
110,662.166666667,325.,30.,662.166666667,325.,105.;              0005649P0002830
110,662.166666667,325.,105.,671.333333333,325.,105.;             0005651P0002831
110,671.333333333,325.,105.,671.333333333,325.,30.;              0005653P0002832
144,5657,1,0,5659;                                               0005655P0002833
108,-0.,-0.,-1.,-30.,0,662.166666667,245.,30.,0.;                0005657P0002834
142,0,5657,0,5661,2;                                             0005659P0002835
102,4,5663,5665,5667,5669;                                       0005661P0002836
110,671.333333333,245.,30.,662.166666667,245.,30.;               0005663P0002837
110,662.166666667,245.,30.,662.166666667,325.,30.;               0005665P0002838
110,662.166666667,325.,30.,671.333333333,325.,30.;               0005667P0002839
110,671.333333333,325.,30.,671.333333333,245.,30.;               0005669P0002840
144,5673,1,0,5675;                                               0005671P0002841
108,0.,0.,1.,105.,0,662.166666667,245.,105.,0.;                  0005673P0002842
142,0,5673,0,5677,2;                                             0005675P0002843
102,4,5679,5681,5683,5685;                                       0005677P0002844
110,662.166666667,325.,105.,662.166666667,245.,105.;             0005679P0002845
110,662.166666667,245.,105.,671.333333333,245.,105.;             0005681P0002846
110,671.333333333,245.,105.,671.333333333,325.,105.;             0005683P0002847
110,671.333333333,325.,105.,662.166666667,325.,105.;             0005685P0002848
402,6,5689,5705,5721,5737,5753,5769;                             0005687P0002849
144,5691,1,0,5693;                                               0005689P0002850
108,-1.,-0.,-0.,-674.333333333,0,674.333333333,245.,30.,0.;      0005691P0002851
142,0,5691,0,5695,2;                                             0005693P0002852
102,4,5697,5699,5701,5703;                                       0005695P0002853
110,674.333333333,325.,30.,674.333333333,245.,30.;               0005697P0002854
110,674.333333333,245.,30.,674.333333333,245.,105.;              0005699P0002855
110,674.333333333,245.,105.,674.333333333,325.,105.;             0005701P0002856
110,674.333333333,325.,105.,674.333333333,325.,30.;              0005703P0002857
144,5707,1,0,5709;                                               0005705P0002858
108,1.,0.,0.,683.5,0,683.5,245.,30.,0.;                          0005707P0002859
142,0,5707,0,5711,2;                                             0005709P0002860
102,4,5713,5715,5717,5719;                                       0005711P0002861
110,683.5,245.,105.,683.5,245.,30.;                              0005713P0002862
110,683.5,245.,30.,683.5,325.,30.;                               0005715P0002863
110,683.5,325.,30.,683.5,325.,105.;                              0005717P0002864
110,683.5,325.,105.,683.5,245.,105.;                             0005719P0002865
144,5723,1,0,5725;                                               0005721P0002866
108,-0.,-1.,-0.,-245.,0,674.333333333,245.,30.,0.;               0005723P0002867
142,0,5723,0,5727,2;                                             0005725P0002868
102,4,5729,5731,5733,5735;                                       0005727P0002869
110,674.333333333,245.,105.,674.333333333,245.,30.;              0005729P0002870
110,674.333333333,245.,30.,683.5,245.,30.;                       0005731P0002871
110,683.5,245.,30.,683.5,245.,105.;                              0005733P0002872
110,683.5,245.,105.,674.333333333,245.,105.;                     0005735P0002873
144,5739,1,0,5741;                                               0005737P0002874
108,0.,1.,0.,325.,0,674.333333333,325.,30.,0.;                   0005739P0002875
142,0,5739,0,5743,2;                                             0005741P0002876
102,4,5745,5747,5749,5751;                                       0005743P0002877
110,683.5,325.,30.,674.333333333,325.,30.;                       0005745P0002878
110,674.333333333,325.,30.,674.333333333,325.,105.;              0005747P0002879
110,674.333333333,325.,105.,683.5,325.,105.;                     0005749P0002880
110,683.5,325.,105.,683.5,325.,30.;                              0005751P0002881
144,5755,1,0,5757;                                               0005753P0002882
108,-0.,-0.,-1.,-30.,0,674.333333333,245.,30.,0.;                0005755P0002883
142,0,5755,0,5759,2;                                             0005757P0002884
102,4,5761,5763,5765,5767;                                       0005759P0002885
110,683.5,245.,30.,674.333333333,245.,30.;                       0005761P0002886
110,674.333333333,245.,30.,674.333333333,325.,30.;               0005763P0002887
110,674.333333333,325.,30.,683.5,325.,30.;                       0005765P0002888
110,683.5,325.,30.,683.5,245.,30.;                               0005767P0002889
144,5771,1,0,5773;                                               0005769P0002890
108,0.,0.,1.,105.,0,674.333333333,245.,105.,0.;                  0005771P0002891
142,0,5771,0,5775,2;                                             0005773P0002892
102,4,5777,5779,5781,5783;                                       0005775P0002893
110,674.333333333,325.,105.,674.333333333,245.,105.;             0005777P0002894
110,674.333333333,245.,105.,683.5,245.,105.;                     0005779P0002895
110,683.5,245.,105.,683.5,325.,105.;                             0005781P0002896
110,683.5,325.,105.,674.333333333,325.,105.;                     0005783P0002897
402,6,5787,5803,5819,5835,5851,5867;                             0005785P0002898
144,5789,1,0,5791;                                               0005787P0002899
108,-1.,-0.,-0.,-686.5,0,686.5,245.,30.,0.;                      0005789P0002900
142,0,5789,0,5793,2;                                             0005791P0002901
102,4,5795,5797,5799,5801;                                       0005793P0002902
110,686.5,325.,30.,686.5,245.,30.;                               0005795P0002903
110,686.5,245.,30.,686.5,245.,105.;                              0005797P0002904
110,686.5,245.,105.,686.5,325.,105.;                             0005799P0002905
110,686.5,325.,105.,686.5,325.,30.;                              0005801P0002906
144,5805,1,0,5807;                                               0005803P0002907
108,1.,0.,0.,695.666666667,0,695.666666667,245.,30.,0.;          0005805P0002908
142,0,5805,0,5809,2;                                             0005807P0002909
102,4,5811,5813,5815,5817;                                       0005809P0002910
110,695.666666667,245.,105.,695.666666667,245.,30.;              0005811P0002911
110,695.666666667,245.,30.,695.666666667,325.,30.;               0005813P0002912
110,695.666666667,325.,30.,695.666666667,325.,105.;              0005815P0002913
110,695.666666667,325.,105.,695.666666667,245.,105.;             0005817P0002914
144,5821,1,0,5823;                                               0005819P0002915
108,-0.,-1.,-0.,-245.,0,686.5,245.,30.,0.;                       0005821P0002916
142,0,5821,0,5825,2;                                             0005823P0002917
102,4,5827,5829,5831,5833;                                       0005825P0002918
110,686.5,245.,105.,686.5,245.,30.;                              0005827P0002919
110,686.5,245.,30.,695.666666667,245.,30.;                       0005829P0002920
110,695.666666667,245.,30.,695.666666667,245.,105.;              0005831P0002921
110,695.666666667,245.,105.,686.5,245.,105.;                     0005833P0002922
144,5837,1,0,5839;                                               0005835P0002923
108,0.,1.,0.,325.,0,686.5,325.,30.,0.;                           0005837P0002924
142,0,5837,0,5841,2;                                             0005839P0002925
102,4,5843,5845,5847,5849;                                       0005841P0002926
110,695.666666667,325.,30.,686.5,325.,30.;                       0005843P0002927
110,686.5,325.,30.,686.5,325.,105.;                              0005845P0002928
110,686.5,325.,105.,695.666666667,325.,105.;                     0005847P0002929
110,695.666666667,325.,105.,695.666666667,325.,30.;              0005849P0002930
144,5853,1,0,5855;                                               0005851P0002931
108,-0.,-0.,-1.,-30.,0,686.5,245.,30.,0.;                        0005853P0002932
142,0,5853,0,5857,2;                                             0005855P0002933
102,4,5859,5861,5863,5865;                                       0005857P0002934
110,695.666666667,245.,30.,686.5,245.,30.;                       0005859P0002935
110,686.5,245.,30.,686.5,325.,30.;                               0005861P0002936
110,686.5,325.,30.,695.666666667,325.,30.;                       0005863P0002937
110,695.666666667,325.,30.,695.666666667,245.,30.;               0005865P0002938
144,5869,1,0,5871;                                               0005867P0002939
108,0.,0.,1.,105.,0,686.5,245.,105.,0.;                          0005869P0002940
142,0,5869,0,5873,2;                                             0005871P0002941
102,4,5875,5877,5879,5881;                                       0005873P0002942
110,686.5,325.,105.,686.5,245.,105.;                             0005875P0002943
110,686.5,245.,105.,695.666666667,245.,105.;                     0005877P0002944
110,695.666666667,245.,105.,695.666666667,325.,105.;             0005879P0002945
110,695.666666667,325.,105.,686.5,325.,105.;                     0005881P0002946
402,6,5885,5901,5917,5933,5949,5965;                             0005883P0002947
144,5887,1,0,5889;                                               0005885P0002948
108,-1.,-0.,-0.,-698.666666667,0,698.666666667,245.,30.,0.;      0005887P0002949
142,0,5887,0,5891,2;                                             0005889P0002950
102,4,5893,5895,5897,5899;                                       0005891P0002951
110,698.666666667,325.,30.,698.666666667,245.,30.;               0005893P0002952
110,698.666666667,245.,30.,698.666666667,245.,105.;              0005895P0002953
110,698.666666667,245.,105.,698.666666667,325.,105.;             0005897P0002954
110,698.666666667,325.,105.,698.666666667,325.,30.;              0005899P0002955
144,5903,1,0,5905;                                               0005901P0002956
108,1.,0.,0.,707.833333333,0,707.833333333,245.,30.,0.;          0005903P0002957
142,0,5903,0,5907,2;                                             0005905P0002958
102,4,5909,5911,5913,5915;                                       0005907P0002959
110,707.833333333,245.,105.,707.833333333,245.,30.;              0005909P0002960
110,707.833333333,245.,30.,707.833333333,325.,30.;               0005911P0002961
110,707.833333333,325.,30.,707.833333333,325.,105.;              0005913P0002962
110,707.833333333,325.,105.,707.833333333,245.,105.;             0005915P0002963
144,5919,1,0,5921;                                               0005917P0002964
108,-0.,-1.,-0.,-245.,0,698.666666667,245.,30.,0.;               0005919P0002965
142,0,5919,0,5923,2;                                             0005921P0002966
102,4,5925,5927,5929,5931;                                       0005923P0002967
110,698.666666667,245.,105.,698.666666667,245.,30.;              0005925P0002968
110,698.666666667,245.,30.,707.833333333,245.,30.;               0005927P0002969
110,707.833333333,245.,30.,707.833333333,245.,105.;              0005929P0002970
110,707.833333333,245.,105.,698.666666667,245.,105.;             0005931P0002971
144,5935,1,0,5937;                                               0005933P0002972
108,0.,1.,0.,325.,0,698.666666667,325.,30.,0.;                   0005935P0002973
142,0,5935,0,5939,2;                                             0005937P0002974
102,4,5941,5943,5945,5947;                                       0005939P0002975
110,707.833333333,325.,30.,698.666666667,325.,30.;               0005941P0002976
110,698.666666667,325.,30.,698.666666667,325.,105.;              0005943P0002977
110,698.666666667,325.,105.,707.833333333,325.,105.;             0005945P0002978
110,707.833333333,325.,105.,707.833333333,325.,30.;              0005947P0002979
144,5951,1,0,5953;                                               0005949P0002980
108,-0.,-0.,-1.,-30.,0,698.666666667,245.,30.,0.;                0005951P0002981
142,0,5951,0,5955,2;                                             0005953P0002982
102,4,5957,5959,5961,5963;                                       0005955P0002983
110,707.833333333,245.,30.,698.666666667,245.,30.;               0005957P0002984
110,698.666666667,245.,30.,698.666666667,325.,30.;               0005959P0002985
110,698.666666667,325.,30.,707.833333333,325.,30.;               0005961P0002986
110,707.833333333,325.,30.,707.833333333,245.,30.;               0005963P0002987
144,5967,1,0,5969;                                               0005965P0002988
108,0.,0.,1.,105.,0,698.666666667,245.,105.,0.;                  0005967P0002989
142,0,5967,0,5971,2;                                             0005969P0002990
102,4,5973,5975,5977,5979;                                       0005971P0002991
110,698.666666667,325.,105.,698.666666667,245.,105.;             0005973P0002992
110,698.666666667,245.,105.,707.833333333,245.,105.;             0005975P0002993
110,707.833333333,245.,105.,707.833333333,325.,105.;             0005977P0002994
110,707.833333333,325.,105.,698.666666667,325.,105.;             0005979P0002995
402,6,5983,5999,6015,6031,6047,6063;                             0005981P0002996
144,5985,1,0,5987;                                               0005983P0002997
108,-1.,-0.,-0.,-710.833333333,0,710.833333333,245.,30.,0.;      0005985P0002998
142,0,5985,0,5989,2;                                             0005987P0002999
102,4,5991,5993,5995,5997;                                       0005989P0003000
110,710.833333333,325.,30.,710.833333333,245.,30.;               0005991P0003001
110,710.833333333,245.,30.,710.833333333,245.,105.;              0005993P0003002
110,710.833333333,245.,105.,710.833333333,325.,105.;             0005995P0003003
110,710.833333333,325.,105.,710.833333333,325.,30.;              0005997P0003004
144,6001,1,0,6003;                                               0005999P0003005
108,1.,0.,0.,720.,0,720.,245.,30.,0.;                            0006001P0003006
142,0,6001,0,6005,2;                                             0006003P0003007
102,4,6007,6009,6011,6013;                                       0006005P0003008
110,720.,245.,105.,720.,245.,30.;                                0006007P0003009
110,720.,245.,30.,720.,325.,30.;                                 0006009P0003010
110,720.,325.,30.,720.,325.,105.;                                0006011P0003011
110,720.,325.,105.,720.,245.,105.;                               0006013P0003012
144,6017,1,0,6019;                                               0006015P0003013
108,-0.,-1.,-0.,-245.,0,710.833333333,245.,30.,0.;               0006017P0003014
142,0,6017,0,6021,2;                                             0006019P0003015
102,4,6023,6025,6027,6029;                                       0006021P0003016
110,710.833333333,245.,105.,710.833333333,245.,30.;              0006023P0003017
110,710.833333333,245.,30.,720.,245.,30.;                        0006025P0003018
110,720.,245.,30.,720.,245.,105.;                                0006027P0003019
110,720.,245.,105.,710.833333333,245.,105.;                      0006029P0003020
144,6033,1,0,6035;                                               0006031P0003021
108,0.,1.,0.,325.,0,710.833333333,325.,30.,0.;                   0006033P0003022
142,0,6033,0,6037,2;                                             0006035P0003023
102,4,6039,6041,6043,6045;                                       0006037P0003024
110,720.,325.,30.,710.833333333,325.,30.;                        0006039P0003025
110,710.833333333,325.,30.,710.833333333,325.,105.;              0006041P0003026
110,710.833333333,325.,105.,720.,325.,105.;                      0006043P0003027
110,720.,325.,105.,720.,325.,30.;                                0006045P0003028
144,6049,1,0,6051;                                               0006047P0003029
108,-0.,-0.,-1.,-30.,0,710.833333333,245.,30.,0.;                0006049P0003030
142,0,6049,0,6053,2;                                             0006051P0003031
102,4,6055,6057,6059,6061;                                       0006053P0003032
110,720.,245.,30.,710.833333333,245.,30.;                        0006055P0003033
110,710.833333333,245.,30.,710.833333333,325.,30.;               0006057P0003034
110,710.833333333,325.,30.,720.,325.,30.;                        0006059P0003035
110,720.,325.,30.,720.,245.,30.;                                 0006061P0003036
144,6065,1,0,6067;                                               0006063P0003037
108,0.,0.,1.,105.,0,710.833333333,245.,105.,0.;                  0006065P0003038
142,0,6065,0,6069,2;                                             0006067P0003039
102,4,6071,6073,6075,6077;                                       0006069P0003040
110,710.833333333,325.,105.,710.833333333,245.,105.;             0006071P0003041
110,710.833333333,245.,105.,720.,245.,105.;                      0006073P0003042
110,720.,245.,105.,720.,325.,105.;                               0006075P0003043
110,720.,325.,105.,710.833333333,325.,105.;                      0006077P0003044
402,6,6081,6097,6113,6129,6145,6161;                             0006079P0003045
144,6083,1,0,6085;                                               0006081P0003046
108,-1.,-0.,-0.,-45.,0,45.,70.,25.,0.;                           0006083P0003047
142,0,6083,0,6087,2;                                             0006085P0003048
102,4,6089,6091,6093,6095;                                       0006087P0003049
110,45.,160.,25.,45.,70.,25.;                                    0006089P0003050
110,45.,70.,25.,45.,70.,90.;                                     0006091P0003051
110,45.,70.,90.,45.,160.,90.;                                    0006093P0003052
110,45.,160.,90.,45.,160.,25.;                                   0006095P0003053
144,6099,1,0,6101;                                               0006097P0003054
108,1.,0.,0.,106.5,0,106.5,70.,25.,0.;                           0006099P0003055
142,0,6099,0,6103,2;                                             0006101P0003056
102,4,6105,6107,6109,6111;                                       0006103P0003057
110,106.5,70.,90.,106.5,70.,25.;                                 0006105P0003058
110,106.5,70.,25.,106.5,160.,25.;                                0006107P0003059
110,106.5,160.,25.,106.5,160.,90.;                               0006109P0003060
110,106.5,160.,90.,106.5,70.,90.;                                0006111P0003061
144,6115,1,0,6117;                                               0006113P0003062
108,-0.,-1.,-0.,-70.,0,45.,70.,25.,0.;                           0006115P0003063
142,0,6115,0,6119,2;                                             0006117P0003064
102,4,6121,6123,6125,6127;                                       0006119P0003065
110,45.,70.,90.,45.,70.,25.;                                     0006121P0003066
110,45.,70.,25.,106.5,70.,25.;                                   0006123P0003067
110,106.5,70.,25.,106.5,70.,90.;                                 0006125P0003068
110,106.5,70.,90.,45.,70.,90.;                                   0006127P0003069
144,6131,1,0,6133;                                               0006129P0003070
108,0.,1.,0.,160.,0,45.,160.,25.,0.;                             0006131P0003071
142,0,6131,0,6135,2;                                             0006133P0003072
102,4,6137,6139,6141,6143;                                       0006135P0003073
110,106.5,160.,25.,45.,160.,25.;                                 0006137P0003074
110,45.,160.,25.,45.,160.,90.;                                   0006139P0003075
110,45.,160.,90.,106.5,160.,90.;                                 0006141P0003076
110,106.5,160.,90.,106.5,160.,25.;                               0006143P0003077
144,6147,1,0,6149;                                               0006145P0003078
108,-0.,-0.,-1.,-25.,0,45.,70.,25.,0.;                           0006147P0003079
142,0,6147,0,6151,2;                                             0006149P0003080
102,4,6153,6155,6157,6159;                                       0006151P0003081
110,106.5,70.,25.,45.,70.,25.;                                   0006153P0003082
110,45.,70.,25.,45.,160.,25.;                                    0006155P0003083
110,45.,160.,25.,106.5,160.,25.;                                 0006157P0003084
110,106.5,160.,25.,106.5,70.,25.;                                0006159P0003085
144,6163,1,0,6165;                                               0006161P0003086
108,0.,0.,1.,90.,0,45.,70.,90.,0.;                               0006163P0003087
142,0,6163,0,6167,2;                                             0006165P0003088
102,4,6169,6171,6173,6175;                                       0006167P0003089
110,45.,160.,90.,45.,70.,90.;                                    0006169P0003090
110,45.,70.,90.,106.5,70.,90.;                                   0006171P0003091
110,106.5,70.,90.,106.5,160.,90.;                                0006173P0003092
110,106.5,160.,90.,45.,160.,90.;                                 0006175P0003093
402,6,6179,6195,6211,6227,6243,6259;                             0006177P0003094
144,6181,1,0,6183;                                               0006179P0003095
108,-1.,-0.,-0.,-107.5,0,107.5,70.,25.,0.;                       0006181P0003096
142,0,6181,0,6185,2;                                             0006183P0003097
102,4,6187,6189,6191,6193;                                       0006185P0003098
110,107.5,160.,25.,107.5,70.,25.;                                0006187P0003099
110,107.5,70.,25.,107.5,70.,90.;                                 0006189P0003100
110,107.5,70.,90.,107.5,160.,90.;                                0006191P0003101
110,107.5,160.,90.,107.5,160.,25.;                               0006193P0003102
144,6197,1,0,6199;                                               0006195P0003103
108,1.,0.,0.,169.,0,169.,70.,25.,0.;                             0006197P0003104
142,0,6197,0,6201,2;                                             0006199P0003105
102,4,6203,6205,6207,6209;                                       0006201P0003106
110,169.,70.,90.,169.,70.,25.;                                   0006203P0003107
110,169.,70.,25.,169.,160.,25.;                                  0006205P0003108
110,169.,160.,25.,169.,160.,90.;                                 0006207P0003109
110,169.,160.,90.,169.,70.,90.;                                  0006209P0003110
144,6213,1,0,6215;                                               0006211P0003111
108,-0.,-1.,-0.,-70.,0,107.5,70.,25.,0.;                         0006213P0003112
142,0,6213,0,6217,2;                                             0006215P0003113
102,4,6219,6221,6223,6225;                                       0006217P0003114
110,107.5,70.,90.,107.5,70.,25.;                                 0006219P0003115
110,107.5,70.,25.,169.,70.,25.;                                  0006221P0003116
110,169.,70.,25.,169.,70.,90.;                                   0006223P0003117
110,169.,70.,90.,107.5,70.,90.;                                  0006225P0003118
144,6229,1,0,6231;                                               0006227P0003119
108,0.,1.,0.,160.,0,107.5,160.,25.,0.;                           0006229P0003120
142,0,6229,0,6233,2;                                             0006231P0003121
102,4,6235,6237,6239,6241;                                       0006233P0003122
110,169.,160.,25.,107.5,160.,25.;                                0006235P0003123
110,107.5,160.,25.,107.5,160.,90.;                               0006237P0003124
110,107.5,160.,90.,169.,160.,90.;                                0006239P0003125
110,169.,160.,90.,169.,160.,25.;                                 0006241P0003126
144,6245,1,0,6247;                                               0006243P0003127
108,-0.,-0.,-1.,-25.,0,107.5,70.,25.,0.;                         0006245P0003128
142,0,6245,0,6249,2;                                             0006247P0003129
102,4,6251,6253,6255,6257;                                       0006249P0003130
110,169.,70.,25.,107.5,70.,25.;                                  0006251P0003131
110,107.5,70.,25.,107.5,160.,25.;                                0006253P0003132
110,107.5,160.,25.,169.,160.,25.;                                0006255P0003133
110,169.,160.,25.,169.,70.,25.;                                  0006257P0003134
144,6261,1,0,6263;                                               0006259P0003135
108,0.,0.,1.,90.,0,107.5,70.,90.,0.;                             0006261P0003136
142,0,6261,0,6265,2;                                             0006263P0003137
102,4,6267,6269,6271,6273;                                       0006265P0003138
110,107.5,160.,90.,107.5,70.,90.;                                0006267P0003139
110,107.5,70.,90.,169.,70.,90.;                                  0006269P0003140
110,169.,70.,90.,169.,160.,90.;                                  0006271P0003141
110,169.,160.,90.,107.5,160.,90.;                                0006273P0003142
402,6,6277,6293,6309,6325,6341,6357;                             0006275P0003143
144,6279,1,0,6281;                                               0006277P0003144
108,-1.,-0.,-0.,-170.,0,170.,70.,25.,0.;                         0006279P0003145
142,0,6279,0,6283,2;                                             0006281P0003146
102,4,6285,6287,6289,6291;                                       0006283P0003147
110,170.,160.,25.,170.,70.,25.;                                  0006285P0003148
110,170.,70.,25.,170.,70.,90.;                                   0006287P0003149
110,170.,70.,90.,170.,160.,90.;                                  0006289P0003150
110,170.,160.,90.,170.,160.,25.;                                 0006291P0003151
144,6295,1,0,6297;                                               0006293P0003152
108,1.,0.,0.,231.5,0,231.5,70.,25.,0.;                           0006295P0003153
142,0,6295,0,6299,2;                                             0006297P0003154
102,4,6301,6303,6305,6307;                                       0006299P0003155
110,231.5,70.,90.,231.5,70.,25.;                                 0006301P0003156
110,231.5,70.,25.,231.5,160.,25.;                                0006303P0003157
110,231.5,160.,25.,231.5,160.,90.;                               0006305P0003158
110,231.5,160.,90.,231.5,70.,90.;                                0006307P0003159
144,6311,1,0,6313;                                               0006309P0003160
108,-0.,-1.,-0.,-70.,0,170.,70.,25.,0.;                          0006311P0003161
142,0,6311,0,6315,2;                                             0006313P0003162
102,4,6317,6319,6321,6323;                                       0006315P0003163
110,170.,70.,90.,170.,70.,25.;                                   0006317P0003164
110,170.,70.,25.,231.5,70.,25.;                                  0006319P0003165
110,231.5,70.,25.,231.5,70.,90.;                                 0006321P0003166
110,231.5,70.,90.,170.,70.,90.;                                  0006323P0003167
144,6327,1,0,6329;                                               0006325P0003168
108,0.,1.,0.,160.,0,170.,160.,25.,0.;                            0006327P0003169
142,0,6327,0,6331,2;                                             0006329P0003170
102,4,6333,6335,6337,6339;                                       0006331P0003171
110,231.5,160.,25.,170.,160.,25.;                                0006333P0003172
110,170.,160.,25.,170.,160.,90.;                                 0006335P0003173
110,170.,160.,90.,231.5,160.,90.;                                0006337P0003174
110,231.5,160.,90.,231.5,160.,25.;                               0006339P0003175
144,6343,1,0,6345;                                               0006341P0003176
108,-0.,-0.,-1.,-25.,0,170.,70.,25.,0.;                          0006343P0003177
142,0,6343,0,6347,2;                                             0006345P0003178
102,4,6349,6351,6353,6355;                                       0006347P0003179
110,231.5,70.,25.,170.,70.,25.;                                  0006349P0003180
110,170.,70.,25.,170.,160.,25.;                                  0006351P0003181
110,170.,160.,25.,231.5,160.,25.;                                0006353P0003182
110,231.5,160.,25.,231.5,70.,25.;                                0006355P0003183
144,6359,1,0,6361;                                               0006357P0003184
108,0.,0.,1.,90.,0,170.,70.,90.,0.;                              0006359P0003185
142,0,6359,0,6363,2;                                             0006361P0003186
102,4,6365,6367,6369,6371;                                       0006363P0003187
110,170.,160.,90.,170.,70.,90.;                                  0006365P0003188
110,170.,70.,90.,231.5,70.,90.;                                  0006367P0003189
110,231.5,70.,90.,231.5,160.,90.;                                0006369P0003190
110,231.5,160.,90.,170.,160.,90.;                                0006371P0003191
402,6,6375,6391,6407,6423,6439,6455;                             0006373P0003192
144,6377,1,0,6379;                                               0006375P0003193
108,-1.,-0.,-0.,-232.5,0,232.5,70.,25.,0.;                       0006377P0003194
142,0,6377,0,6381,2;                                             0006379P0003195
102,4,6383,6385,6387,6389;                                       0006381P0003196
110,232.5,160.,25.,232.5,70.,25.;                                0006383P0003197
110,232.5,70.,25.,232.5,70.,90.;                                 0006385P0003198
110,232.5,70.,90.,232.5,160.,90.;                                0006387P0003199
110,232.5,160.,90.,232.5,160.,25.;                               0006389P0003200
144,6393,1,0,6395;                                               0006391P0003201
108,1.,0.,0.,294.,0,294.,70.,25.,0.;                             0006393P0003202
142,0,6393,0,6397,2;                                             0006395P0003203
102,4,6399,6401,6403,6405;                                       0006397P0003204
110,294.,70.,90.,294.,70.,25.;                                   0006399P0003205
110,294.,70.,25.,294.,160.,25.;                                  0006401P0003206
110,294.,160.,25.,294.,160.,90.;                                 0006403P0003207
110,294.,160.,90.,294.,70.,90.;                                  0006405P0003208
144,6409,1,0,6411;                                               0006407P0003209
108,-0.,-1.,-0.,-70.,0,232.5,70.,25.,0.;                         0006409P0003210
142,0,6409,0,6413,2;                                             0006411P0003211
102,4,6415,6417,6419,6421;                                       0006413P0003212
110,232.5,70.,90.,232.5,70.,25.;                                 0006415P0003213
110,232.5,70.,25.,294.,70.,25.;                                  0006417P0003214
110,294.,70.,25.,294.,70.,90.;                                   0006419P0003215
110,294.,70.,90.,232.5,70.,90.;                                  0006421P0003216
144,6425,1,0,6427;                                               0006423P0003217
108,0.,1.,0.,160.,0,232.5,160.,25.,0.;                           0006425P0003218
142,0,6425,0,6429,2;                                             0006427P0003219
102,4,6431,6433,6435,6437;                                       0006429P0003220
110,294.,160.,25.,232.5,160.,25.;                                0006431P0003221
110,232.5,160.,25.,232.5,160.,90.;                               0006433P0003222
110,232.5,160.,90.,294.,160.,90.;                                0006435P0003223
110,294.,160.,90.,294.,160.,25.;                                 0006437P0003224
144,6441,1,0,6443;                                               0006439P0003225
108,-0.,-0.,-1.,-25.,0,232.5,70.,25.,0.;                         0006441P0003226
142,0,6441,0,6445,2;                                             0006443P0003227
102,4,6447,6449,6451,6453;                                       0006445P0003228
110,294.,70.,25.,232.5,70.,25.;                                  0006447P0003229
110,232.5,70.,25.,232.5,160.,25.;                                0006449P0003230
110,232.5,160.,25.,294.,160.,25.;                                0006451P0003231
110,294.,160.,25.,294.,70.,25.;                                  0006453P0003232
144,6457,1,0,6459;                                               0006455P0003233
108,0.,0.,1.,90.,0,232.5,70.,90.,0.;                             0006457P0003234
142,0,6457,0,6461,2;                                             0006459P0003235
102,4,6463,6465,6467,6469;                                       0006461P0003236
110,232.5,160.,90.,232.5,70.,90.;                                0006463P0003237
110,232.5,70.,90.,294.,70.,90.;                                  0006465P0003238
110,294.,70.,90.,294.,160.,90.;                                  0006467P0003239
110,294.,160.,90.,232.5,160.,90.;                                0006469P0003240
402,6,6473,6489,6505,6521,6537,6553;                             0006471P0003241
144,6475,1,0,6477;                                               0006473P0003242
108,-1.,-0.,-0.,-320.,0,320.,70.,25.,0.;                         0006475P0003243
142,0,6475,0,6479,2;                                             0006477P0003244
102,4,6481,6483,6485,6487;                                       0006479P0003245
110,320.,160.,25.,320.,70.,25.;                                  0006481P0003246
110,320.,70.,25.,320.,70.,90.;                                   0006483P0003247
110,320.,70.,90.,320.,160.,90.;                                  0006485P0003248
110,320.,160.,90.,320.,160.,25.;                                 0006487P0003249
144,6491,1,0,6493;                                               0006489P0003250
108,1.,0.,0.,382.333333333,0,382.333333333,70.,25.,0.;           0006491P0003251
142,0,6491,0,6495,2;                                             0006493P0003252
102,4,6497,6499,6501,6503;                                       0006495P0003253
110,382.333333333,70.,90.,382.333333333,70.,25.;                 0006497P0003254
110,382.333333333,70.,25.,382.333333333,160.,25.;                0006499P0003255
110,382.333333333,160.,25.,382.333333333,160.,90.;               0006501P0003256
110,382.333333333,160.,90.,382.333333333,70.,90.;                0006503P0003257
144,6507,1,0,6509;                                               0006505P0003258
108,-0.,-1.,-0.,-70.,0,320.,70.,25.,0.;                          0006507P0003259
142,0,6507,0,6511,2;                                             0006509P0003260
102,4,6513,6515,6517,6519;                                       0006511P0003261
110,320.,70.,90.,320.,70.,25.;                                   0006513P0003262
110,320.,70.,25.,382.333333333,70.,25.;                          0006515P0003263
110,382.333333333,70.,25.,382.333333333,70.,90.;                 0006517P0003264
110,382.333333333,70.,90.,320.,70.,90.;                          0006519P0003265
144,6523,1,0,6525;                                               0006521P0003266
108,0.,1.,0.,160.,0,320.,160.,25.,0.;                            0006523P0003267
142,0,6523,0,6527,2;                                             0006525P0003268
102,4,6529,6531,6533,6535;                                       0006527P0003269
110,382.333333333,160.,25.,320.,160.,25.;                        0006529P0003270
110,320.,160.,25.,320.,160.,90.;                                 0006531P0003271
110,320.,160.,90.,382.333333333,160.,90.;                        0006533P0003272
110,382.333333333,160.,90.,382.333333333,160.,25.;               0006535P0003273
144,6539,1,0,6541;                                               0006537P0003274
108,-0.,-0.,-1.,-25.,0,320.,70.,25.,0.;                          0006539P0003275
142,0,6539,0,6543,2;                                             0006541P0003276
102,4,6545,6547,6549,6551;                                       0006543P0003277
110,382.333333333,70.,25.,320.,70.,25.;                          0006545P0003278
110,320.,70.,25.,320.,160.,25.;                                  0006547P0003279
110,320.,160.,25.,382.333333333,160.,25.;                        0006549P0003280
110,382.333333333,160.,25.,382.333333333,70.,25.;                0006551P0003281
144,6555,1,0,6557;                                               0006553P0003282
108,0.,0.,1.,90.,0,320.,70.,90.,0.;                              0006555P0003283
142,0,6555,0,6559,2;                                             0006557P0003284
102,4,6561,6563,6565,6567;                                       0006559P0003285
110,320.,160.,90.,320.,70.,90.;                                  0006561P0003286
110,320.,70.,90.,382.333333333,70.,90.;                          0006563P0003287
110,382.333333333,70.,90.,382.333333333,160.,90.;                0006565P0003288
110,382.333333333,160.,90.,320.,160.,90.;                        0006567P0003289
402,6,6571,6587,6603,6619,6635,6651;                             0006569P0003290
144,6573,1,0,6575;                                               0006571P0003291
108,-1.,-0.,-0.,-383.333333333,0,383.333333333,70.,25.,0.;       0006573P0003292
142,0,6573,0,6577,2;                                             0006575P0003293
102,4,6579,6581,6583,6585;                                       0006577P0003294
110,383.333333333,160.,25.,383.333333333,70.,25.;                0006579P0003295
110,383.333333333,70.,25.,383.333333333,70.,90.;                 0006581P0003296
110,383.333333333,70.,90.,383.333333333,160.,90.;                0006583P0003297
110,383.333333333,160.,90.,383.333333333,160.,25.;               0006585P0003298
144,6589,1,0,6591;                                               0006587P0003299
108,1.,0.,0.,445.666666667,0,445.666666667,70.,25.,0.;           0006589P0003300
142,0,6589,0,6593,2;                                             0006591P0003301
102,4,6595,6597,6599,6601;                                       0006593P0003302
110,445.666666667,70.,90.,445.666666667,70.,25.;                 0006595P0003303
110,445.666666667,70.,25.,445.666666667,160.,25.;                0006597P0003304
110,445.666666667,160.,25.,445.666666667,160.,90.;               0006599P0003305
110,445.666666667,160.,90.,445.666666667,70.,90.;                0006601P0003306
144,6605,1,0,6607;                                               0006603P0003307
108,-0.,-1.,-0.,-70.,0,383.333333333,70.,25.,0.;                 0006605P0003308
142,0,6605,0,6609,2;                                             0006607P0003309
102,4,6611,6613,6615,6617;                                       0006609P0003310
110,383.333333333,70.,90.,383.333333333,70.,25.;                 0006611P0003311
110,383.333333333,70.,25.,445.666666667,70.,25.;                 0006613P0003312
110,445.666666667,70.,25.,445.666666667,70.,90.;                 0006615P0003313
110,445.666666667,70.,90.,383.333333333,70.,90.;                 0006617P0003314
144,6621,1,0,6623;                                               0006619P0003315
108,0.,1.,0.,160.,0,383.333333333,160.,25.,0.;                   0006621P0003316
142,0,6621,0,6625,2;                                             0006623P0003317
102,4,6627,6629,6631,6633;                                       0006625P0003318
110,445.666666667,160.,25.,383.333333333,160.,25.;               0006627P0003319
110,383.333333333,160.,25.,383.333333333,160.,90.;               0006629P0003320
110,383.333333333,160.,90.,445.666666667,160.,90.;               0006631P0003321
110,445.666666667,160.,90.,445.666666667,160.,25.;               0006633P0003322
144,6637,1,0,6639;                                               0006635P0003323
108,-0.,-0.,-1.,-25.,0,383.333333333,70.,25.,0.;                 0006637P0003324
142,0,6637,0,6641,2;                                             0006639P0003325
102,4,6643,6645,6647,6649;                                       0006641P0003326
110,445.666666667,70.,25.,383.333333333,70.,25.;                 0006643P0003327
110,383.333333333,70.,25.,383.333333333,160.,25.;                0006645P0003328
110,383.333333333,160.,25.,445.666666667,160.,25.;               0006647P0003329
110,445.666666667,160.,25.,445.666666667,70.,25.;                0006649P0003330
144,6653,1,0,6655;                                               0006651P0003331
108,0.,0.,1.,90.,0,383.333333333,70.,90.,0.;                     0006653P0003332
142,0,6653,0,6657,2;                                             0006655P0003333
102,4,6659,6661,6663,6665;                                       0006657P0003334
110,383.333333333,160.,90.,383.333333333,70.,90.;                0006659P0003335
110,383.333333333,70.,90.,445.666666667,70.,90.;                 0006661P0003336
110,445.666666667,70.,90.,445.666666667,160.,90.;                0006663P0003337
110,445.666666667,160.,90.,383.333333333,160.,90.;               0006665P0003338
402,6,6669,6685,6701,6717,6733,6749;                             0006667P0003339
144,6671,1,0,6673;                                               0006669P0003340
108,-1.,-0.,-0.,-446.666666667,0,446.666666667,70.,25.,0.;       0006671P0003341
142,0,6671,0,6675,2;                                             0006673P0003342
102,4,6677,6679,6681,6683;                                       0006675P0003343
110,446.666666667,160.,25.,446.666666667,70.,25.;                0006677P0003344
110,446.666666667,70.,25.,446.666666667,70.,90.;                 0006679P0003345
110,446.666666667,70.,90.,446.666666667,160.,90.;                0006681P0003346
110,446.666666667,160.,90.,446.666666667,160.,25.;               0006683P0003347
144,6687,1,0,6689;                                               0006685P0003348
108,1.,0.,0.,509.,0,509.,70.,25.,0.;                             0006687P0003349
142,0,6687,0,6691,2;                                             0006689P0003350
102,4,6693,6695,6697,6699;                                       0006691P0003351
110,509.,70.,90.,509.,70.,25.;                                   0006693P0003352
110,509.,70.,25.,509.,160.,25.;                                  0006695P0003353
110,509.,160.,25.,509.,160.,90.;                                 0006697P0003354
110,509.,160.,90.,509.,70.,90.;                                  0006699P0003355
144,6703,1,0,6705;                                               0006701P0003356
108,-0.,-1.,-0.,-70.,0,446.666666667,70.,25.,0.;                 0006703P0003357
142,0,6703,0,6707,2;                                             0006705P0003358
102,4,6709,6711,6713,6715;                                       0006707P0003359
110,446.666666667,70.,90.,446.666666667,70.,25.;                 0006709P0003360
110,446.666666667,70.,25.,509.,70.,25.;                          0006711P0003361
110,509.,70.,25.,509.,70.,90.;                                   0006713P0003362
110,509.,70.,90.,446.666666667,70.,90.;                          0006715P0003363
144,6719,1,0,6721;                                               0006717P0003364
108,0.,1.,0.,160.,0,446.666666667,160.,25.,0.;                   0006719P0003365
142,0,6719,0,6723,2;                                             0006721P0003366
102,4,6725,6727,6729,6731;                                       0006723P0003367
110,509.,160.,25.,446.666666667,160.,25.;                        0006725P0003368
110,446.666666667,160.,25.,446.666666667,160.,90.;               0006727P0003369
110,446.666666667,160.,90.,509.,160.,90.;                        0006729P0003370
110,509.,160.,90.,509.,160.,25.;                                 0006731P0003371
144,6735,1,0,6737;                                               0006733P0003372
108,-0.,-0.,-1.,-25.,0,446.666666667,70.,25.,0.;                 0006735P0003373
142,0,6735,0,6739,2;                                             0006737P0003374
102,4,6741,6743,6745,6747;                                       0006739P0003375
110,509.,70.,25.,446.666666667,70.,25.;                          0006741P0003376
110,446.666666667,70.,25.,446.666666667,160.,25.;                0006743P0003377
110,446.666666667,160.,25.,509.,160.,25.;                        0006745P0003378
110,509.,160.,25.,509.,70.,25.;                                  0006747P0003379
144,6751,1,0,6753;                                               0006749P0003380
108,0.,0.,1.,90.,0,446.666666667,70.,90.,0.;                     0006751P0003381
142,0,6751,0,6755,2;                                             0006753P0003382
102,4,6757,6759,6761,6763;                                       0006755P0003383
110,446.666666667,160.,90.,446.666666667,70.,90.;                0006757P0003384
110,446.666666667,70.,90.,509.,70.,90.;                          0006759P0003385
110,509.,70.,90.,509.,160.,90.;                                  0006761P0003386
110,509.,160.,90.,446.666666667,160.,90.;                        0006763P0003387
402,6,6767,6783,6799,6815,6831,6847;                             0006765P0003388
144,6769,1,0,6771;                                               0006767P0003389
108,-1.,-0.,-0.,-535.,0,535.,70.,25.,0.;                         0006769P0003390
142,0,6769,0,6773,2;                                             0006771P0003391
102,4,6775,6777,6779,6781;                                       0006773P0003392
110,535.,160.,25.,535.,70.,25.;                                  0006775P0003393
110,535.,70.,25.,535.,70.,90.;                                   0006777P0003394
110,535.,70.,90.,535.,160.,90.;                                  0006779P0003395
110,535.,160.,90.,535.,160.,25.;                                 0006781P0003396
144,6785,1,0,6787;                                               0006783P0003397
108,1.,0.,0.,580.25,0,580.25,70.,25.,0.;                         0006785P0003398
142,0,6785,0,6789,2;                                             0006787P0003399
102,4,6791,6793,6795,6797;                                       0006789P0003400
110,580.25,70.,90.,580.25,70.,25.;                               0006791P0003401
110,580.25,70.,25.,580.25,160.,25.;                              0006793P0003402
110,580.25,160.,25.,580.25,160.,90.;                             0006795P0003403
110,580.25,160.,90.,580.25,70.,90.;                              0006797P0003404
144,6801,1,0,6803;                                               0006799P0003405
108,-0.,-1.,-0.,-70.,0,535.,70.,25.,0.;                          0006801P0003406
142,0,6801,0,6805,2;                                             0006803P0003407
102,4,6807,6809,6811,6813;                                       0006805P0003408
110,535.,70.,90.,535.,70.,25.;                                   0006807P0003409
110,535.,70.,25.,580.25,70.,25.;                                 0006809P0003410
110,580.25,70.,25.,580.25,70.,90.;                               0006811P0003411
110,580.25,70.,90.,535.,70.,90.;                                 0006813P0003412
144,6817,1,0,6819;                                               0006815P0003413
108,0.,1.,0.,160.,0,535.,160.,25.,0.;                            0006817P0003414
142,0,6817,0,6821,2;                                             0006819P0003415
102,4,6823,6825,6827,6829;                                       0006821P0003416
110,580.25,160.,25.,535.,160.,25.;                               0006823P0003417
110,535.,160.,25.,535.,160.,90.;                                 0006825P0003418
110,535.,160.,90.,580.25,160.,90.;                               0006827P0003419
110,580.25,160.,90.,580.25,160.,25.;                             0006829P0003420
144,6833,1,0,6835;                                               0006831P0003421
108,-0.,-0.,-1.,-25.,0,535.,70.,25.,0.;                          0006833P0003422
142,0,6833,0,6837,2;                                             0006835P0003423
102,4,6839,6841,6843,6845;                                       0006837P0003424
110,580.25,70.,25.,535.,70.,25.;                                 0006839P0003425
110,535.,70.,25.,535.,160.,25.;                                  0006841P0003426
110,535.,160.,25.,580.25,160.,25.;                               0006843P0003427
110,580.25,160.,25.,580.25,70.,25.;                              0006845P0003428
144,6849,1,0,6851;                                               0006847P0003429
108,0.,0.,1.,90.,0,535.,70.,90.,0.;                              0006849P0003430
142,0,6849,0,6853,2;                                             0006851P0003431
102,4,6855,6857,6859,6861;                                       0006853P0003432
110,535.,160.,90.,535.,70.,90.;                                  0006855P0003433
110,535.,70.,90.,580.25,70.,90.;                                 0006857P0003434
110,580.25,70.,90.,580.25,160.,90.;                              0006859P0003435
110,580.25,160.,90.,535.,160.,90.;                               0006861P0003436
402,6,6865,6881,6897,6913,6929,6945;                             0006863P0003437
144,6867,1,0,6869;                                               0006865P0003438
108,-1.,-0.,-0.,-581.25,0,581.25,70.,25.,0.;                     0006867P0003439
142,0,6867,0,6871,2;                                             0006869P0003440
102,4,6873,6875,6877,6879;                                       0006871P0003441
110,581.25,160.,25.,581.25,70.,25.;                              0006873P0003442
110,581.25,70.,25.,581.25,70.,90.;                               0006875P0003443
110,581.25,70.,90.,581.25,160.,90.;                              0006877P0003444
110,581.25,160.,90.,581.25,160.,25.;                             0006879P0003445
144,6883,1,0,6885;                                               0006881P0003446
108,1.,0.,0.,626.5,0,626.5,70.,25.,0.;                           0006883P0003447
142,0,6883,0,6887,2;                                             0006885P0003448
102,4,6889,6891,6893,6895;                                       0006887P0003449
110,626.5,70.,90.,626.5,70.,25.;                                 0006889P0003450
110,626.5,70.,25.,626.5,160.,25.;                                0006891P0003451
110,626.5,160.,25.,626.5,160.,90.;                               0006893P0003452
110,626.5,160.,90.,626.5,70.,90.;                                0006895P0003453
144,6899,1,0,6901;                                               0006897P0003454
108,-0.,-1.,-0.,-70.,0,581.25,70.,25.,0.;                        0006899P0003455
142,0,6899,0,6903,2;                                             0006901P0003456
102,4,6905,6907,6909,6911;                                       0006903P0003457
110,581.25,70.,90.,581.25,70.,25.;                               0006905P0003458
110,581.25,70.,25.,626.5,70.,25.;                                0006907P0003459
110,626.5,70.,25.,626.5,70.,90.;                                 0006909P0003460
110,626.5,70.,90.,581.25,70.,90.;                                0006911P0003461
144,6915,1,0,6917;                                               0006913P0003462
108,0.,1.,0.,160.,0,581.25,160.,25.,0.;                          0006915P0003463
142,0,6915,0,6919,2;                                             0006917P0003464
102,4,6921,6923,6925,6927;                                       0006919P0003465
110,626.5,160.,25.,581.25,160.,25.;                              0006921P0003466
110,581.25,160.,25.,581.25,160.,90.;                             0006923P0003467
110,581.25,160.,90.,626.5,160.,90.;                              0006925P0003468
110,626.5,160.,90.,626.5,160.,25.;                               0006927P0003469
144,6931,1,0,6933;                                               0006929P0003470
108,-0.,-0.,-1.,-25.,0,581.25,70.,25.,0.;                        0006931P0003471
142,0,6931,0,6935,2;                                             0006933P0003472
102,4,6937,6939,6941,6943;                                       0006935P0003473
110,626.5,70.,25.,581.25,70.,25.;                                0006937P0003474
110,581.25,70.,25.,581.25,160.,25.;                              0006939P0003475
110,581.25,160.,25.,626.5,160.,25.;                              0006941P0003476
110,626.5,160.,25.,626.5,70.,25.;                                0006943P0003477
144,6947,1,0,6949;                                               0006945P0003478
108,0.,0.,1.,90.,0,581.25,70.,90.,0.;                            0006947P0003479
142,0,6947,0,6951,2;                                             0006949P0003480
102,4,6953,6955,6957,6959;                                       0006951P0003481
110,581.25,160.,90.,581.25,70.,90.;                              0006953P0003482
110,581.25,70.,90.,626.5,70.,90.;                                0006955P0003483
110,626.5,70.,90.,626.5,160.,90.;                                0006957P0003484
110,626.5,160.,90.,581.25,160.,90.;                              0006959P0003485
402,6,6963,6979,6995,7011,7027,7043;                             0006961P0003486
144,6965,1,0,6967;                                               0006963P0003487
108,-1.,-0.,-0.,-627.5,0,627.5,70.,25.,0.;                       0006965P0003488
142,0,6965,0,6969,2;                                             0006967P0003489
102,4,6971,6973,6975,6977;                                       0006969P0003490
110,627.5,160.,25.,627.5,70.,25.;                                0006971P0003491
110,627.5,70.,25.,627.5,70.,90.;                                 0006973P0003492
110,627.5,70.,90.,627.5,160.,90.;                                0006975P0003493
110,627.5,160.,90.,627.5,160.,25.;                               0006977P0003494
144,6981,1,0,6983;                                               0006979P0003495
108,1.,0.,0.,672.75,0,672.75,70.,25.,0.;                         0006981P0003496
142,0,6981,0,6985,2;                                             0006983P0003497
102,4,6987,6989,6991,6993;                                       0006985P0003498
110,672.75,70.,90.,672.75,70.,25.;                               0006987P0003499
110,672.75,70.,25.,672.75,160.,25.;                              0006989P0003500
110,672.75,160.,25.,672.75,160.,90.;                             0006991P0003501
110,672.75,160.,90.,672.75,70.,90.;                              0006993P0003502
144,6997,1,0,6999;                                               0006995P0003503
108,-0.,-1.,-0.,-70.,0,627.5,70.,25.,0.;                         0006997P0003504
142,0,6997,0,7001,2;                                             0006999P0003505
102,4,7003,7005,7007,7009;                                       0007001P0003506
110,627.5,70.,90.,627.5,70.,25.;                                 0007003P0003507
110,627.5,70.,25.,672.75,70.,25.;                                0007005P0003508
110,672.75,70.,25.,672.75,70.,90.;                               0007007P0003509
110,672.75,70.,90.,627.5,70.,90.;                                0007009P0003510
144,7013,1,0,7015;                                               0007011P0003511
108,0.,1.,0.,160.,0,627.5,160.,25.,0.;                           0007013P0003512
142,0,7013,0,7017,2;                                             0007015P0003513
102,4,7019,7021,7023,7025;                                       0007017P0003514
110,672.75,160.,25.,627.5,160.,25.;                              0007019P0003515
110,627.5,160.,25.,627.5,160.,90.;                               0007021P0003516
110,627.5,160.,90.,672.75,160.,90.;                              0007023P0003517
110,672.75,160.,90.,672.75,160.,25.;                             0007025P0003518
144,7029,1,0,7031;                                               0007027P0003519
108,-0.,-0.,-1.,-25.,0,627.5,70.,25.,0.;                         0007029P0003520
142,0,7029,0,7033,2;                                             0007031P0003521
102,4,7035,7037,7039,7041;                                       0007033P0003522
110,672.75,70.,25.,627.5,70.,25.;                                0007035P0003523
110,627.5,70.,25.,627.5,160.,25.;                                0007037P0003524
110,627.5,160.,25.,672.75,160.,25.;                              0007039P0003525
110,672.75,160.,25.,672.75,70.,25.;                              0007041P0003526
144,7045,1,0,7047;                                               0007043P0003527
108,0.,0.,1.,90.,0,627.5,70.,90.,0.;                             0007045P0003528
142,0,7045,0,7049,2;                                             0007047P0003529
102,4,7051,7053,7055,7057;                                       0007049P0003530
110,627.5,160.,90.,627.5,70.,90.;                                0007051P0003531
110,627.5,70.,90.,672.75,70.,90.;                                0007053P0003532
110,672.75,70.,90.,672.75,160.,90.;                              0007055P0003533
110,672.75,160.,90.,627.5,160.,90.;                              0007057P0003534
402,6,7061,7077,7093,7109,7125,7141;                             0007059P0003535
144,7063,1,0,7065;                                               0007061P0003536
108,-1.,-0.,-0.,-673.75,0,673.75,70.,25.,0.;                     0007063P0003537
142,0,7063,0,7067,2;                                             0007065P0003538
102,4,7069,7071,7073,7075;                                       0007067P0003539
110,673.75,160.,25.,673.75,70.,25.;                              0007069P0003540
110,673.75,70.,25.,673.75,70.,90.;                               0007071P0003541
110,673.75,70.,90.,673.75,160.,90.;                              0007073P0003542
110,673.75,160.,90.,673.75,160.,25.;                             0007075P0003543
144,7079,1,0,7081;                                               0007077P0003544
108,1.,0.,0.,719.,0,719.,70.,25.,0.;                             0007079P0003545
142,0,7079,0,7083,2;                                             0007081P0003546
102,4,7085,7087,7089,7091;                                       0007083P0003547
110,719.,70.,90.,719.,70.,25.;                                   0007085P0003548
110,719.,70.,25.,719.,160.,25.;                                  0007087P0003549
110,719.,160.,25.,719.,160.,90.;                                 0007089P0003550
110,719.,160.,90.,719.,70.,90.;                                  0007091P0003551
144,7095,1,0,7097;                                               0007093P0003552
108,-0.,-1.,-0.,-70.,0,673.75,70.,25.,0.;                        0007095P0003553
142,0,7095,0,7099,2;                                             0007097P0003554
102,4,7101,7103,7105,7107;                                       0007099P0003555
110,673.75,70.,90.,673.75,70.,25.;                               0007101P0003556
110,673.75,70.,25.,719.,70.,25.;                                 0007103P0003557
110,719.,70.,25.,719.,70.,90.;                                   0007105P0003558
110,719.,70.,90.,673.75,70.,90.;                                 0007107P0003559
144,7111,1,0,7113;                                               0007109P0003560
108,0.,1.,0.,160.,0,673.75,160.,25.,0.;                          0007111P0003561
142,0,7111,0,7115,2;                                             0007113P0003562
102,4,7117,7119,7121,7123;                                       0007115P0003563
110,719.,160.,25.,673.75,160.,25.;                               0007117P0003564
110,673.75,160.,25.,673.75,160.,90.;                             0007119P0003565
110,673.75,160.,90.,719.,160.,90.;                               0007121P0003566
110,719.,160.,90.,719.,160.,25.;                                 0007123P0003567
144,7127,1,0,7129;                                               0007125P0003568
108,-0.,-0.,-1.,-25.,0,673.75,70.,25.,0.;                        0007127P0003569
142,0,7127,0,7131,2;                                             0007129P0003570
102,4,7133,7135,7137,7139;                                       0007131P0003571
110,719.,70.,25.,673.75,70.,25.;                                 0007133P0003572
110,673.75,70.,25.,673.75,160.,25.;                              0007135P0003573
110,673.75,160.,25.,719.,160.,25.;                               0007137P0003574
110,719.,160.,25.,719.,70.,25.;                                  0007139P0003575
144,7143,1,0,7145;                                               0007141P0003576
108,0.,0.,1.,90.,0,673.75,70.,90.,0.;                            0007143P0003577
142,0,7143,0,7147,2;                                             0007145P0003578
102,4,7149,7151,7153,7155;                                       0007147P0003579
110,673.75,160.,90.,673.75,70.,90.;                              0007149P0003580
110,673.75,70.,90.,719.,70.,90.;                                 0007151P0003581
110,719.,70.,90.,719.,160.,90.;                                  0007153P0003582
110,719.,160.,90.,673.75,160.,90.;                               0007155P0003583
S      1G      4D   7156P   3583                                        T0000001
